amount,weight,avg_price,yyyy,mm,dd,origin_부산(기장),origin_삼천포,origin_안흥,origin_제주도,origin_포항,standard_18미,standard_20미,standard_28미,standard_중
1,3,10.0,40000,2017,1,2,1,0,0,0,0,0,1,0,0
2,652,15.0,31800,2017,1,2,1,0,0,0,0,0,1,0,0
3,70,20.0,45000,2017,1,2,1,0,0,0,0,0,1,0,0
7,71,15.0,10000,2017,1,2,1,0,0,0,0,0,0,1,0
8,80,20.0,14000,2017,1,2,1,0,0,0,0,0,0,1,0
12,3,10.0,45000,2017,1,2,1,0,0,0,0,0,0,0,1
15,6,13.0,20800,2017,1,2,0,0,0,1,0,0,0,0,1
20,288,15.0,37800,2017,1,3,1,0,0,0,0,0,1,0,0
23,431,15.0,14500,2017,1,3,1,0,0,0,0,0,0,1,0
25,1,15.0,5000,2017,1,3,1,0,0,0,0,0,0,0,1
26,14,13.0,20100,2017,1,3,0,0,0,1,0,0,0,0,1
31,432,15.0,37900,2017,1,4,1,0,0,0,0,0,1,0,0
35,140,15.0,13000,2017,1,4,1,0,0,0,0,0,0,0,1
39,693,15.0,35900,2017,1,5,1,0,0,0,0,0,1,0,0
51,438,15.0,33500,2017,1,6,1,0,0,0,0,0,1,0,0
58,2,13.0,8500,2017,1,6,0,0,0,1,0,0,0,0,1
63,28,10.0,40000,2017,1,7,1,0,0,0,0,0,1,0,0
64,276,15.0,35100,2017,1,7,1,0,0,0,0,0,1,0,0
66,159,15.0,12600,2017,1,7,1,0,0,0,0,0,0,1,0
84,26,15.0,60000,2017,1,11,1,0,0,0,0,0,1,0,0
87,66,15.0,27000,2017,1,11,1,0,0,0,0,0,0,1,0
90,377,15.0,53900,2017,1,12,1,0,0,0,0,0,1,0,0
92,250,15.0,29000,2017,1,12,1,0,0,0,0,0,0,1,0
99,74,15.0,86200,2017,1,13,1,0,0,0,0,0,1,0,0
101,1,10.0,10000,2017,1,13,1,0,0,0,0,0,0,0,1
110,80,15.0,35000,2017,1,14,1,0,0,0,0,0,0,1,0
112,27,13.0,75000,2017,1,14,0,0,0,1,0,0,1,0,0
116,32,15.0,80000,2017,1,16,1,0,0,0,0,0,1,0,0
120,270,15.0,30000,2017,1,16,1,0,0,0,0,0,0,1,0
125,4,13.0,22000,2017,1,16,0,0,0,1,0,0,1,0,0
146,4,13.0,26000,2017,1,17,0,0,0,1,0,0,1,0,0
148,79,15.0,55000,2017,1,18,1,0,0,0,0,0,1,0,0
150,130,15.0,40000,2017,1,18,1,0,0,0,0,0,0,1,0
154,19,15.0,50000,2017,1,18,1,0,0,0,0,0,0,0,1
157,3,13.0,30000,2017,1,18,0,0,0,1,0,0,0,0,1
164,20,15.0,80000,2017,1,19,1,0,0,0,0,1,0,0,0
165,164,15.0,56000,2017,1,19,1,0,0,0,0,0,1,0,0
168,190,15.0,19500,2017,1,19,1,0,0,0,0,0,0,1,0
178,50,15.0,70000,2017,1,20,1,0,0,0,0,1,0,0,0
179,196,15.0,54300,2017,1,20,1,0,0,0,0,0,1,0,0
183,28,15.0,22000,2017,1,20,1,0,0,0,0,0,0,1,0
188,312,15.0,12000,2017,1,20,1,0,0,0,0,0,0,0,1
189,50,13.0,30000,2017,1,20,0,0,0,1,0,0,0,0,1
194,93,15.0,51000,2017,1,21,1,0,0,0,0,0,1,0,0
199,12,15.0,5000,2017,1,21,1,0,0,0,0,0,0,0,1
200,1,13.0,3000,2017,1,21,0,0,0,1,0,0,0,0,1
201,38,15.0,65000,2017,1,23,1,0,0,0,0,1,0,0,0
202,226,15.0,55000,2017,1,23,1,0,0,0,0,0,1,0,0
203,464,15.0,26100,2017,1,23,1,0,0,0,0,0,0,1,0
211,27,15.0,70000,2017,1,24,1,0,0,0,0,1,0,0,0
212,3,15.0,70000,2017,1,24,1,0,0,0,0,0,1,0,0
220,47,15.0,75000,2017,1,25,1,0,0,0,0,0,1,0,0
223,30,15.0,70000,2017,1,26,1,0,0,0,0,0,1,0,0
226,2,13.0,30000,2017,1,26,0,0,0,1,0,0,0,0,1
269,250,15.0,51600,2017,2,6,1,0,0,0,0,1,0,0,0
271,781,15.0,40900,2017,2,6,1,0,0,0,0,0,1,0,0
274,478,15.0,20700,2017,2,6,1,0,0,0,0,0,0,1,0
284,5,15.0,10000,2017,2,6,1,0,0,0,0,0,0,0,1
296,262,15.0,50300,2017,2,7,1,0,0,0,0,0,1,0,0
304,439,15.0,48200,2017,2,8,1,0,0,0,0,0,1,0,0
306,186,15.0,25000,2017,2,8,1,0,0,0,0,0,0,1,0
314,180,15.0,47000,2017,2,9,1,0,0,0,0,0,1,0,0
317,128,15.0,35000,2017,2,9,1,0,0,0,0,0,0,1,0
323,12,15.0,75000,2017,2,10,1,0,0,0,0,1,0,0,0
324,41,15.0,70000,2017,2,10,1,0,0,0,0,0,1,0,0
372,17,15.0,80000,2017,2,18,1,0,0,0,0,1,0,0,0
373,158,15.0,70000,2017,2,18,1,0,0,0,0,0,1,0,0
375,41,15.0,80000,2017,2,20,1,0,0,0,0,1,0,0,0
376,115,15.0,70000,2017,2,20,1,0,0,0,0,0,1,0,0
379,36,15.0,25000,2017,2,20,0,0,0,0,1,0,0,0,1
399,158,15.0,60400,2017,2,21,1,0,0,0,0,1,0,0,0
409,101,15.0,57000,2017,2,22,1,0,0,0,0,0,1,0,0
418,2,15.0,60000,2017,2,23,1,0,0,0,0,0,1,0,0
430,80,15.0,61600,2017,2,24,1,0,0,0,0,1,0,0,0
431,148,15.0,50600,2017,2,24,1,0,0,0,0,0,1,0,0
433,156,15.0,21400,2017,2,24,1,0,0,0,0,0,0,1,0
439,10,13.0,60000,2017,2,24,0,0,0,1,0,1,0,0,0
451,128,15.0,40000,2017,2,27,1,0,0,0,0,0,0,1,0
461,152,15.0,60900,2017,2,28,1,0,0,0,0,1,0,0,0
463,133,15.0,50000,2017,2,28,1,0,0,0,0,0,0,1,0
472,88,15.0,64700,2017,3,1,1,0,0,0,0,1,0,0,0
473,48,15.0,65000,2017,3,1,1,0,0,0,0,0,1,0,0
474,68,15.0,70000,2017,3,2,1,0,0,0,0,1,0,0,0
475,265,15.0,60700,2017,3,2,1,0,0,0,0,0,1,0,0
486,118,15.0,40500,2017,3,3,1,0,0,0,0,1,0,0,0
487,834,15.0,41700,2017,3,3,1,0,0,0,0,0,1,0,0
493,237,15.0,37300,2017,3,4,1,0,0,0,0,0,1,0,0
503,757,15.0,30700,2017,3,6,1,0,0,0,0,0,1,0,0
515,172,15.0,32000,2017,3,7,1,0,0,0,0,0,1,0,0
518,69,15.0,25000,2017,3,7,1,0,0,0,0,0,0,1,0
526,40,15.0,35000,2017,3,8,1,0,0,0,0,1,0,0,0
527,378,15.0,28400,2017,3,8,1,0,0,0,0,0,1,0,0
535,36,15.0,55000,2017,3,9,1,0,0,0,0,0,1,0,0
561,49,15.0,65000,2017,3,11,1,0,0,0,0,0,1,0,0
563,126,15.0,10000,2017,3,11,0,0,0,0,1,0,0,0,1
607,14,15.0,70000,2017,3,15,0,1,0,0,0,1,0,0,0
626,9,15.0,80000,2017,3,17,1,0,0,0,0,1,0,0,0
627,56,15.0,70000,2017,3,17,1,0,0,0,0,0,1,0,0
630,1,15.0,35000,2017,3,17,1,0,0,0,0,0,0,0,1
639,30,15.0,60000,2017,3,18,1,0,0,0,0,1,0,0,0
640,341,15.0,53200,2017,3,18,1,0,0,0,0,0,1,0,0
657,290,15.0,56500,2017,3,20,1,0,0,0,0,0,1,0,0
659,230,15.0,35000,2017,3,20,1,0,0,0,0,0,0,1,0
663,3,13.0,33000,2017,3,20,0,0,0,1,0,0,1,0,0
665,14,15.0,20000,2017,3,20,0,0,0,0,1,0,0,0,1
670,319,15.0,52300,2017,3,21,1,0,0,0,0,1,0,0,0
671,217,15.0,43200,2017,3,21,1,0,0,0,0,0,1,0,0
674,299,15.0,24100,2017,3,21,1,0,0,0,0,0,0,1,0
688,50,15.0,40000,2017,3,22,1,0,0,0,0,1,0,0,0
689,32,15.0,50000,2017,3,22,1,0,0,0,0,0,1,0,0
711,38,15.0,70000,2017,3,25,1,0,0,0,0,0,1,0,0
715,18,15.0,25000,2017,3,25,0,0,0,0,1,0,0,0,1
726,37,15.0,65000,2017,3,27,1,0,0,0,0,1,0,0,0
727,73,15.0,68800,2017,3,27,1,0,0,0,0,0,1,0,0
729,54,15.0,17000,2017,3,27,0,0,0,0,1,0,0,0,1
747,9,15.0,80000,2017,3,28,1,0,0,0,0,1,0,0,0
748,69,15.0,73200,2017,3,28,1,0,0,0,0,0,1,0,0
789,19,15.0,100000,2017,4,1,1,0,0,0,0,1,0,0,0
790,2,15.0,100000,2017,4,1,1,0,0,0,0,0,1,0,0
798,7,15.0,90000,2017,4,3,1,0,0,0,0,1,0,0,0
799,60,15.0,80000,2017,4,3,1,0,0,0,0,0,1,0,0
832,33,15.0,100000,2017,4,5,1,0,0,0,0,0,1,0,0
846,75,15.0,90000,2017,4,6,1,0,0,0,0,1,0,0,0
847,96,15.0,80000,2017,4,6,1,0,0,0,0,0,1,0,0
860,73,15.0,80000,2017,4,7,1,0,0,0,0,1,0,0,0
861,53,15.0,80000,2017,4,7,1,0,0,0,0,0,1,0,0
866,8,13.0,36000,2017,4,7,0,0,0,1,0,1,0,0,0
892,1,13.0,25000,2017,4,11,0,0,0,1,0,0,0,0,1
925,14,15.0,20000,2017,4,14,0,0,0,0,1,0,0,0,1
947,28,13.0,52000,2017,4,18,0,0,0,1,0,0,1,0,0
950,32,13.0,34800,2017,4,18,0,0,0,1,0,0,0,0,1
951,20,15.0,18000,2017,4,18,0,0,0,0,1,0,1,0,0
974,6,13.0,90000,2017,4,20,0,0,0,1,0,1,0,0,0
975,3,13.0,30000,2017,4,20,0,0,0,1,0,0,1,0,0
987,29,13.0,34100,2017,4,21,0,0,0,1,0,0,0,0,1
997,5,13.0,30000,2017,4,22,0,0,0,1,0,0,1,0,0
999,18,13.0,60000,2017,4,22,0,0,0,1,0,0,0,0,1
1004,23,10.0,30700,2017,4,24,0,0,0,1,0,0,1,0,0
1035,70,13.0,26700,2017,4,27,0,0,0,1,0,0,1,0,0
1048,1,13.0,20000,2017,4,28,0,0,0,1,0,0,0,0,1
1059,3,13.0,60000,2017,5,1,0,0,0,1,0,0,1,0,0
1071,13,13.0,100000,2017,5,3,0,0,0,1,0,1,0,0,0
1083,47,13.0,69400,2017,5,5,0,0,0,1,0,0,1,0,0
1084,15,13.0,53300,2017,5,5,0,0,0,1,0,0,0,0,1
1085,43,13.0,80000,2017,5,6,0,0,0,1,0,0,1,0,0
1089,1,5.0,30000,2017,5,6,0,0,0,1,0,0,0,0,1
1090,1,10.0,50000,2017,5,6,0,0,0,1,0,0,0,0,1
1091,2,13.0,50000,2017,5,6,0,0,0,1,0,0,0,0,1
1095,1,13.0,42000,2017,5,8,0,0,0,1,0,1,0,0,0
1115,88,15.0,14900,2017,5,9,0,0,0,0,1,0,0,0,1
1118,9,15.0,15000,2017,5,10,0,0,0,0,1,0,0,0,1
1128,23,13.0,15000,2017,5,11,0,0,0,0,1,0,0,0,1
1143,36,15.0,35000,2017,5,12,0,0,0,1,0,0,0,1,0
1145,33,13.0,15000,2017,5,12,0,0,0,0,1,0,0,0,1
1150,25,15.0,65000,2017,5,13,0,0,0,1,0,1,0,0,0
1151,20,15.0,25000,2017,5,13,0,0,0,1,0,0,0,1,0
1152,41,15.0,13000,2017,5,13,0,0,0,0,1,0,0,0,1
1154,60,15.0,60000,2017,5,15,0,0,0,1,0,1,0,0,0
1155,45,15.0,45000,2017,5,15,0,0,0,1,0,0,1,0,0
1156,77,15.0,25000,2017,5,15,0,0,0,1,0,0,0,1,0
1158,83,15.0,17000,2017,5,15,0,0,0,0,1,1,0,0,0
1167,20,15.0,60000,2017,5,16,0,0,0,1,0,1,0,0,0
1168,100,15.0,25000,2017,5,16,0,0,0,1,0,0,0,1,0
1171,197,15.0,13000,2017,5,16,0,0,0,0,1,0,0,0,1
1181,100,15.0,50000,2017,5,17,0,0,0,1,0,1,0,0,0
1183,105,15.0,25000,2017,5,17,0,0,0,1,0,0,0,1,0
1187,7,15.0,15000,2017,5,17,0,0,0,0,1,1,0,0,0
1188,20,15.0,15000,2017,5,17,0,0,0,0,1,0,0,0,1
1195,70,15.0,45000,2017,5,18,0,0,0,1,0,1,0,0,0
1196,160,15.0,35000,2017,5,18,0,0,0,1,0,0,1,0,0
1199,68,15.0,25000,2017,5,18,0,0,0,1,0,0,0,1,0
1201,1,15.0,27000,2017,5,18,0,0,0,1,0,0,0,0,1
1202,1,15.0,10000,2017,5,18,0,0,0,0,1,0,0,0,1
1208,26,15.0,60000,2017,5,22,0,0,0,1,0,1,0,0,0
1211,55,15.0,30000,2017,5,22,0,0,0,1,0,0,0,1,0
1213,9,15.0,88900,2017,5,22,0,0,0,1,0,0,0,0,1
1214,51,15.0,15000,2017,5,22,0,0,0,0,1,0,0,0,1
1226,15,15.0,70000,2017,5,23,0,0,0,1,0,0,1,0,0
1227,75,15.0,40000,2017,5,23,0,0,0,1,0,0,0,1,0
1230,6,15.0,25000,2017,5,23,0,0,0,0,1,0,0,0,1
1237,74,15.0,30000,2017,5,24,0,0,0,1,0,0,0,1,0
1238,2,13.0,30000,2017,5,24,0,0,0,1,0,0,0,0,1
1243,42,15.0,16700,2017,5,24,0,0,0,0,1,0,0,0,1
1250,19,10.0,80000,2017,5,25,1,0,0,0,0,0,1,0,0
1251,85,10.0,30000,2017,5,25,0,0,0,1,0,0,0,1,0
1253,28,10.0,80000,2017,5,25,0,0,0,1,0,0,0,0,1
1256,58,10.0,19800,2017,5,25,0,0,0,0,1,0,0,0,1
1264,25,15.0,80000,2017,5,26,0,0,0,1,0,0,1,0,0
1269,29,15.0,21700,2017,5,26,0,0,0,0,1,0,0,0,1
1274,44,18.0,40000,2017,5,27,1,0,0,0,0,0,0,1,0
1278,274,18.0,22000,2017,5,29,1,0,0,0,0,0,0,1,0
1280,24,10.0,70000,2017,5,29,0,0,0,1,0,0,1,0,0
1284,117,15.0,8000,2017,5,29,0,0,0,0,1,0,0,0,1
1294,37,18.0,25000,2017,5,30,1,0,0,0,0,0,0,1,0
1295,20,15.0,60000,2017,5,30,0,0,0,1,0,0,1,0,0
1298,26,15.0,13000,2017,5,30,0,0,0,0,1,0,0,0,1
1306,120,15.0,40000,2017,5,31,1,0,0,0,0,0,1,0,0
1307,57,18.0,40000,2017,5,31,1,0,0,0,0,0,1,0,0
1310,418,18.0,17200,2017,5,31,1,0,0,0,0,0,0,1,0
1313,60,15.0,7000,2017,5,31,0,0,0,0,1,0,0,0,1
1318,45,18.0,38000,2017,6,1,1,0,0,0,0,0,1,0,0
1320,10,15.0,45000,2017,6,1,0,0,0,1,0,0,1,0,0
1323,37,15.0,8000,2017,6,1,0,0,0,0,1,0,0,0,1
1329,21,18.0,60000,2017,6,2,1,0,0,0,0,0,1,0,0
1331,22,15.0,60000,2017,6,2,0,0,0,1,0,0,0,0,1
1334,319,15.0,10000,2017,6,2,0,0,0,0,1,0,0,0,1
1338,78,18.0,50000,2017,6,3,1,0,0,0,0,0,1,0,0
1342,2,15.0,45000,2017,6,3,0,0,0,1,0,1,0,0,0
1343,10,15.0,60000,2017,6,3,0,0,0,1,0,0,1,0,0
1345,19,15.0,45000,2017,6,3,0,0,0,1,0,0,0,0,1
1346,57,15.0,10000,2017,6,3,0,0,0,0,1,0,0,0,1
1348,57,10.0,60000,2017,6,5,1,0,0,0,0,0,1,0,0
1349,148,10.0,48000,2017,6,5,1,0,0,0,0,0,0,1,0
1350,61,10.0,13000,2017,6,5,0,0,0,0,1,0,0,0,1
1358,46,18.0,60000,2017,6,6,1,0,0,0,0,0,1,0,0
1361,80,18.0,35000,2017,6,6,1,0,0,0,0,0,0,1,0
1364,20,18.0,60000,2017,6,7,1,0,0,0,0,0,1,0,0
1367,1,18.0,10000,2017,6,7,1,0,0,0,0,0,0,0,1
1368,28,15.0,15500,2017,6,7,0,0,0,0,1,0,0,0,1
1378,55,10.0,8000,2017,6,8,0,0,0,1,0,0,1,0,0
1383,11,15.0,15000,2017,6,8,0,0,0,0,1,0,0,0,1
1390,15,15.0,65000,2017,6,9,0,0,0,1,0,0,1,0,0
1394,3,15.0,15000,2017,6,9,0,0,0,0,1,0,1,0,0
1400,63,15.0,65000,2017,6,10,0,0,0,1,0,0,1,0,0
1402,88,15.0,41300,2017,6,10,0,0,0,1,0,0,0,0,1
1404,1,15.0,10000,2017,6,10,0,0,0,0,1,0,1,0,0
1405,218,15.0,16800,2017,6,10,0,0,0,0,1,0,0,0,1
1406,63,15.0,32000,2017,6,12,0,0,0,1,0,0,0,0,1
1408,129,15.0,15000,2017,6,12,0,0,0,0,1,0,0,0,1
1420,21,15.0,23900,2017,6,14,0,0,0,0,1,0,0,0,1
1429,276,18.0,45000,2017,6,15,1,0,0,0,0,0,1,0,0
1433,80,18.0,35000,2017,6,15,1,0,0,0,0,0,0,1,0
1435,31,15.0,30000,2017,6,15,0,0,0,1,0,0,0,0,1
1436,17,15.0,15000,2017,6,15,0,0,0,0,1,0,0,0,1
1443,138,18.0,39300,2017,6,16,1,0,0,0,0,0,1,0,0
1457,3,10.0,38000,2017,6,19,0,0,0,1,0,0,1,0,0
1464,42,18.0,50000,2017,6,20,1,0,0,0,0,0,1,0,0
1469,1,15.0,20000,2017,6,20,0,0,0,1,0,0,0,0,1
1473,40,10.0,45000,2017,6,21,1,0,0,0,0,0,1,0,0
1478,41,15.0,24000,2017,6,21,0,0,0,1,0,0,1,0,0
1481,1,10.0,25000,2017,6,21,0,0,0,1,0,0,0,0,1
1482,8,15.0,70000,2017,6,21,0,0,0,1,0,0,0,0,1
1491,40,18.0,70000,2017,6,23,1,0,0,0,0,1,0,0,0
1497,101,15.0,38000,2017,6,23,0,0,0,1,0,0,0,0,1
1498,34,15.0,18000,2017,6,23,0,0,0,0,1,0,0,0,1
1503,42,18.0,65000,2017,6,24,1,0,0,0,0,1,0,0,0
1508,37,15.0,25800,2017,6,24,0,0,0,1,0,0,0,0,1
1510,48,18.0,48900,2017,6,26,1,0,0,0,0,0,1,0,0
1514,350,18.0,22700,2017,6,26,1,0,0,0,0,0,0,1,0
1517,13,10.0,25400,2017,6,26,0,0,0,1,0,0,1,0,0
1519,4,10.0,25000,2017,6,26,0,0,0,1,0,0,0,0,1
1532,83,18.0,44900,2017,6,27,1,0,0,0,0,1,0,0,0
1533,30,18.0,33000,2017,6,27,1,0,0,0,0,0,1,0,0
1539,10,10.0,10000,2017,6,27,0,0,0,1,0,0,1,0,0
1545,99,18.0,47500,2017,6,28,1,0,0,0,0,1,0,0,0
1546,18,18.0,54700,2017,6,28,1,0,0,0,0,0,1,0,0
1550,212,18.0,10200,2017,6,28,1,0,0,0,0,0,0,1,0
1559,23,18.0,60000,2017,6,29,1,0,0,0,0,1,0,0,0
1560,190,18.0,35100,2017,6,29,1,0,0,0,0,0,1,0,0
1564,177,18.0,17400,2017,6,29,1,0,0,0,0,0,0,1,0
1573,62,18.0,56200,2017,6,30,1,0,0,0,0,1,0,0,0
1574,17,18.0,41200,2017,6,30,1,0,0,0,0,0,1,0,0
1578,100,18.0,15000,2017,6,30,1,0,0,0,0,0,0,1,0
1585,70,18.0,58000,2017,7,1,1,0,0,0,0,1,0,0,0
1586,25,18.0,47600,2017,7,1,1,0,0,0,0,0,1,0,0
1591,200,18.0,38000,2017,7,3,1,0,0,0,0,0,0,1,0
1592,230,18.0,38000,2017,7,3,1,0,0,0,0,0,0,0,1
1593,1,10.0,45000,2017,7,3,0,0,0,1,0,0,1,0,0
1601,14,18.0,70000,2017,7,4,1,0,0,0,0,1,0,0,0
1602,144,18.0,50600,2017,7,4,1,0,0,0,0,0,1,0,0
1605,3,18.0,35000,2017,7,4,1,0,0,0,0,0,0,1,0
1607,26,15.0,50000,2017,7,4,0,0,0,1,0,0,0,0,1
1612,89,15.0,22000,2017,7,5,0,0,0,0,1,0,0,0,1
1618,14,15.0,52100,2017,7,6,0,0,0,1,0,0,0,0,1
1626,48,18.0,75000,2017,7,7,1,0,0,0,0,0,1,0,0
1631,11,15.0,58200,2017,7,7,0,0,0,1,0,0,0,0,1
1638,20,18.0,70000,2017,7,8,1,0,0,0,0,1,0,0,0
1639,34,18.0,49700,2017,7,8,1,0,0,0,0,0,1,0,0
1646,9,10.0,38900,2017,7,8,0,0,0,1,0,0,0,0,1
1647,33,15.0,53300,2017,7,8,0,0,0,1,0,0,0,0,1
1648,56,15.0,14000,2017,7,8,0,0,0,0,1,0,0,0,1
1653,2,15.0,38000,2017,7,10,0,0,0,1,0,0,1,0,0
1654,14,10.0,37500,2017,7,10,0,0,0,1,0,0,0,0,1
1655,3,15.0,41700,2017,7,10,0,0,0,1,0,0,0,0,1
1663,13,10.0,55000,2017,7,11,0,0,0,1,0,0,0,0,1
1664,13,15.0,39600,2017,7,11,0,0,0,1,0,0,0,0,1
1672,12,15.0,15000,2017,7,12,0,0,0,0,1,0,0,0,1
1685,5,10.0,20000,2017,7,13,0,0,0,0,1,0,0,0,1
1696,60,15.0,60000,2017,7,14,0,0,0,1,0,0,1,0,0
1698,33,15.0,53000,2017,7,14,0,0,0,1,0,0,0,0,1
1706,346,18.0,38100,2017,7,15,1,0,0,0,0,0,1,0,0
1708,19,13.0,5000,2017,7,15,1,0,0,0,0,0,0,1,0
1709,864,18.0,34000,2017,7,15,1,0,0,0,0,0,0,1,0
1712,110,15.0,40000,2017,7,15,0,0,0,1,0,0,1,0,0
1713,7,10.0,30000,2017,7,15,0,0,0,1,0,0,0,0,1
1714,38,15.0,27100,2017,7,15,0,0,0,1,0,0,0,0,1
1715,271,18.0,35900,2017,7,17,1,0,0,0,0,0,1,0,0
1718,381,18.0,28000,2017,7,17,1,0,0,0,0,0,0,1,0
1720,66,15.0,50000,2017,7,17,0,0,0,1,0,0,1,0,0
1722,20,10.0,35000,2017,7,17,0,0,0,1,0,0,0,0,1
1731,22,18.0,32000,2017,7,18,1,0,0,0,0,1,0,0,0
1732,103,18.0,45000,2017,7,18,1,0,0,0,0,0,1,0,0
1737,1,18.0,10000,2017,7,18,1,0,0,0,0,0,0,0,1
1740,136,15.0,44800,2017,7,18,0,0,0,1,0,0,1,0,0
1743,160,15.0,28000,2017,7,18,0,0,0,1,0,0,0,1,0
1752,15,18.0,50000,2017,7,19,1,0,0,0,0,1,0,0,0
1753,463,18.0,36400,2017,7,19,1,0,0,0,0,0,1,0,0
1756,434,18.0,25000,2017,7,19,1,0,0,0,0,0,0,1,0
1759,17,15.0,30000,2017,7,19,0,1,0,0,0,0,1,0,0
1765,92,18.0,38300,2017,7,20,1,0,0,0,0,1,0,0,0
1766,411,18.0,26700,2017,7,20,1,0,0,0,0,0,1,0,0
1768,168,18.0,13600,2017,7,20,1,0,0,0,0,0,0,1,0
1773,105,18.0,42300,2017,7,21,1,0,0,0,0,1,0,0,0
1774,283,18.0,36900,2017,7,21,1,0,0,0,0,0,1,0,0
1785,154,18.0,32800,2017,7,22,1,0,0,0,0,0,1,0,0
1789,34,18.0,17000,2017,7,22,1,0,0,0,0,0,0,1,0
1792,94,15.0,41300,2017,7,22,0,0,0,1,0,0,0,0,1
1793,107,18.0,32300,2017,7,24,1,0,0,0,0,1,0,0,0
1794,221,18.0,17200,2017,7,24,1,0,0,0,0,0,1,0,0
1803,1196,18.0,12700,2017,7,25,1,0,0,0,0,0,1,0,0
1807,150,18.0,9000,2017,7,25,1,0,0,0,0,0,0,1,0
1812,36,18.0,15000,2017,7,26,1,0,0,0,0,1,0,0,0
1813,366,18.0,16000,2017,7,26,1,0,0,0,0,0,1,0,0
1817,560,18.0,15000,2017,7,26,1,0,0,0,0,0,0,1,0
1819,1,15.0,15000,2017,7,26,0,0,0,1,0,1,0,0,0
1821,214,18.0,30000,2017,7,27,1,0,0,0,0,0,1,0,0
1823,7,18.0,20000,2017,7,27,0,1,0,0,0,0,1,0,0
1826,1,15.0,13000,2017,7,27,0,0,0,1,0,0,1,0,0
1829,31,18.0,45000,2017,7,28,1,0,0,0,0,1,0,0,0
1830,42,18.0,40000,2017,7,28,1,0,0,0,0,0,1,0,0
1834,138,18.0,30000,2017,7,28,1,0,0,0,0,0,0,1,0
1835,7,15.0,35000,2017,7,28,0,0,0,1,0,0,0,0,1
1836,300,18.0,20000,2017,7,31,1,0,0,0,0,0,1,0,0
1841,5,18.0,15000,2017,7,31,0,1,0,0,0,1,0,0,0
1850,64,18.0,16000,2017,8,1,1,0,0,0,0,1,0,0,0
1851,673,18.0,19800,2017,8,1,1,0,0,0,0,0,1,0,0
1856,5,10.0,25000,2017,8,1,0,0,0,1,0,0,1,0,0
1865,31,18.0,43000,2017,8,2,1,0,0,0,0,1,0,0,0
1866,20,18.0,30000,2017,8,2,1,0,0,0,0,0,1,0,0
1871,1,13.0,22000,2017,8,2,0,0,0,1,0,0,1,0,0
1876,120,18.0,49700,2017,8,3,1,0,0,0,0,0,1,0,0
1883,196,18.0,28600,2017,8,4,1,0,0,0,0,1,0,0,0
1884,1073,18.0,27900,2017,8,4,1,0,0,0,0,0,1,0,0
1888,107,18.0,12000,2017,8,4,1,0,0,0,0,0,0,1,0
1895,61,18.0,40000,2017,8,5,1,0,0,0,0,1,0,0,0
1896,204,18.0,31200,2017,8,5,1,0,0,0,0,0,1,0,0
1904,1,15.0,30000,2017,8,5,0,0,0,1,0,0,0,0,1
1907,543,18.0,41500,2017,8,7,1,0,0,0,0,0,1,0,0
1911,219,18.0,18200,2017,8,7,1,0,0,0,0,0,0,1,0
1922,326,18.0,29300,2017,8,8,1,0,0,0,0,0,1,0,0
1923,90,18.0,25000,2017,8,8,1,0,0,0,0,0,0,1,0
1926,110,15.0,10000,2017,8,8,0,0,0,0,1,0,0,0,1
1943,33,15.0,70000,2017,8,10,0,0,0,1,0,1,0,0,0
1944,82,15.0,54000,2017,8,10,0,0,0,1,0,0,0,0,1
1946,29,15.0,15000,2017,8,10,0,0,0,0,1,1,0,0,0
1947,14,15.0,15000,2017,8,10,0,0,0,0,1,0,0,0,1
1961,64,15.0,55000,2017,8,12,0,0,0,1,0,0,0,0,1
1967,385,18.0,33100,2017,8,14,1,0,0,0,0,0,1,0,0
1971,275,18.0,22000,2017,8,14,1,0,0,0,0,0,0,1,0
1976,1,15.0,15000,2017,8,14,0,0,0,1,0,0,0,0,1
1980,62,18.0,33000,2017,8,15,1,0,0,0,0,1,0,0,0
1981,930,18.0,31100,2017,8,15,1,0,0,0,0,0,1,0,0
1989,221,15.0,30000,2017,8,15,0,0,0,1,0,0,0,0,1
1990,178,18.0,26500,2017,8,16,1,0,0,0,0,1,0,0,0
1991,1366,18.0,28400,2017,8,16,1,0,0,0,0,0,1,0,0
1995,464,18.0,15300,2017,8,16,1,0,0,0,0,0,0,1,0
2003,29,18.0,18000,2017,8,17,1,0,0,0,0,1,0,0,0
2004,561,18.0,23300,2017,8,17,1,0,0,0,0,0,1,0,0
2008,216,18.0,15000,2017,8,17,1,0,0,0,0,0,0,1,0
2013,1,15.0,10000,2017,8,17,0,0,0,1,0,0,1,0,0
2018,56,18.0,30000,2017,8,18,1,0,0,0,0,1,0,0,0
2019,333,18.0,23700,2017,8,18,1,0,0,0,0,0,1,0,0
2022,145,18.0,11000,2017,8,18,1,0,0,0,0,0,0,1,0
2025,1,15.0,20000,2017,8,18,0,0,0,1,0,0,0,0,1
2026,245,18.0,29400,2017,8,19,1,0,0,0,0,0,1,0,0
2030,51,18.0,12000,2017,8,19,1,0,0,0,0,0,0,1,0
2033,522,10.0,26000,2017,8,21,1,0,0,0,0,0,1,0,0
2036,158,10.0,16200,2017,8,21,1,0,0,0,0,0,0,1,0
2047,314,10.0,27600,2017,8,22,1,0,0,0,0,0,1,0,0
2050,549,10.0,20000,2017,8,22,1,0,0,0,0,0,0,1,0
2051,110,100.0,22000,2017,8,22,1,0,0,0,0,0,0,1,0
2053,14,10.0,18000,2017,8,23,1,0,0,0,0,1,0,0,0
2054,159,10.0,29800,2017,8,23,1,0,0,0,0,0,1,0,0
2058,162,10.0,29400,2017,8,23,1,0,0,0,0,0,0,1,0
2060,100,10.0,55000,2017,8,24,1,0,0,0,0,1,0,0,0
2061,264,10.0,46700,2017,8,24,1,0,0,0,0,0,1,0,0
2063,128,10.0,25000,2017,8,24,1,0,0,0,0,0,0,1,0
2068,114,10.0,34500,2017,8,25,1,0,0,0,0,1,0,0,0
2069,528,10.0,25100,2017,8,25,1,0,0,0,0,0,1,0,0
2073,1055,10.0,19000,2017,8,25,1,0,0,0,0,0,0,1,0
2080,40,10.0,35000,2017,8,26,1,0,0,0,0,0,1,0,0
2083,586,10.0,17000,2017,8,26,1,0,0,0,0,0,0,1,0
2087,5,10.0,30000,2017,8,26,0,1,0,0,0,0,1,0,0
2091,54,18.0,35000,2017,8,28,1,0,0,0,0,1,0,0,0
2092,580,18.0,28600,2017,8,28,1,0,0,0,0,0,1,0,0
2096,140,18.0,19900,2017,8,28,1,0,0,0,0,0,0,1,0
2101,62,18.0,37800,2017,8,29,1,0,0,0,0,1,0,0,0
2102,745,18.0,27400,2017,8,29,1,0,0,0,0,0,1,0,0
2106,103,18.0,30000,2017,8,29,1,0,0,0,0,0,0,1,0
2110,89,18.0,38300,2017,8,30,1,0,0,0,0,1,0,0,0
2111,592,18.0,27000,2017,8,30,1,0,0,0,0,0,1,0,0
2115,1556,18.0,20400,2017,8,30,1,0,0,0,0,0,0,1,0
2122,83,18.0,27500,2017,8,31,1,0,0,0,0,1,0,0,0
2123,260,18.0,33300,2017,8,31,1,0,0,0,0,0,1,0,0
2125,497,18.0,15000,2017,8,31,1,0,0,0,0,0,0,1,0
2132,29,18.0,38000,2017,9,1,1,0,0,0,0,1,0,0,0
2133,529,18.0,27600,2017,9,1,1,0,0,0,0,0,1,0,0
2137,277,18.0,15000,2017,9,1,1,0,0,0,0,0,0,1,0
2145,482,18.0,30700,2017,9,2,1,0,0,0,0,0,1,0,0
2149,844,18.0,19600,2017,9,2,1,0,0,0,0,0,0,1,0
2152,63,18.0,40800,2017,9,4,1,0,0,0,0,0,1,0,0
2154,869,18.0,22000,2017,9,4,1,0,0,0,0,0,0,1,0
2163,138,18.0,49500,2017,9,5,1,0,0,0,0,1,0,0,0
2164,944,18.0,30900,2017,9,5,1,0,0,0,0,0,1,0,0
2167,207,18.0,19300,2017,9,5,1,0,0,0,0,0,0,1,0
2171,59,18.0,50000,2017,9,6,1,0,0,0,0,1,0,0,0
2172,1084,18.0,35800,2017,9,6,1,0,0,0,0,0,1,0,0
2178,189,15.0,37100,2017,9,6,0,0,0,1,0,0,0,0,1
2181,179,15.0,50000,2017,9,7,0,0,0,1,0,0,0,0,1
2187,12,15.0,10000,2017,9,8,0,1,0,0,0,0,1,0,0
2189,63,15.0,55000,2017,9,8,0,0,0,1,0,0,1,0,0
2193,450,15.0,50700,2017,9,11,1,0,0,0,0,0,1,0,0
2196,400,15.0,33000,2017,9,11,1,0,0,0,0,0,0,1,0
2206,112,18.0,46100,2017,9,12,1,0,0,0,0,1,0,0,0
2207,557,18.0,39400,2017,9,12,1,0,0,0,0,0,1,0,0
2213,26,15.0,20000,2017,9,12,0,1,0,0,0,0,1,0,0
2214,72,15.0,35000,2017,9,12,0,0,0,1,0,0,0,0,1
2218,229,18.0,50500,2017,9,13,1,0,0,0,0,0,1,0,0
2220,80,18.0,25000,2017,9,13,1,0,0,0,0,0,0,1,0
2224,25,15.0,15000,2017,9,13,0,1,0,0,0,0,1,0,0
2232,295,18.0,46300,2017,9,14,1,0,0,0,0,0,1,0,0
2235,180,18.0,43000,2017,9,14,1,0,0,0,0,0,0,1,0
2244,19,18.0,30000,2017,9,15,1,0,0,0,0,1,0,0,0
2245,541,18.0,30000,2017,9,15,1,0,0,0,0,0,1,0,0
2249,145,18.0,15000,2017,9,15,1,0,0,0,0,0,0,1,0
2252,45,15.0,4000,2017,9,15,0,0,1,0,0,0,0,0,1
2259,1390,18.0,29100,2017,9,16,1,0,0,0,0,0,1,0,0
2263,713,18.0,28700,2017,9,16,1,0,0,0,0,0,0,1,0
2267,9,15.0,3000,2017,9,16,0,0,1,0,0,0,0,0,1
2268,230,18.0,29300,2017,9,18,1,0,0,0,0,0,1,0,0
2270,1449,18.0,22000,2017,9,18,1,0,0,0,0,0,0,1,0
2275,67,18.0,25000,2017,9,19,1,0,0,0,0,1,0,0,0
2276,499,18.0,25300,2017,9,19,1,0,0,0,0,0,1,0,0
2279,767,18.0,22700,2017,9,19,1,0,0,0,0,0,0,1,0
2288,52,18.0,39600,2017,9,20,1,0,0,0,0,1,0,0,0
2289,823,18.0,27500,2017,9,20,1,0,0,0,0,0,1,0,0
2293,3,18.0,10000,2017,9,20,1,0,0,0,0,0,0,1,0
2298,546,18.0,23400,2017,9,21,1,0,0,0,0,0,1,0,0
2306,182,18.0,22000,2017,9,22,1,0,0,0,0,1,0,0,0
2307,559,18.0,23700,2017,9,22,1,0,0,0,0,0,1,0,0
2313,1,18.0,10000,2017,9,22,1,0,0,0,0,0,0,0,1
2314,3,15.0,25000,2017,9,22,0,0,0,1,0,1,0,0,0
2321,76,18.0,22000,2017,9,23,1,0,0,0,0,1,0,0,0
2322,986,18.0,22300,2017,9,23,1,0,0,0,0,0,1,0,0
2326,588,18.0,16700,2017,9,23,1,0,0,0,0,0,0,1,0
2333,633,18.0,19000,2017,9,25,1,0,0,0,0,0,1,0,0
2336,150,18.0,20000,2017,9,25,1,0,0,0,0,0,0,1,0
2339,5,10.0,19000,2017,9,25,0,0,0,1,0,0,0,0,1
2344,397,18.0,31200,2017,9,26,1,0,0,0,0,0,1,0,0
2347,311,18.0,19900,2017,9,26,1,0,0,0,0,0,0,1,0
2354,412,18.0,29600,2017,9,27,1,0,0,0,0,0,1,0,0
2358,250,18.0,23000,2017,9,27,1,0,0,0,0,0,0,1,0
2365,450,18.0,25500,2017,9,28,1,0,0,0,0,0,1,0,0
2373,30,18.0,30000,2017,9,29,1,0,0,0,0,1,0,0,0
2374,524,18.0,26400,2017,9,29,1,0,0,0,0,0,1,0,0
2377,118,18.0,18200,2017,9,29,1,0,0,0,0,0,0,1,0
2382,555,18.0,33000,2017,9,30,1,0,0,0,0,0,1,0,0
2384,140,18.0,18000,2017,9,30,1,0,0,0,0,0,0,1,0
2387,4,18.0,10000,2017,9,30,1,0,0,0,0,0,0,0,1
2390,376,18.0,22000,2017,10,1,1,0,0,0,0,0,1,0,0
2394,132,18.0,17000,2017,10,1,1,0,0,0,0,0,0,1,0
2396,4,18.0,8000,2017,10,1,1,0,0,0,0,0,0,0,1
2398,1,18.0,10000,2017,10,2,1,0,0,0,0,1,0,0,0
2399,521,18.0,31700,2017,10,2,1,0,0,0,0,0,1,0,0
2402,359,18.0,20200,2017,10,2,1,0,0,0,0,0,0,1,0
2404,3,18.0,8000,2017,10,2,1,0,0,0,0,0,0,0,1
2407,430,18.0,25500,2017,10,3,1,0,0,0,0,0,1,0,0
2416,777,18.0,32900,2017,10,10,1,0,0,0,0,0,1,0,0
2425,28,18.0,30000,2017,10,11,1,0,0,0,0,1,0,0,0
2426,50,13.0,32000,2017,10,11,1,0,0,0,0,0,1,0,0
2427,773,18.0,30100,2017,10,11,1,0,0,0,0,0,1,0,0
2431,260,18.0,18000,2017,10,11,1,0,0,0,0,0,0,1,0
2435,2,18.0,5000,2017,10,11,1,0,0,0,0,0,0,0,1
2440,30,18.0,35000,2017,10,12,1,0,0,0,0,1,0,0,0
2441,955,18.0,28200,2017,10,12,1,0,0,0,0,0,1,0,0
2445,227,18.0,18600,2017,10,12,1,0,0,0,0,0,0,1,0
2449,19,18.0,7000,2017,10,12,1,0,0,0,0,0,0,0,1
2453,61,18.0,30000,2017,10,13,1,0,0,0,0,1,0,0,0
2454,602,18.0,30300,2017,10,13,1,0,0,0,0,0,1,0,0
2458,159,18.0,16100,2017,10,13,1,0,0,0,0,0,0,1,0
2462,10,18.0,9200,2017,10,13,1,0,0,0,0,0,0,0,1
2467,19,18.0,28000,2017,10,14,1,0,0,0,0,1,0,0,0
2468,1051,18.0,28200,2017,10,14,1,0,0,0,0,0,1,0,0
2476,42,18.0,40000,2017,10,16,1,0,0,0,0,1,0,0,0
2477,519,18.0,30100,2017,10,16,1,0,0,0,0,0,1,0,0
2481,361,18.0,30000,2017,10,16,1,0,0,0,0,0,0,1,0
2484,2,18.0,15000,2017,10,16,1,0,0,0,0,0,0,0,1
2488,92,18.0,53000,2017,10,17,1,0,0,0,0,0,1,0,0
2491,62,18.0,50000,2017,10,17,0,0,0,1,0,0,1,0,0
2492,100,18.0,35000,2017,10,17,0,0,0,1,0,0,0,1,0
2510,71,10.0,60000,2017,10,20,1,0,0,0,0,1,0,0,0
2511,3,10.0,60000,2017,10,20,1,0,0,0,0,0,1,0,0
2518,514,18.0,32900,2017,10,21,1,0,0,0,0,0,1,0,0
2522,200,18.0,17000,2017,10,21,1,0,0,0,0,0,0,1,0
2532,91,18.0,23000,2017,10,23,1,0,0,0,0,1,0,0,0
2533,354,18.0,25500,2017,10,23,1,0,0,0,0,0,1,0,0
2538,384,18.0,15500,2017,10,23,1,0,0,0,0,0,0,1,0
2549,32,18.0,45000,2017,10,24,1,0,0,0,0,1,0,0,0
2550,114,18.0,40000,2017,10,24,1,0,0,0,0,0,1,0,0
2560,240,18.0,28800,2017,10,25,1,0,0,0,0,0,1,0,0
2564,105,18.0,35000,2017,10,25,0,0,0,1,0,0,0,0,1
2570,388,18.0,35000,2017,10,26,1,0,0,0,0,0,1,0,0
2572,79,18.0,13000,2017,10,26,1,0,0,0,0,0,0,1,0
2580,48,18.0,50000,2017,10,27,1,0,0,0,0,1,0,0,0
2581,756,18.0,33600,2017,10,27,1,0,0,0,0,0,1,0,0
2585,54,18.0,20000,2017,10,27,1,0,0,0,0,0,0,1,0
2588,7,18.0,10000,2017,10,27,1,0,0,0,0,0,0,0,1
2591,1,15.0,10000,2017,10,27,0,0,0,1,0,0,1,0,0
2595,73,18.0,23000,2017,10,28,1,0,0,0,0,1,0,0,0
2596,803,18.0,26500,2017,10,28,1,0,0,0,0,0,1,0,0
2600,6,18.0,20000,2017,10,28,1,0,0,0,0,0,0,1,0
2602,6,18.0,8000,2017,10,28,1,0,0,0,0,0,0,0,1
2604,404,18.0,34600,2017,10,30,1,0,0,0,0,0,1,0,0
2608,101,18.0,40000,2017,10,30,0,0,0,1,0,0,1,0,0
2617,135,18.0,52200,2017,10,31,1,0,0,0,0,0,1,0,0
2635,71,18.0,60000,2017,11,2,1,0,0,0,0,0,1,0,0
2636,74,18.0,22000,2017,11,2,1,0,0,0,0,0,0,1,0
2647,16,18.0,65000,2017,11,3,1,0,0,0,0,1,0,0,0
2648,386,18.0,56700,2017,11,3,1,0,0,0,0,0,1,0,0
2651,1,18.0,15000,2017,11,3,1,0,0,0,0,0,0,0,1
2652,4,15.0,40000,2017,11,3,0,0,0,1,0,0,0,0,1
2663,254,18.0,61800,2017,11,4,1,0,0,0,0,0,1,0,0
2673,2,10.0,16000,2017,11,6,0,0,0,1,0,1,0,0,0
2674,7,10.0,30000,2017,11,6,0,0,0,1,0,0,0,0,1
2675,53,18.0,22000,2017,11,6,0,0,0,1,0,0,0,0,1
2700,1,15.0,35000,2017,11,8,0,0,0,1,0,0,0,0,1
2712,95,18.0,70000,2017,11,9,1,0,0,0,0,1,0,0,0
2713,160,18.0,65000,2017,11,9,1,0,0,0,0,0,1,0,0
2723,10,18.0,70000,2017,11,10,1,0,0,0,0,1,0,0,0
2724,121,18.0,65000,2017,11,10,1,0,0,0,0,0,1,0,0
2727,161,18.0,40000,2017,11,10,1,0,0,0,0,0,0,1,0
2734,1,18.0,10000,2017,11,10,1,0,0,0,0,0,0,0,1
2745,50,18.0,70000,2017,11,11,1,0,0,0,0,1,0,0,0
2746,162,18.0,64300,2017,11,11,1,0,0,0,0,0,1,0,0
2748,108,18.0,38000,2017,11,11,1,0,0,0,0,0,0,1,0
2751,23,15.0,53000,2017,11,11,1,0,0,0,0,0,0,0,1
2755,82,18.0,51200,2017,11,13,1,0,0,0,0,1,0,0,0
2756,479,18.0,54900,2017,11,13,1,0,0,0,0,0,1,0,0
2760,215,18.0,30000,2017,11,13,1,0,0,0,0,0,0,1,0
2770,3,13.0,28000,2017,11,13,0,0,0,1,0,1,0,0,0
2774,26,18.0,65000,2017,11,14,1,0,0,0,0,1,0,0,0
2775,151,18.0,53300,2017,11,14,1,0,0,0,0,0,1,0,0
2779,176,18.0,29100,2017,11,14,1,0,0,0,0,0,0,1,0
2804,45,18.0,60000,2017,11,16,1,0,0,0,0,1,0,0,0
2805,328,18.0,57100,2017,11,16,1,0,0,0,0,0,1,0,0
2808,37,18.0,28000,2017,11,16,1,0,0,0,0,0,0,1,0
2821,22,18.0,65000,2017,11,17,1,0,0,0,0,1,0,0,0
2822,335,18.0,59000,2017,11,17,1,0,0,0,0,0,1,0,0
2828,21,18.0,30000,2017,11,17,0,0,0,1,0,0,0,0,1
2836,20,18.0,58000,2017,11,18,1,0,0,0,0,1,0,0,0
2837,223,18.0,43800,2017,11,18,1,0,0,0,0,0,1,0,0
2846,16,18.0,50000,2017,11,20,1,0,0,0,0,1,0,0,0
2847,653,18.0,32700,2017,11,20,1,0,0,0,0,0,1,0,0
2851,69,18.0,28000,2017,11,20,1,0,0,0,0,0,0,1,0
2853,1,18.0,10000,2017,11,20,1,0,0,0,0,0,0,0,1
2855,2,13.0,30000,2017,11,20,0,0,0,1,0,0,0,0,1
2874,154,18.0,45900,2017,11,21,1,0,0,0,0,0,1,0,0
2887,2,18.0,20000,2017,11,22,1,0,0,0,0,1,0,0,0
2888,290,18.0,43600,2017,11,22,1,0,0,0,0,0,1,0,0
2898,12,18.0,15000,2017,11,23,1,0,0,0,0,1,0,0,0
2899,423,18.0,27800,2017,11,23,1,0,0,0,0,0,1,0,0
2902,100,18.0,16000,2017,11,23,1,0,0,0,0,0,0,1,0
2905,30,15.0,23600,2017,11,23,0,0,0,1,0,0,0,0,1
2906,13,20.0,30000,2017,11,23,0,0,0,1,0,0,0,0,1
2918,136,18.0,60800,2017,11,24,1,0,0,0,0,0,1,0,0
2920,130,18.0,17000,2017,11,24,1,0,0,0,0,0,0,1,0
2932,85,18.0,63700,2017,11,25,1,0,0,0,0,1,0,0,0
2933,194,18.0,48800,2017,11,25,1,0,0,0,0,0,1,0,0
2936,2,15.0,37000,2017,11,25,0,0,0,1,0,0,0,0,1
2940,134,10.0,42300,2017,11,27,1,0,0,0,0,0,1,0,0
2943,100,18.0,12000,2017,11,27,1,0,0,0,0,0,0,1,0
2957,429,18.0,50500,2017,11,28,1,0,0,0,0,0,1,0,0
2971,28,18.0,65000,2017,11,29,1,0,0,0,0,1,0,0,0
2972,373,18.0,25800,2017,11,29,1,0,0,0,0,0,1,0,0
2983,148,18.0,39900,2017,11,30,1,0,0,0,0,1,0,0,0
2984,146,18.0,59700,2017,11,30,1,0,0,0,0,0,1,0,0
2988,15,15.0,30000,2017,11,30,0,0,0,1,0,0,0,0,1
3018,1,15.0,42000,2017,12,4,0,0,0,1,0,1,0,0,0
3020,5,15.0,75000,2017,12,4,0,0,0,1,0,0,0,0,1
3021,55,15.0,20000,2017,12,4,0,0,0,0,1,0,0,0,1
3037,24,15.0,58100,2017,12,5,0,0,0,1,0,0,0,0,1
3038,10,16.0,30000,2017,12,5,0,0,0,1,0,0,0,0,1
3040,3,15.0,20000,2017,12,5,0,0,0,0,1,0,0,0,1
3052,9,15.0,35000,2017,12,6,0,0,0,1,0,1,0,0,0
3053,48,15.0,38000,2017,12,6,0,0,0,1,0,0,0,0,1
3055,14,15.0,12100,2017,12,6,0,0,0,0,1,0,0,0,1
3067,1,15.0,45000,2017,12,7,0,0,0,1,0,1,0,0,0
3070,10,15.0,50000,2017,12,7,0,0,0,1,0,0,0,0,1
3073,5,15.0,10000,2017,12,7,0,0,0,0,1,0,0,0,1
3083,13,18.0,60000,2017,12,8,1,0,0,0,0,1,0,0,0
3084,378,18.0,57000,2017,12,8,1,0,0,0,0,0,1,0,0
3085,57,18.0,30000,2017,12,8,1,0,0,0,0,0,0,1,0
3093,15,15.0,30000,2017,12,8,0,0,0,1,0,1,0,0,0
3097,241,18.0,61000,2017,12,9,1,0,0,0,0,0,1,0,0
3104,11,15.0,26000,2017,12,9,0,0,0,1,0,0,1,0,0
3105,31,15.0,35600,2017,12,9,0,0,0,1,0,0,0,0,1
3106,21,18.0,60000,2017,12,11,1,0,0,0,0,1,0,0,0
3107,449,18.0,54800,2017,12,11,1,0,0,0,0,0,1,0,0
3111,92,18.0,22400,2017,12,11,1,0,0,0,0,0,0,1,0
3120,10,13.0,25000,2017,12,11,0,0,0,1,0,1,0,0,0
3132,15,18.0,55000,2017,12,12,1,0,0,0,0,1,0,0,0
3133,257,10.0,30000,2017,12,12,1,0,0,0,0,0,1,0,0
3134,452,18.0,43900,2017,12,12,1,0,0,0,0,0,1,0,0
3148,252,18.0,34100,2017,12,13,1,0,0,0,0,0,1,0,0
3168,45,18.0,60000,2017,12,14,1,0,0,0,0,1,0,0,0
3169,185,18.0,30000,2017,12,14,1,0,0,0,0,0,1,0,0
3173,10,15.0,18000,2017,12,14,0,0,0,1,0,0,0,0,1
3184,234,18.0,36700,2017,12,15,1,0,0,0,0,0,1,0,0
3188,6,18.0,20000,2017,12,15,1,0,0,0,0,0,0,1,0
3198,29,18.0,45000,2017,12,16,1,0,0,0,0,1,0,0,0
3199,333,18.0,36000,2017,12,16,1,0,0,0,0,0,1,0,0
3202,100,18.0,20000,2017,12,16,1,0,0,0,0,0,0,1,0
3206,4,18.0,10000,2017,12,16,1,0,0,0,0,0,0,0,1
3208,2,20.0,30000,2017,12,16,0,0,0,1,0,0,0,0,1
3209,40,18.0,45000,2017,12,18,1,0,0,0,0,1,0,0,0
3210,648,18.0,32300,2017,12,18,1,0,0,0,0,0,1,0,0
3213,159,18.0,18000,2017,12,18,1,0,0,0,0,0,0,1,0
3219,1,15.0,16000,2017,12,18,0,0,0,1,0,1,0,0,0
3220,25,15.0,24500,2017,12,18,0,0,0,1,0,0,0,0,1
3228,21,18.0,45000,2017,12,19,1,0,0,0,0,1,0,0,0
3229,346,18.0,32300,2017,12,19,1,0,0,0,0,0,1,0,0
3233,398,18.0,14000,2017,12,19,1,0,0,0,0,0,0,1,0
3238,3,18.0,10000,2017,12,19,1,0,0,0,0,0,0,0,1
3252,8,15.0,15000,2017,12,20,0,0,0,1,0,0,0,0,1
3261,20,18.0,50000,2017,12,21,1,0,0,0,0,1,0,0,0
3262,671,18.0,35500,2017,12,21,1,0,0,0,0,0,1,0,0
3266,221,18.0,14600,2017,12,21,1,0,0,0,0,0,0,1,0
3270,4,18.0,10000,2017,12,21,1,0,0,0,0,0,0,0,1
3279,42,18.0,50000,2017,12,22,1,0,0,0,0,1,0,0,0
3280,698,18.0,35500,2017,12,22,1,0,0,0,0,0,1,0,0
3294,108,18.0,48600,2017,12,23,1,0,0,0,0,1,0,0,0
3295,729,18.0,26100,2017,12,23,1,0,0,0,0,0,1,0,0
3300,21,18.0,10000,2017,12,23,1,0,0,0,0,0,0,0,1
3303,5,15.0,25000,2017,12,23,0,0,0,1,0,0,0,0,1
3304,41,18.0,50000,2017,12,25,1,0,0,0,0,1,0,0,0
3305,565,18.0,31500,2017,12,25,1,0,0,0,0,0,1,0,0
3309,3,18.0,15000,2017,12,25,1,0,0,0,0,0,0,1,0
3312,1,18.0,10000,2017,12,25,1,0,0,0,0,0,0,0,1
3325,60,18.0,60000,2017,12,26,1,0,0,0,0,1,0,0,0
3326,255,18.0,38400,2017,12,26,1,0,0,0,0,0,1,0,0
3332,10,15.0,14000,2017,12,26,0,0,0,1,0,1,0,0,0
3333,8,15.0,17300,2017,12,26,0,0,0,1,0,0,0,0,1
3346,264,18.0,46100,2017,12,27,1,0,0,0,0,0,1,0,0
3350,9,18.0,10000,2017,12,27,1,0,0,0,0,0,0,0,1
3354,6,15.0,8000,2017,12,27,0,0,0,1,0,1,0,0,0
3370,57,15.0,21900,2017,12,28,0,0,0,1,0,1,0,0,0
3371,5,15.0,16000,2017,12,28,0,0,0,1,0,0,1,0,0
3383,52,18.0,70000,2017,12,29,1,0,0,0,0,1,0,0,0
3384,114,18.0,70000,2017,12,29,1,0,0,0,0,0,1,0,0
3385,124,18.0,18000,2017,12,29,1,0,0,0,0,0,0,0,1
3389,33,15.0,27000,2017,12,29,0,0,0,1,0,1,0,0,0
3390,4,15.0,18000,2017,12,29,0,0,0,1,0,0,1,0,0
3393,30,18.0,65000,2017,12,30,1,0,0,0,0,1,0,0,0
3394,227,18.0,52600,2017,12,30,1,0,0,0,0,0,1,0,0
3402,1,18.0,10000,2017,12,30,1,0,0,0,0,0,0,0,1
3405,22,15.0,19000,2017,12,30,0,0,0,1,0,1,0,0,0
3406,137,15.0,22000,2017,12,30,0,0,0,1,0,0,0,0,1
3410,602,18.0,32600,2018,1,2,1,0,0,0,0,0,1,0,0
3416,16,8.0,23000,2018,1,2,0,0,0,1,0,1,0,0,0
3418,11,8.0,25000,2018,1,2,0,0,0,1,0,0,0,0,1
3454,8,15.0,25000,2018,1,4,0,0,0,1,0,1,0,0,0
3456,2,15.0,35000,2018,1,4,0,0,0,1,0,0,0,0,1
3467,11,15.0,29000,2018,1,5,0,0,0,1,0,1,0,0,0
3474,17,15.0,35000,2018,1,6,0,0,0,1,0,1,0,0,0
3475,14,15.0,33200,2018,1,6,0,0,0,1,0,0,0,0,1
3480,12,10.0,50000,2018,1,8,0,0,0,1,0,1,0,0,0
3483,4,10.0,55000,2018,1,8,0,0,0,1,0,0,0,0,1
3484,2,15.0,55000,2018,1,8,0,0,0,1,0,0,0,0,1
3496,5,15.0,30000,2018,1,9,0,0,0,1,0,0,0,0,1
3504,9,18.0,70000,2018,1,10,1,0,0,0,0,1,0,0,0
3505,35,18.0,70000,2018,1,10,1,0,0,0,0,0,1,0,0
3507,12,18.0,40000,2018,1,10,1,0,0,0,0,0,0,1,0
3516,13,15.0,36000,2018,1,10,0,0,0,1,0,1,0,0,0
3540,5,15.0,50000,2018,1,13,0,0,0,1,0,0,0,0,1
3551,64,18.0,85000,2018,1,16,1,0,0,0,0,1,0,0,0
3552,77,18.0,63800,2018,1,16,1,0,0,0,0,0,1,0,0
3553,1,18.0,20000,2018,1,16,1,0,0,0,0,0,0,1,0
3557,6,18.0,5000,2018,1,16,1,0,0,0,0,0,0,0,1
3561,22,15.0,29800,2018,1,16,0,0,0,1,0,1,0,0,0
3562,2,15.0,25000,2018,1,16,0,0,0,1,0,0,1,0,0
3567,34,18.0,80000,2018,1,17,1,0,0,0,0,0,1,0,0
3574,3,15.0,38000,2018,1,17,0,0,0,1,0,1,0,0,0
3578,35,18.0,70000,2018,1,18,1,0,0,0,0,1,0,0,0
3588,10,15.0,32000,2018,1,18,0,0,0,1,0,1,0,0,0
3589,1,15.0,25000,2018,1,18,0,0,0,1,0,0,1,0,0
3590,7,15.0,41900,2018,1,18,0,0,0,1,0,0,0,0,1
3600,7,18.0,70000,2018,1,19,1,0,0,0,0,0,1,0,0
3607,6,15.0,35000,2018,1,19,0,0,0,1,0,1,0,0,0
3611,2,15.0,30000,2018,1,19,0,0,0,1,0,0,0,0,1
3618,143,18.0,55400,2018,1,20,1,0,0,0,0,0,1,0,0
3627,15,15.0,25000,2018,1,20,0,0,0,1,0,1,0,0,0
3632,141,10.0,60000,2018,1,22,1,0,0,0,0,1,0,0,0
3633,166,10.0,53500,2018,1,22,1,0,0,0,0,0,1,0,0
3634,25,18.0,45000,2018,1,22,1,0,0,0,0,0,1,0,0
3646,21,15.0,20700,2018,1,22,0,0,0,1,0,1,0,0,0
3649,7,15.0,30000,2018,1,22,0,0,0,1,0,0,0,0,1
3659,412,18.0,45100,2018,1,23,1,0,0,0,0,0,1,0,0
3662,1,18.0,10000,2018,1,23,1,0,0,0,0,0,0,1,0
3664,39,18.0,30000,2018,1,23,1,0,0,0,0,0,0,0,1
3668,2,15.0,22000,2018,1,23,0,0,0,1,0,1,0,0,0
3673,71,18.0,49100,2018,1,24,1,0,0,0,0,0,1,0,0
3682,6,15.0,50000,2018,1,24,0,0,0,1,0,0,0,0,1
3688,53,18.0,64400,2018,1,25,1,0,0,0,0,0,1,0,0
3698,16,10.0,18000,2018,1,25,0,0,0,1,0,1,0,0,0
3699,5,15.0,27000,2018,1,25,0,0,0,1,0,1,0,0,0
3700,8,15.0,20000,2018,1,25,0,0,0,1,0,0,1,0,0
3712,15,15.0,15000,2018,1,26,0,0,0,1,0,1,0,0,0
3714,2,15.0,28000,2018,1,26,0,0,0,1,0,0,0,0,1
3730,4,18.0,11300,2018,1,30,1,0,0,0,0,0,0,0,1
3739,45,15.0,38000,2018,1,31,0,0,0,1,0,1,0,0,0
3741,14,15.0,58600,2018,1,31,0,0,0,1,0,0,0,0,1
3753,4,15.0,33500,2018,2,1,0,0,0,1,0,0,0,0,1
3757,70,18.0,26000,2018,2,2,1,0,0,0,0,0,0,1,0
3760,9,15.0,35000,2018,2,2,0,0,0,1,0,1,0,0,0
3761,29,15.0,47500,2018,2,2,0,0,0,1,0,0,0,0,1
3769,214,18.0,86200,2018,2,3,1,0,0,0,0,1,0,0,0
3770,117,18.0,67800,2018,2,3,1,0,0,0,0,0,1,0,0
3780,9,15.0,23000,2018,2,3,0,0,0,1,0,1,0,0,0
3783,8,15.0,32500,2018,2,3,0,0,0,1,0,0,0,0,1
3786,79,13.0,71200,2018,2,5,1,0,0,0,0,1,0,0,0
3787,111,13.0,60000,2018,2,5,1,0,0,0,0,0,1,0,0
3793,20,8.0,21000,2018,2,5,0,0,0,1,0,1,0,0,0
3796,8,8.0,36300,2018,2,5,0,0,0,1,0,0,0,0,1
3797,11,13.0,36000,2018,2,5,0,0,0,1,0,0,0,0,1
3798,1,15.0,30000,2018,2,5,0,0,0,1,0,0,0,0,1
3809,19,15.0,44200,2018,2,6,0,0,0,1,0,0,0,0,1
3810,5,20.0,30000,2018,2,6,0,0,0,1,0,0,0,0,1
3814,1,15.0,22000,2018,2,7,0,0,0,1,0,1,0,0,0
3822,2,15.0,57500,2018,2,8,0,0,0,1,0,0,0,0,1
3832,3,15.0,49300,2018,2,9,0,0,0,1,0,0,0,0,1
3836,52,18.0,70000,2018,2,10,1,0,0,0,0,0,1,0,0
3842,8,15.0,32000,2018,2,10,0,0,0,1,0,1,0,0,0
3844,43,15.0,32000,2018,2,10,0,0,0,1,0,0,0,0,1
3846,452,18.0,43700,2018,2,12,1,0,0,0,0,0,1,0,0
3851,55,10.0,23000,2018,2,12,0,0,0,1,0,1,0,0,0
3853,57,15.0,31600,2018,2,12,0,0,0,1,0,0,0,0,1
3860,192,18.0,40500,2018,2,13,1,0,0,0,0,0,1,0,0
3867,93,15.0,10000,2018,2,13,0,0,0,1,0,1,0,0,0
3870,51,15.0,27300,2018,2,13,0,0,0,1,0,0,0,0,1
3884,75,18.0,72600,2018,2,21,1,0,0,0,0,1,0,0,0
3885,2,18.0,65000,2018,2,21,1,0,0,0,0,0,1,0,0
3895,95,18.0,68200,2018,2,22,1,0,0,0,0,1,0,0,0
3896,255,18.0,46100,2018,2,22,1,0,0,0,0,0,1,0,0
3903,2,18.0,10000,2018,2,22,1,0,0,0,0,0,0,0,1
3908,105,18.0,40000,2018,2,23,1,0,0,0,0,1,0,0,0
3909,6,10.0,40000,2018,2,23,1,0,0,0,0,0,1,0,0
3910,297,18.0,40500,2018,2,23,1,0,0,0,0,0,1,0,0
3922,124,18.0,34300,2018,2,24,1,0,0,0,0,0,1,0,0
3927,28,10.0,40000,2018,2,26,1,0,0,0,0,1,0,0,0
3928,16,18.0,40000,2018,2,26,1,0,0,0,0,1,0,0,0
3929,88,10.0,35000,2018,2,26,1,0,0,0,0,0,1,0,0
3930,313,18.0,33600,2018,2,26,1,0,0,0,0,0,1,0,0
3935,63,18.0,15000,2018,2,26,1,0,0,0,0,0,0,1,0
3942,4,15.0,20000,2018,2,26,0,0,0,1,0,1,0,0,0
3943,1,15.0,30000,2018,2,26,0,0,0,1,0,0,0,0,1
3954,37,18.0,60000,2018,2,27,1,0,0,0,0,1,0,0,0
3955,162,18.0,34600,2018,2,27,1,0,0,0,0,0,1,0,0
3958,55,18.0,25000,2018,2,27,1,0,0,0,0,0,0,1,0
3961,3,15.0,45000,2018,2,27,0,0,0,1,0,1,0,0,0
3967,50,18.0,55000,2018,2,28,1,0,0,0,0,1,0,0,0
3968,280,18.0,51100,2018,2,28,1,0,0,0,0,0,1,0,0
3970,243,18.0,27000,2018,2,28,1,0,0,0,0,0,0,1,0
3976,14,10.0,13000,2018,2,28,0,0,0,1,0,1,0,0,0
3977,20,15.0,38000,2018,2,28,0,0,0,1,0,0,0,0,1
3983,46,18.0,50000,2018,3,1,1,0,0,0,0,0,1,0,0
3985,52,18.0,30000,2018,3,1,1,0,0,0,0,0,0,1,0
3992,13,15.0,20000,2018,3,1,0,0,0,1,0,1,0,0,0
3994,28,18.0,60000,2018,3,2,1,0,0,0,0,0,1,0,0
3996,130,18.0,10000,2018,3,2,1,0,0,0,0,0,0,0,1
3999,7,15.0,22000,2018,3,2,0,0,0,1,0,1,0,0,0
4001,5,15.0,30000,2018,3,2,0,0,0,1,0,0,0,0,1
4005,1,15.0,30000,2018,3,5,0,0,0,1,0,0,0,0,1
4008,7,1.0,27000,2018,3,6,0,0,0,1,0,1,0,0,0
4010,10,15.0,32800,2018,3,6,0,0,0,1,0,0,0,0,1
4035,17,15.0,90000,2018,3,13,1,0,0,0,0,1,0,0,0
4036,22,18.0,80000,2018,3,13,1,0,0,0,0,0,1,0,0
4042,1,15.0,50000,2018,3,13,1,0,0,0,0,0,0,0,1
4043,200,18.0,16000,2018,3,13,1,0,0,0,0,0,0,0,1
4053,49,10.0,90000,2018,3,15,1,0,0,0,0,1,0,0,0
4054,108,13.0,80000,2018,3,15,1,0,0,0,0,0,1,0,0
4056,100,143.0,27000,2018,3,15,1,0,0,0,0,0,0,1,0
4063,1,13.0,70000,2018,3,15,0,0,0,1,0,0,0,0,1
4067,36,13.0,55000,2018,3,16,0,0,0,1,0,0,1,0,0
4074,135,18.0,55500,2018,3,17,1,0,0,0,0,0,1,0,0
4076,28,18.0,30000,2018,3,17,1,0,0,0,0,0,0,0,1
4079,25,18.0,40000,2018,3,19,0,1,0,0,0,1,0,0,0
4085,117,10.0,80000,2018,3,20,1,0,0,0,0,1,0,0,0
4086,38,10.0,70000,2018,3,20,1,0,0,0,0,0,1,0,0
4087,80,18.0,60000,2018,3,20,1,0,0,0,0,0,1,0,0
4089,149,18.0,35000,2018,3,20,1,0,0,0,0,0,0,1,0
4093,19,10.0,30000,2018,3,20,1,0,0,0,0,0,0,0,1
4098,94,18.0,77700,2018,3,21,1,0,0,0,0,0,1,0,0
4104,28,10.0,39300,2018,3,21,0,0,0,1,0,0,0,0,1
4119,166,18.0,62600,2018,3,24,1,0,0,0,0,1,0,0,0
4120,55,18.0,60000,2018,3,24,1,0,0,0,0,0,1,0,0
4123,103,18.0,60000,2018,3,26,1,0,0,0,0,1,0,0,0
4124,113,18.0,45800,2018,3,26,1,0,0,0,0,0,1,0,0
4127,51,18.0,20000,2018,3,26,1,0,0,0,0,0,0,1,0
4133,81,10.0,54300,2018,3,26,0,0,0,1,0,0,0,0,1
4139,19,18.0,50000,2018,3,27,1,0,0,0,0,1,0,0,0
4140,19,18.0,45000,2018,3,27,1,0,0,0,0,0,1,0,0
4142,89,18.0,20000,2018,3,27,1,0,0,0,0,0,0,1,0
4150,24,18.0,30000,2018,3,27,0,0,0,1,0,0,0,0,1
4155,68,18.0,70000,2018,3,28,1,0,0,0,0,0,1,0,0
4170,143,18.0,22200,2018,3,29,1,0,0,0,0,0,0,0,1
4171,6,18.0,25000,2018,3,29,0,0,0,1,0,0,0,0,1
4182,40,18.0,83000,2018,3,31,1,0,0,0,0,0,0,0,1
4183,64,18.0,8800,2018,3,31,0,1,0,0,0,0,0,0,1
4187,13,18.0,9000,2018,3,31,0,0,0,1,0,1,0,0,0
4199,3,13.0,20000,2018,4,3,0,0,0,1,0,0,0,0,1
4206,1,18.0,20000,2018,4,5,0,0,0,1,0,0,0,0,1
4217,41,15.0,85000,2018,4,7,1,0,0,0,0,1,0,0,0
4218,52,15.0,80000,2018,4,7,1,0,0,0,0,0,1,0,0
4229,61,15.0,60000,2018,4,9,1,0,0,0,0,1,0,0,0
4230,211,15.0,53000,2018,4,9,1,0,0,0,0,0,1,0,0
4245,100,15.0,13000,2018,4,11,1,0,0,0,0,0,0,0,1
4247,2,13.0,30000,2018,4,11,0,0,0,1,0,0,1,0,0
4248,1,13.0,70000,2018,4,11,0,0,0,1,0,0,0,0,1
4257,27,15.0,85000,2018,4,12,1,0,0,0,0,1,0,0,0
4258,12,15.0,65000,2018,4,12,1,0,0,0,0,0,1,0,0
4287,10,15.0,80000,2018,4,16,1,0,0,0,0,1,0,0,0
4288,44,15.0,75000,2018,4,16,1,0,0,0,0,0,1,0,0
4292,31,15.0,20000,2018,4,16,1,0,0,0,0,0,0,1,0
4299,3,15.0,50000,2018,4,16,0,0,0,1,0,0,0,0,1
4317,9,13.0,15000,2018,4,18,0,0,0,1,0,0,0,0,1
4322,55,15.0,75000,2018,4,19,1,0,0,0,0,1,0,0,0
4323,41,15.0,73800,2018,4,19,1,0,0,0,0,0,1,0,0
4325,147,15.0,20400,2018,4,19,1,0,0,0,0,0,0,1,0
4330,1,15.0,40000,2018,4,19,1,0,0,0,0,0,0,0,1
4338,160,15.0,90000,2018,4,20,1,0,0,0,0,1,0,0,0
4339,25,13.0,70000,2018,4,20,1,0,0,0,0,0,1,0,0
4340,15,15.0,90000,2018,4,20,1,0,0,0,0,0,1,0,0
4342,53,15.0,20000,2018,4,20,1,0,0,0,0,0,0,1,0
4345,1,13.0,30000,2018,4,20,1,0,0,0,0,0,0,0,1
4349,44,15.0,50000,2018,4,21,1,0,0,0,0,1,0,0,0
4350,308,15.0,56900,2018,4,21,1,0,0,0,0,0,1,0,0
4354,1,15.0,30000,2018,4,21,1,0,0,0,0,0,0,0,1
4355,109,15.0,66000,2018,4,23,1,0,0,0,0,1,0,0,0
4356,14,13.0,40000,2018,4,23,1,0,0,0,0,0,1,0,0
4357,138,15.0,62000,2018,4,23,1,0,0,0,0,0,1,0,0
4372,46,15.0,35000,2018,4,24,1,0,0,0,0,1,0,0,0
4373,110,15.0,35000,2018,4,24,1,0,0,0,0,0,1,0,0
4381,66,15.0,26200,2018,4,24,0,0,0,1,0,0,0,0,1
4403,75,15.0,95000,2018,4,28,1,0,0,0,0,0,1,0,0
4405,16,15.0,110000,2018,4,30,1,0,0,0,0,0,1,0,0
4427,4,15.0,20000,2018,5,1,0,0,0,1,0,0,0,0,1
4437,86,15.0,27000,2018,5,3,0,0,0,1,0,0,0,1,0
4439,228,15.0,47800,2018,5,3,0,0,0,1,0,0,0,0,1
4445,79,10.0,49400,2018,5,4,0,0,0,1,0,0,0,0,1
4450,48,15.0,8000,2018,5,5,0,0,0,0,1,0,1,0,0
4451,53,15.0,8000,2018,5,5,0,0,0,0,1,0,0,0,1
4452,40,15.0,90000,2018,5,7,0,0,0,1,0,1,0,0,0
4453,46,15.0,65000,2018,5,7,0,0,0,1,0,0,1,0,0
4456,4,15.0,30000,2018,5,7,0,0,0,1,0,0,0,0,1
4471,107,15.0,48600,2018,5,11,0,0,0,1,0,0,0,0,1
4477,59,15.0,70000,2018,5,12,0,0,0,1,0,0,1,0,0
4480,14,10.0,80000,2018,5,14,0,0,0,1,0,0,1,0,0
4482,376,10.0,43200,2018,5,14,0,0,0,1,0,0,0,0,1
4483,127,15.0,63900,2018,5,14,0,0,0,1,0,0,0,0,1
4487,120,15.0,13000,2018,5,14,0,0,0,0,1,0,0,0,1
4493,137,15.0,50000,2018,5,15,0,0,0,1,0,0,0,0,1
4502,55,15.0,50000,2018,5,16,0,0,0,1,0,0,1,0,0
4503,203,15.0,40100,2018,5,16,0,0,0,1,0,0,0,0,1
4511,1,15.0,45000,2018,5,17,0,0,0,1,0,0,1,0,0
4514,2,15.0,37000,2018,5,17,0,0,0,1,0,0,0,0,1
4518,100,15.0,14000,2018,5,18,0,1,0,0,0,0,0,0,1
4524,10,15.0,43000,2018,5,18,0,0,0,1,0,1,0,0,0
4525,2,15.0,40000,2018,5,18,0,0,0,1,0,0,1,0,0
4531,12,13.0,45000,2018,5,19,1,0,0,0,0,0,1,0,0
4533,50,15.0,5000,2018,5,19,0,0,0,0,1,0,0,0,1
4535,54,13.0,61200,2018,5,21,0,0,0,1,0,0,0,0,1
4536,5,15.0,110000,2018,5,21,0,0,0,1,0,0,0,0,1
4549,2,15.0,45000,2018,5,24,0,0,0,1,0,0,0,0,1
4564,154,15.0,74400,2018,5,26,0,0,0,1,0,0,0,0,1
4567,3,15.0,30000,2018,5,26,0,0,0,0,1,0,0,0,1
4570,27,15.0,84600,2018,5,28,0,0,0,1,0,0,0,0,1
4572,2,15.0,40000,2018,5,28,0,0,0,0,1,0,0,0,1
4581,75,15.0,91300,2018,5,29,0,0,0,1,0,0,0,0,1
4589,1,15.0,65000,2018,5,30,0,0,0,1,0,0,1,0,0
4593,14,10.0,60700,2018,5,30,0,0,0,1,0,0,0,0,1
4600,5,15.0,61400,2018,5,31,0,0,0,1,0,1,0,0,0
4601,1,15.0,65000,2018,5,31,0,0,0,1,0,0,1,0,0
4604,1,15.0,38000,2018,5,31,0,0,0,1,0,0,0,1,0
4608,79,15.0,56800,2018,5,31,0,0,0,1,0,0,0,0,1
4609,7,15.0,20000,2018,5,31,0,0,0,0,1,0,0,0,1
4618,1,15.0,42000,2018,6,1,0,0,0,1,0,0,0,1,0
4620,27,15.0,81100,2018,6,1,0,0,0,1,0,0,0,0,1
4626,55,15.0,55000,2018,6,2,0,0,0,1,0,0,1,0,0
4631,97,15.0,67600,2018,6,2,0,0,0,1,0,0,0,0,1
4632,4,15.0,10000,2018,6,2,0,0,0,0,1,0,0,0,1
4634,100,15.0,25000,2018,6,4,1,0,0,0,0,0,0,0,1
4636,69,15.0,35100,2018,6,4,0,0,0,1,0,0,1,0,0
4640,117,15.0,20100,2018,6,4,0,0,0,1,0,0,0,1,0
4642,229,15.0,29700,2018,6,4,0,0,0,1,0,0,0,0,1
4649,23,15.0,48600,2018,6,5,0,0,0,1,0,1,0,0,0
4650,252,15.0,33000,2018,6,5,0,0,0,1,0,0,1,0,0
4653,3,15.0,17000,2018,6,5,0,0,0,1,0,0,0,1,0
4655,212,15.0,32000,2018,6,5,0,0,0,1,0,0,0,0,1
4656,2,15.0,15000,2018,6,5,0,0,0,0,1,0,0,0,1
4664,5,15.0,30000,2018,6,6,1,0,0,0,0,1,0,0,0
4665,77,15.0,21000,2018,6,6,1,0,0,0,0,0,1,0,0
4667,274,15.0,33900,2018,6,6,0,0,0,1,0,0,0,0,1
4672,109,15.0,49100,2018,6,7,0,0,0,1,0,0,0,0,1
4678,49,15.0,76800,2018,6,8,0,0,0,1,0,0,0,0,1
4683,3,15.0,45000,2018,6,9,0,0,0,1,0,0,1,0,0
4686,62,15.0,29900,2018,6,9,0,0,0,1,0,0,0,1,0
4688,226,15.0,39700,2018,6,9,0,0,0,1,0,0,0,0,1
4692,5,15.0,50000,2018,6,11,0,0,0,1,0,1,0,0,0
4693,1,25.0,30000,2018,6,11,0,0,0,1,0,1,0,0,0
4694,10,25.0,36500,2018,6,11,0,0,0,1,0,0,1,0,0
4705,22,15.0,25800,2018,6,13,0,0,0,1,0,1,0,0,0
4706,23,15.0,18300,2018,6,13,0,0,0,1,0,0,1,0,0
4709,111,15.0,96000,2018,6,13,0,0,0,1,0,0,0,0,1
4710,3,15.0,10000,2018,6,13,0,0,0,0,1,0,0,0,1
4714,3,15.0,65000,2018,6,14,0,0,0,1,0,1,0,0,0
4715,3,15.0,70000,2018,6,14,0,0,0,1,0,0,1,0,0
4717,125,15.0,78600,2018,6,14,0,0,0,1,0,0,0,0,1
4731,1,15.0,70000,2018,6,15,0,0,0,1,0,1,0,0,0
4732,84,15.0,55600,2018,6,15,0,0,0,1,0,0,1,0,0
4735,149,15.0,59300,2018,6,15,0,0,0,1,0,0,0,0,1
4742,6,15.0,15000,2018,6,16,0,0,0,0,1,0,0,0,1
4747,3,15.0,22000,2018,6,18,0,0,0,1,0,0,0,1,0
4753,165,15.0,61200,2018,6,19,0,0,0,1,0,0,0,0,1
4754,15,15.0,15000,2018,6,19,0,0,0,0,1,0,0,0,1
4762,21,15.0,42000,2018,6,20,0,0,0,1,0,0,0,1,0
4763,18,15.0,65800,2018,6,20,0,0,0,1,0,0,0,0,1
4769,5,13.0,35000,2018,6,21,1,0,0,0,0,0,0,0,1
4773,2,15.0,90000,2018,6,21,0,0,0,1,0,1,0,0,0
4774,35,15.0,80000,2018,6,21,0,0,0,1,0,0,1,0,0
4775,145,15.0,94000,2018,6,21,0,0,0,1,0,0,0,0,1
4776,3,15.0,25000,2018,6,21,0,0,0,0,1,0,0,0,1
4785,4,15.0,45000,2018,6,22,1,0,0,0,0,1,0,0,0
4786,7,15.0,45000,2018,6,22,1,0,0,0,0,0,1,0,0
4788,17,15.0,20000,2018,6,22,1,0,0,0,0,0,0,0,1
4795,34,15.0,74600,2018,6,22,0,0,0,1,0,1,0,0,0
4804,14,15.0,30000,2018,6,23,1,0,0,0,0,0,1,0,0
4805,4,15.0,25000,2018,6,23,1,0,0,0,0,0,0,1,0
4811,5,15.0,55000,2018,6,23,0,0,0,1,0,1,0,0,0
4812,29,15.0,41700,2018,6,23,0,0,0,1,0,0,1,0,0
4813,23,15.0,31300,2018,6,23,0,0,0,1,0,0,0,0,1
4814,206,15.0,17000,2018,6,23,0,0,0,0,1,0,0,0,1
4815,1,15.0,60000,2018,6,25,1,0,0,0,0,0,0,0,1
4821,5,10.0,35000,2018,6,25,0,0,0,1,0,1,0,0,0
4822,35,10.0,63000,2018,6,25,0,0,0,1,0,0,1,0,0
4823,10,10.0,50000,2018,6,25,0,0,0,1,0,0,0,0,1
4826,211,15.0,15000,2018,6,25,0,0,0,0,1,0,0,0,1
4834,12,15.0,56700,2018,6,26,0,0,0,1,0,1,0,0,0
4835,10,15.0,46000,2018,6,26,0,0,0,1,0,0,1,0,0
4838,49,15.0,69000,2018,6,26,0,0,0,1,0,0,0,0,1
4839,128,15.0,14000,2018,6,26,0,0,0,0,1,0,0,0,1
4848,36,15.0,40000,2018,6,27,1,0,0,0,0,0,1,0,0
4856,4,15.0,42000,2018,6,27,0,0,0,1,0,0,1,0,0
4860,1,15.0,30000,2018,6,27,0,0,0,1,0,0,0,1,0
4866,3,15.0,30000,2018,6,28,0,0,0,1,0,0,1,0,0
4868,11,8.0,70000,2018,6,28,0,0,0,1,0,0,0,0,1
4869,43,15.0,56900,2018,6,28,0,0,0,1,0,0,0,0,1
4872,1,13.0,50000,2018,6,29,0,0,0,1,0,0,0,0,1
4873,6,15.0,40000,2018,6,29,0,0,0,1,0,0,0,0,1
4874,3,16.0,50000,2018,6,29,0,0,0,1,0,0,0,0,1
4875,5,13.0,35000,2018,6,29,0,0,0,0,1,0,0,0,1
4880,6,10.0,50000,2018,6,30,0,0,0,1,0,0,1,0,0
4881,23,15.0,75400,2018,6,30,0,0,0,1,0,0,0,0,1
4884,28,15.0,15000,2018,6,30,0,0,0,0,1,0,0,0,1
4889,2,15.0,50000,2018,7,2,0,0,0,1,0,0,1,0,0
4893,5,15.0,34200,2018,7,2,0,0,0,1,0,0,0,1,0
4897,72,10.0,48300,2018,7,2,0,0,0,1,0,0,0,0,1
4898,69,15.0,59800,2018,7,2,0,0,0,1,0,0,0,0,1
4903,60,13.0,58900,2018,7,3,0,0,0,1,0,0,0,0,1
4911,19,18.0,54700,2018,7,5,0,0,0,1,0,0,0,0,1
4918,35,13.0,75000,2018,7,6,1,0,0,0,0,0,1,0,0
4922,27,13.0,60000,2018,7,6,0,0,0,1,0,1,0,0,0
4923,60,13.0,87300,2018,7,6,0,0,0,1,0,0,0,0,1
4924,18,18.0,70000,2018,7,6,0,0,0,1,0,0,0,0,1
4932,279,13.0,35300,2018,7,7,1,0,0,0,0,0,1,0,0
4936,407,13.0,14200,2018,7,7,1,0,0,0,0,0,0,1,0
4945,330,13.0,50000,2018,7,9,1,0,0,0,0,1,0,0,0
4946,269,13.0,26900,2018,7,9,1,0,0,0,0,0,1,0,0
4949,100,13.0,12000,2018,7,9,1,0,0,0,0,0,0,1,0
4951,1,13.0,10000,2018,7,9,1,0,0,0,0,0,0,0,1
4952,3,13.0,15000,2018,7,9,0,0,0,1,0,0,0,0,1
4961,591,13.0,20500,2018,7,10,1,0,0,0,0,0,1,0,0
4965,465,13.0,12000,2018,7,10,1,0,0,0,0,0,0,1,0
4967,300,13.0,12000,2018,7,10,1,0,0,0,0,0,0,0,1
4971,9,13.0,11000,2018,7,10,0,0,0,1,0,1,0,0,0
4983,1,10.0,10000,2018,7,11,0,0,0,1,0,0,0,0,1
4993,762,13.0,15000,2018,7,12,1,0,0,0,0,0,0,1,0
4998,14,13.0,15300,2018,7,12,0,0,0,1,0,1,0,0,0
4999,3,13.0,17000,2018,7,12,0,0,0,1,0,0,1,0,0
5003,50,13.0,35000,2018,7,13,1,0,0,0,0,1,0,0,0
5004,386,13.0,32300,2018,7,13,1,0,0,0,0,0,1,0,0
5007,220,13.0,15000,2018,7,13,1,0,0,0,0,0,0,1,0
5009,101,13.0,39700,2018,7,13,1,0,0,0,0,0,0,0,1
5012,5,18.0,30000,2018,7,13,0,0,0,1,0,0,0,0,1
5018,10,13.0,40000,2018,7,14,1,0,0,0,0,1,0,0,0
5019,153,13.0,42600,2018,7,14,1,0,0,0,0,0,1,0,0
5027,3,13.0,25000,2018,7,14,0,0,0,1,0,0,0,0,1
5031,321,13.0,45000,2018,7,16,1,0,0,0,0,1,0,0,0
5032,47,13.0,40000,2018,7,16,1,0,0,0,0,0,1,0,0
5040,3,10.0,16000,2018,7,16,0,0,0,1,0,0,0,0,1
5045,60,13.0,50000,2018,7,17,1,0,0,0,0,1,0,0,0
5046,30,13.0,40000,2018,7,17,1,0,0,0,0,0,1,0,0
5048,933,13.0,15200,2018,7,17,1,0,0,0,0,0,0,1,0
5060,377,13.0,31900,2018,7,18,1,0,0,0,0,0,1,0,0
5062,577,13.0,10000,2018,7,18,1,0,0,0,0,0,0,1,0
5064,13,13.0,45000,2018,7,18,0,1,0,0,0,1,0,0,0
5065,200,13.0,20000,2018,7,18,0,1,0,0,0,0,0,1,0
5068,49,13.0,34200,2018,7,18,0,0,0,1,0,0,0,0,1
5073,50,13.0,50000,2018,7,19,1,0,0,0,0,1,0,0,0
5074,75,13.0,50000,2018,7,19,1,0,0,0,0,0,1,0,0
5078,28,13.0,28000,2018,7,19,0,0,0,1,0,0,0,0,1
5079,55,13.0,43600,2018,7,20,1,0,0,0,0,1,0,0,0
5080,217,13.0,37600,2018,7,20,1,0,0,0,0,0,1,0,0
5083,471,13.0,12700,2018,7,20,1,0,0,0,0,0,0,1,0
5085,41,13.0,28000,2018,7,20,0,0,0,1,0,1,0,0,0
5086,71,13.0,49600,2018,7,20,0,0,0,1,0,0,0,0,1
5087,12,13.0,5000,2018,7,20,0,0,0,0,1,0,0,0,1
5091,41,13.0,50000,2018,7,21,1,0,0,0,0,1,0,0,0
5092,53,13.0,40000,2018,7,21,1,0,0,0,0,0,1,0,0
5096,24,13.0,25000,2018,7,21,0,0,0,1,0,0,0,0,1
5099,98,13.0,49800,2018,7,23,1,0,0,0,0,0,1,0,0
5100,654,13.0,23400,2018,7,23,1,0,0,0,0,0,0,1,0
5105,21,13.0,50000,2018,7,24,1,0,0,0,0,1,0,0,0
5106,120,13.0,38500,2018,7,24,1,0,0,0,0,0,1,0,0
5110,10,13.0,5000,2018,7,24,0,0,0,0,1,0,0,0,1
5113,15,13.0,35000,2018,7,25,1,0,0,0,0,1,0,0,0
5114,285,13.0,41400,2018,7,25,1,0,0,0,0,0,1,0,0
5118,180,13.0,22800,2018,7,25,1,0,0,0,0,0,0,1,0
5120,1,13.0,10000,2018,7,25,1,0,0,0,0,0,0,0,1
5124,8,13.0,25000,2018,7,25,0,0,0,1,0,1,0,0,0
5125,2,13.0,25000,2018,7,25,0,0,0,1,0,0,1,0,0
5126,1,14.0,15000,2018,7,25,0,0,0,1,0,0,0,0,1
5127,8,16.0,25000,2018,7,25,0,0,0,1,0,0,0,0,1
5128,3,18.0,25000,2018,7,25,0,0,0,1,0,0,0,0,1
5138,90,13.0,50000,2018,7,26,1,0,0,0,0,1,0,0,0
5139,246,13.0,40700,2018,7,26,1,0,0,0,0,0,1,0,0
5143,775,13.0,16900,2018,7,26,1,0,0,0,0,0,0,1,0
5146,28,13.0,25000,2018,7,26,0,0,0,1,0,0,0,0,1
5147,7,18.0,25000,2018,7,26,0,0,0,1,0,0,0,0,1
5150,129,13.0,47300,2018,7,27,1,0,0,0,0,0,1,0,0
5151,249,13.0,14000,2018,7,27,1,0,0,0,0,0,0,1,0
5152,17,18.0,28200,2018,7,27,0,0,0,1,0,0,0,0,1
5158,39,13.0,65000,2018,7,30,0,0,0,1,0,0,0,0,1
5159,16,18.0,30000,2018,7,30,0,0,0,1,0,0,0,0,1
5161,14,13.0,40000,2018,7,31,1,0,0,0,0,0,1,0,0
5163,47,13.0,52700,2018,7,31,0,0,0,1,0,0,0,0,1
5164,2,16.0,40000,2018,7,31,0,0,0,1,0,0,0,0,1
5167,26,10.0,46300,2018,8,1,0,0,0,1,0,0,1,0,0
5168,3,18.0,30000,2018,8,1,0,0,0,1,0,0,0,0,1
5171,80,13.0,55000,2018,8,2,1,0,0,0,0,0,1,0,0
5173,1,13.0,50000,2018,8,2,0,0,0,1,0,1,0,0,0
5174,3,13.0,45000,2018,8,2,0,0,0,1,0,0,1,0,0
5177,57,13.0,60900,2018,8,2,0,0,0,1,0,0,0,0,1
5178,2,17.0,50000,2018,8,2,0,0,0,1,0,0,0,0,1
5179,9,18.0,30000,2018,8,2,0,0,0,1,0,0,0,0,1
5186,40,13.0,50000,2018,8,3,1,0,0,0,0,1,0,0,0
5187,312,13.0,42700,2018,8,3,1,0,0,0,0,0,1,0,0
5190,733,13.0,15000,2018,8,3,1,0,0,0,0,0,0,1,0
5195,6,13.0,30000,2018,8,3,0,0,0,1,0,1,0,0,0
5197,34,13.0,45000,2018,8,4,1,0,0,0,0,1,0,0,0
5198,184,13.0,29600,2018,8,4,1,0,0,0,0,0,1,0,0
5200,409,13.0,19000,2018,8,4,1,0,0,0,0,0,0,1,0
5202,128,13.0,20000,2018,8,4,1,0,0,0,0,0,0,0,1
5207,39,13.0,53000,2018,8,4,0,0,0,1,0,0,0,0,1
5208,100,13.0,47800,2018,8,6,1,0,0,0,0,1,0,0,0
5209,44,10.0,30000,2018,8,6,1,0,0,0,0,0,1,0,0
5210,255,13.0,26100,2018,8,6,1,0,0,0,0,0,1,0,0
5213,940,13.0,12100,2018,8,6,1,0,0,0,0,0,0,1,0
5216,57,13.0,44400,2018,8,6,0,0,0,1,0,0,0,0,1
5223,41,13.0,40000,2018,8,7,1,0,0,0,0,1,0,0,0
5224,465,13.0,28700,2018,8,7,1,0,0,0,0,0,1,0,0
5226,1180,13.0,12500,2018,8,7,1,0,0,0,0,0,0,1,0
5230,140,13.0,50000,2018,8,8,1,0,0,0,0,1,0,0,0
5231,153,13.0,23800,2018,8,8,1,0,0,0,0,0,1,0,0
5233,444,13.0,13400,2018,8,8,1,0,0,0,0,0,0,1,0
5234,34,13.0,22000,2018,8,8,0,0,0,1,0,1,0,0,0
5235,19,13.0,18000,2018,8,8,0,0,0,1,0,0,1,0,0
5236,79,13.0,42000,2018,8,8,0,0,0,1,0,0,0,0,1
5237,4,18.0,30000,2018,8,8,0,0,0,1,0,0,0,0,1
5240,156,13.0,29000,2018,8,9,1,0,0,0,0,0,1,0,0
5243,939,13.0,12500,2018,8,9,1,0,0,0,0,0,0,1,0
5247,241,13.0,47000,2018,8,10,1,0,0,0,0,1,0,0,0
5248,168,13.0,30400,2018,8,10,1,0,0,0,0,0,1,0,0
5251,562,13.0,12200,2018,8,10,1,0,0,0,0,0,0,1,0
5253,70,13.0,30700,2018,8,10,1,0,0,0,0,0,0,0,1
5254,115,13.0,38400,2018,8,10,0,0,0,1,0,0,0,0,1
5255,14,18.0,10000,2018,8,10,0,0,0,1,0,0,0,0,1
5261,92,13.0,50000,2018,8,11,1,0,0,0,0,1,0,0,0
5262,188,13.0,32100,2018,8,11,1,0,0,0,0,0,1,0,0
5264,783,13.0,12000,2018,8,11,1,0,0,0,0,0,0,1,0
5267,172,13.0,45000,2018,8,13,1,0,0,0,0,1,0,0,0
5268,175,13.0,26200,2018,8,13,1,0,0,0,0,0,1,0,0
5271,551,13.0,12200,2018,8,13,1,0,0,0,0,0,0,1,0
5272,80,13.0,37000,2018,8,13,1,0,0,0,0,0,0,0,1
5274,95,13.0,30500,2018,8,13,0,0,0,1,0,0,0,0,1
5278,119,13.0,30900,2018,8,14,1,0,0,0,0,0,1,0,0
5279,515,13.0,15600,2018,8,14,1,0,0,0,0,0,0,1,0
5280,100,15.0,16000,2018,8,14,1,0,0,0,0,0,0,1,0
5281,7,13.0,20000,2018,8,14,0,0,0,1,0,0,0,0,1
5285,61,13.0,40000,2018,8,15,1,0,0,0,0,1,0,0,0
5286,37,10.0,40000,2018,8,15,1,0,0,0,0,0,1,0,0
5287,265,13.0,37800,2018,8,15,1,0,0,0,0,0,1,0,0
5288,107,10.0,20000,2018,8,15,1,0,0,0,0,0,0,1,0
5289,677,13.0,20000,2018,8,15,1,0,0,0,0,0,0,1,0
5290,21,13.0,60000,2018,8,15,1,0,0,0,0,0,0,0,1
5294,150,13.0,50000,2018,8,16,1,0,0,0,0,1,0,0,0
5295,281,13.0,28600,2018,8,16,1,0,0,0,0,0,1,0,0
5300,207,13.0,17700,2018,8,16,1,0,0,0,0,0,0,0,1
5309,90,13.0,41700,2018,8,17,1,0,0,0,0,1,0,0,0
5310,393,13.0,29400,2018,8,17,1,0,0,0,0,0,1,0,0
5312,2064,13.0,13700,2018,8,17,1,0,0,0,0,0,0,1,0
5316,1,10.0,30000,2018,8,17,0,0,0,1,0,0,0,0,1
5317,18,18.0,30000,2018,8,17,0,0,0,1,0,0,0,0,1
5321,226,13.0,30000,2018,8,18,1,0,0,0,0,0,1,0,0
5322,386,13.0,12500,2018,8,18,1,0,0,0,0,0,0,1,0
5323,150,13.0,14000,2018,8,18,1,0,0,0,0,0,0,0,1
5325,293,13.0,15000,2018,8,18,0,1,0,0,0,0,0,1,0
5328,87,10.0,50000,2018,8,20,1,0,0,0,0,1,0,0,0
5329,202,10.0,37500,2018,8,20,1,0,0,0,0,0,1,0,0
5331,1673,10.0,15500,2018,8,20,1,0,0,0,0,0,0,1,0
5334,340,10.0,48200,2018,8,21,1,0,0,0,0,1,0,0,0
5335,40,10.0,31900,2018,8,21,1,0,0,0,0,0,1,0,0
5336,76,15.0,35000,2018,8,21,1,0,0,0,0,0,1,0,0
5339,755,10.0,12000,2018,8,21,1,0,0,0,0,0,0,1,0
5341,3,15.0,30000,2018,8,21,0,0,0,1,0,0,0,0,1
5347,178,10.0,36800,2018,8,22,1,0,0,0,0,1,0,0,0
5348,615,10.0,22700,2018,8,22,1,0,0,0,0,0,1,0,0
5351,714,10.0,13300,2018,8,22,1,0,0,0,0,0,0,1,0
5354,27,10.0,30000,2018,8,22,0,0,0,1,0,0,0,0,1
5357,109,10.0,65000,2018,8,23,1,0,0,0,0,1,0,0,0
5358,353,10.0,47300,2018,8,23,1,0,0,0,0,0,1,0,0
5361,311,10.0,15700,2018,8,23,1,0,0,0,0,0,0,1,0
5366,124,10.0,51600,2018,8,24,1,0,0,0,0,0,1,0,0
5369,594,10.0,21000,2018,8,24,1,0,0,0,0,0,0,1,0
5373,10,13.0,35000,2018,8,27,1,0,0,0,0,0,1,0,0
5375,280,13.0,18000,2018,8,27,1,0,0,0,0,0,0,1,0
5376,70,10.0,45000,2018,8,27,0,0,0,1,0,0,0,0,1
5377,350,13.0,40600,2018,8,27,0,0,0,1,0,0,0,0,1
5385,34,13.0,70000,2018,8,28,1,0,0,0,0,1,0,0,0
5386,35,13.0,60000,2018,8,28,1,0,0,0,0,0,1,0,0
5388,95,13.0,28000,2018,8,28,1,0,0,0,0,0,0,1,0
5390,220,13.0,12000,2018,8,28,1,0,0,0,0,0,0,0,1
5391,30,13.0,50000,2018,8,28,0,0,0,1,0,1,0,0,0
5393,149,13.0,44500,2018,8,28,0,0,0,1,0,0,0,0,1
5394,24,18.0,30000,2018,8,28,0,0,0,1,0,0,0,0,1
5403,1,10.0,30000,2018,8,29,0,0,0,1,0,0,0,0,1
5404,80,13.0,47900,2018,8,29,0,0,0,1,0,0,0,0,1
5421,186,13.0,52300,2018,8,30,0,0,0,1,0,0,0,0,1
5422,31,18.0,30000,2018,8,30,0,0,0,1,0,0,0,0,1
5426,300,13.0,56300,2018,8,31,1,0,0,0,0,0,1,0,0
5433,46,13.0,48000,2018,8,31,0,0,0,1,0,0,0,0,1
5438,70,13.0,68000,2018,9,1,1,0,0,0,0,1,0,0,0
5439,546,13.0,38200,2018,9,1,1,0,0,0,0,0,1,0,0
5443,1406,13.0,21600,2018,9,1,1,0,0,0,0,0,0,1,0
5448,220,13.0,18300,2018,9,1,0,0,0,1,0,0,0,0,1
5452,226,13.0,33800,2018,9,3,1,0,0,0,0,0,1,0,0
5454,1298,13.0,15500,2018,9,3,1,0,0,0,0,0,0,1,0
5455,179,13.0,45000,2018,9,3,0,0,0,1,0,0,1,0,0
5458,20,13.0,25300,2018,9,3,0,0,0,1,0,0,0,0,1
5468,1054,13.0,30300,2018,9,4,1,0,0,0,0,0,1,0,0
5470,1703,13.0,13900,2018,9,4,1,0,0,0,0,0,0,1,0
5471,108,13.0,47900,2018,9,4,1,0,0,0,0,0,0,0,1
5475,10,13.0,11000,2018,9,4,0,0,0,1,0,1,0,0,0
5478,9,13.0,11000,2018,9,4,0,0,0,1,0,0,0,0,1
5479,3,18.0,30000,2018,9,4,0,0,0,1,0,0,0,0,1
5485,685,13.0,32700,2018,9,5,1,0,0,0,0,0,1,0,0
5487,1020,13.0,12800,2018,9,5,1,0,0,0,0,0,0,1,0
5488,2,13.0,8000,2018,9,5,0,0,0,1,0,1,0,0,0
5489,2,7.0,9000,2018,9,5,0,0,0,1,0,0,0,0,1
5493,227,13.0,50000,2018,9,6,1,0,0,0,0,1,0,0,0
5494,679,13.0,27600,2018,9,6,1,0,0,0,0,0,1,0,0
5496,509,13.0,16600,2018,9,6,1,0,0,0,0,0,0,1,0
5497,2,13.0,30000,2018,9,6,0,0,0,1,0,0,0,0,1
5501,783,13.0,24100,2018,9,7,1,0,0,0,0,0,1,0,0
5503,659,13.0,13300,2018,9,7,1,0,0,0,0,0,0,1,0
5506,6,18.0,30000,2018,9,7,0,0,0,1,0,0,0,0,1
5509,108,13.0,50000,2018,9,8,1,0,0,0,0,1,0,0,0
5510,292,13.0,27600,2018,9,8,1,0,0,0,0,0,1,0,0
5512,1401,13.0,13800,2018,9,8,1,0,0,0,0,0,0,1,0
5513,149,13.0,50000,2018,9,10,1,0,0,0,0,1,0,0,0
5514,430,13.0,24300,2018,9,10,1,0,0,0,0,0,1,0,0
5517,1616,13.0,13600,2018,9,10,1,0,0,0,0,0,0,1,0
5520,440,13.0,27300,2018,9,11,1,0,0,0,0,0,1,0,0
5521,2526,13.0,13200,2018,9,11,1,0,0,0,0,0,0,1,0
5524,50,13.0,60000,2018,9,12,1,0,0,0,0,1,0,0,0
5525,7,13.0,50000,2018,9,12,1,0,0,0,0,0,1,0,0
5527,150,13.0,20000,2018,9,12,1,0,0,0,0,0,0,1,0
5534,820,13.0,28700,2018,9,13,1,0,0,0,0,0,1,0,0
5537,883,13.0,16400,2018,9,13,1,0,0,0,0,0,0,1,0
5542,1,13.0,30000,2018,9,13,1,0,0,0,0,0,0,0,1
5544,106,13.0,50000,2018,9,14,1,0,0,0,0,1,0,0,0
5545,180,13.0,35600,2018,9,14,1,0,0,0,0,0,1,0,0
5546,1881,13.0,15300,2018,9,14,1,0,0,0,0,0,0,1,0
5550,52,13.0,57500,2018,9,15,1,0,0,0,0,1,0,0,0
5551,30,13.0,50000,2018,9,15,1,0,0,0,0,0,1,0,0
5554,1280,13.0,16100,2018,9,15,1,0,0,0,0,0,0,1,0
5557,51,13.0,41100,2018,9,17,1,0,0,0,0,1,0,0,0
5558,619,13.0,27700,2018,9,17,1,0,0,0,0,0,1,0,0
5561,1438,13.0,13500,2018,9,17,1,0,0,0,0,0,0,1,0
5564,7,10.0,10000,2018,9,17,0,0,0,1,0,0,0,0,1
5571,23,13.0,60000,2018,9,18,1,0,0,0,0,1,0,0,0
5572,336,13.0,39300,2018,9,18,1,0,0,0,0,0,1,0,0
5577,61,13.0,33000,2018,9,19,1,0,0,0,0,1,0,0,0
5578,79,13.0,24100,2018,9,19,1,0,0,0,0,0,1,0,0
5580,591,13.0,16400,2018,9,19,1,0,0,0,0,0,0,1,0
5583,19,13.0,30000,2018,9,19,1,0,0,0,0,0,0,0,1
5594,243,13.0,37100,2018,9,20,1,0,0,0,0,0,1,0,0
5596,776,13.0,12100,2018,9,20,1,0,0,0,0,0,0,1,0
5600,50,13.0,35000,2018,9,21,1,0,0,0,0,1,0,0,0
5601,398,13.0,37500,2018,9,21,1,0,0,0,0,0,1,0,0
5603,82,13.0,49000,2018,9,21,1,0,0,0,0,0,0,0,1
5604,2,13.0,20000,2018,9,21,0,0,0,1,0,0,0,0,1
5607,34,13.0,30000,2018,9,22,1,0,0,0,0,0,1,0,0
5612,150,13.0,25000,2018,9,27,1,0,0,0,0,0,0,1,0
5624,100,13.0,22000,2018,9,28,1,0,0,0,0,0,0,1,0
5632,57,13.0,46500,2018,10,1,1,0,0,0,0,0,1,0,0
5635,548,13.0,21100,2018,10,1,1,0,0,0,0,0,0,1,0
5637,6,13.0,20000,2018,10,1,0,0,1,0,0,1,0,0,0
5639,2,13.0,20000,2018,10,1,0,0,1,0,0,0,0,1,0
5642,5,10.0,28000,2018,10,1,0,0,0,1,0,0,0,0,1
5648,50,13.0,60000,2018,10,2,1,0,0,0,0,1,0,0,0
5649,357,13.0,41600,2018,10,2,1,0,0,0,0,0,1,0,0
5653,1220,13.0,25100,2018,10,2,1,0,0,0,0,0,0,1,0
5656,1,13.0,20000,2018,10,2,0,0,0,1,0,0,1,0,0
5661,33,13.0,40000,2018,10,3,1,0,0,0,0,1,0,0,0
5662,223,13.0,47800,2018,10,3,1,0,0,0,0,0,1,0,0
5664,152,13.0,24000,2018,10,3,1,0,0,0,0,0,0,1,0
5669,332,13.0,40900,2018,10,4,1,0,0,0,0,0,1,0,0
5672,300,13.0,20000,2018,10,4,1,0,0,0,0,0,0,1,0
5673,43,13.0,15000,2018,10,4,1,0,0,0,0,0,0,0,1
5676,22,18.0,30000,2018,10,4,0,0,0,1,0,0,0,0,1
5685,503,13.0,37700,2018,10,5,1,0,0,0,0,0,1,0,0
5689,950,13.0,18400,2018,10,5,1,0,0,0,0,0,0,1,0
5695,11,10.0,9700,2018,10,5,0,0,0,1,0,0,0,0,1
5696,34,18.0,30000,2018,10,5,0,0,0,1,0,0,0,0,1
5698,408,13.0,37800,2018,10,6,1,0,0,0,0,0,1,0,0
5700,1659,13.0,15600,2018,10,6,1,0,0,0,0,0,0,1,0
5701,420,13.0,17100,2018,10,8,1,0,0,0,0,0,0,1,0
5709,528,13.0,24600,2018,10,9,1,0,0,0,0,0,1,0,0
5712,1054,13.0,13600,2018,10,9,1,0,0,0,0,0,0,1,0
5714,1,13.0,10000,2018,10,9,0,0,0,1,0,1,0,0,0
5715,1,13.0,10000,2018,10,9,0,0,0,1,0,0,1,0,0
5717,2,13.0,30000,2018,10,9,0,0,0,1,0,0,0,0,1
5719,197,13.0,35100,2018,10,10,1,0,0,0,0,0,1,0,0
5723,1240,13.0,16800,2018,10,10,1,0,0,0,0,0,0,1,0
5724,1,13.0,10000,2018,10,10,1,0,0,0,0,0,0,0,1
5728,4,13.0,30000,2018,10,10,0,0,0,1,0,0,0,0,1
5733,211,13.0,47100,2018,10,11,1,0,0,0,0,0,1,0,0
5736,686,13.0,16000,2018,10,11,1,0,0,0,0,0,0,1,0
5738,2,13.0,8000,2018,10,11,0,0,0,1,0,1,0,0,0
5740,1,13.0,30000,2018,10,11,0,0,0,1,0,0,0,0,1
5745,71,13.0,47200,2018,10,12,1,0,0,0,0,0,1,0,0
5748,904,13.0,16000,2018,10,12,1,0,0,0,0,0,0,1,0
5753,524,13.0,37000,2018,10,13,1,0,0,0,0,0,1,0,0
5756,1663,13.0,16000,2018,10,13,1,0,0,0,0,0,0,1,0
5758,27,13.0,40000,2018,10,13,1,0,0,0,0,0,0,0,1
5759,3,18.0,30000,2018,10,13,0,0,0,1,0,0,0,0,1
5762,90,13.0,36400,2018,10,15,1,0,0,0,0,0,1,0,0
5763,1605,13.0,13300,2018,10,15,1,0,0,0,0,0,0,1,0
5774,226,13.0,41900,2018,10,16,1,0,0,0,0,0,1,0,0
5776,1163,13.0,17800,2018,10,16,1,0,0,0,0,0,0,1,0
5777,3,13.0,30000,2018,10,16,0,0,0,1,0,0,0,0,1
5781,71,13.0,52200,2018,10,17,1,0,0,0,0,0,1,0,0
5784,570,13.0,19300,2018,10,17,1,0,0,0,0,0,0,1,0
5786,17,13.0,50000,2018,10,18,1,0,0,0,0,1,0,0,0
5787,243,13.0,34000,2018,10,18,1,0,0,0,0,0,1,0,0
5791,445,13.0,17200,2018,10,18,1,0,0,0,0,0,0,1,0
5798,24,13.0,44000,2018,10,19,1,0,0,0,0,1,0,0,0
5799,198,13.0,41300,2018,10,19,1,0,0,0,0,0,1,0,0
5810,293,13.0,33700,2018,10,20,1,0,0,0,0,0,1,0,0
5814,265,13.0,15800,2018,10,20,1,0,0,0,0,0,0,1,0
5819,374,13.0,35500,2018,10,22,1,0,0,0,0,0,1,0,0
5823,1659,13.0,18200,2018,10,22,1,0,0,0,0,0,0,1,0
5830,259,13.0,39100,2018,10,23,1,0,0,0,0,0,1,0,0
5833,335,13.0,19300,2018,10,23,1,0,0,0,0,0,0,1,0
5836,18,13.0,30000,2018,10,23,1,0,0,0,0,0,0,0,1
5842,110,10.0,40000,2018,10,24,1,0,0,0,0,0,1,0,0
5843,75,13.0,60000,2018,10,24,1,0,0,0,0,0,1,0,0
5846,300,13.0,23300,2018,10,24,1,0,0,0,0,0,0,1,0
5852,121,13.0,45000,2018,10,25,1,0,0,0,0,0,1,0,0
5853,437,13.0,25000,2018,10,25,1,0,0,0,0,0,0,1,0
5854,4,13.0,20000,2018,10,25,0,0,0,1,0,0,0,0,1
5859,2,13.0,20000,2018,10,26,0,0,0,1,0,0,0,0,1
5863,25,13.0,36200,2018,10,27,0,0,0,1,0,0,0,0,1
5866,21,13.0,13000,2018,10,29,0,0,0,0,1,0,0,0,1
5872,21,13.0,10000,2018,10,30,0,0,0,0,1,0,0,0,1
5873,125,10.0,35000,2018,10,31,1,0,0,0,0,0,1,0,0
5874,559,13.0,38100,2018,10,31,1,0,0,0,0,0,1,0,0
5878,1192,13.0,21000,2018,10,31,1,0,0,0,0,0,0,1,0
5880,31,13.0,30000,2018,10,31,1,0,0,0,0,0,0,0,1
5881,161,10.0,40000,2018,11,1,1,0,0,0,0,0,1,0,0
5882,238,13.0,47400,2018,11,1,1,0,0,0,0,0,1,0,0
5888,1566,13.0,18900,2018,11,1,1,0,0,0,0,0,0,1,0
5892,260,13.0,36700,2018,11,2,1,0,0,0,0,0,1,0,0
5895,775,13.0,19400,2018,11,2,1,0,0,0,0,0,0,1,0
5898,61,13.0,28200,2018,11,2,1,0,0,0,0,0,0,0,1
5900,52,13.0,49200,2018,11,3,1,0,0,0,0,0,1,0,0
5902,959,13.0,16800,2018,11,3,1,0,0,0,0,0,0,1,0
5910,425,13.0,20000,2018,11,5,1,0,0,0,0,0,0,1,0
5911,69,13.0,55000,2018,11,5,0,1,0,0,0,0,1,0,0
5912,400,13.0,20000,2018,11,5,0,1,0,0,0,0,0,1,0
5921,179,13.0,38000,2018,11,6,1,0,0,0,0,0,1,0,0
5923,250,13.0,20000,2018,11,6,1,0,0,0,0,0,0,1,0
5928,149,10.0,45000,2018,11,7,1,0,0,0,0,1,0,0,0
5929,312,13.0,35600,2018,11,7,1,0,0,0,0,0,1,0,0
5933,753,13.0,21600,2018,11,7,1,0,0,0,0,0,0,1,0
5939,23,10.0,62000,2018,11,8,1,0,0,0,0,1,0,0,0
5940,141,10.0,40000,2018,11,8,1,0,0,0,0,0,1,0,0
5941,291,13.0,49100,2018,11,8,1,0,0,0,0,0,1,0,0
5943,680,13.0,21000,2018,11,8,1,0,0,0,0,0,0,1,0
5945,50,13.0,35000,2018,11,9,1,0,0,0,0,0,1,0,0
5946,661,13.0,19600,2018,11,9,1,0,0,0,0,0,0,1,0
5951,381,13.0,42800,2018,11,10,1,0,0,0,0,0,1,0,0
5952,1421,13.0,17800,2018,11,10,1,0,0,0,0,0,0,1,0
5955,32,13.0,30000,2018,11,10,1,0,0,0,0,0,0,0,1
5960,83,13.0,50900,2018,11,12,1,0,0,0,0,1,0,0,0
5961,244,13.0,34800,2018,11,12,1,0,0,0,0,0,1,0,0
5963,141,13.0,30000,2018,11,12,1,0,0,0,0,0,0,1,0
5968,333,13.0,40700,2018,11,13,1,0,0,0,0,0,1,0,0
5977,9,13.0,65000,2018,11,14,1,0,0,0,0,1,0,0,0
5978,170,13.0,54400,2018,11,14,1,0,0,0,0,0,1,0,0
5979,946,13.0,30000,2018,11,14,1,0,0,0,0,0,0,1,0
5986,40,13.0,55000,2018,11,15,1,0,0,0,0,1,0,0,0
5987,342,13.0,42000,2018,11,15,1,0,0,0,0,0,1,0,0
5990,417,13.0,23500,2018,11,15,1,0,0,0,0,0,0,1,0
5993,12,13.0,30000,2018,11,15,1,0,0,0,0,0,0,0,1
5994,43,13.0,6000,2018,11,15,0,0,0,0,1,0,0,0,1
6000,76,13.0,40000,2018,11,16,1,0,0,0,0,1,0,0,0
6001,103,10.0,50000,2018,11,16,1,0,0,0,0,0,1,0,0
6002,164,13.0,49400,2018,11,16,1,0,0,0,0,0,1,0,0
6006,537,13.0,29900,2018,11,16,1,0,0,0,0,0,0,1,0
6009,17,13.0,30000,2018,11,16,1,0,0,0,0,0,0,0,1
6017,180,13.0,50000,2018,11,17,1,0,0,0,0,1,0,0,0
6018,473,13.0,37600,2018,11,17,1,0,0,0,0,0,1,0,0
6021,838,13.0,23600,2018,11,17,1,0,0,0,0,0,0,1,0
6023,193,13.0,46400,2018,11,19,1,0,0,0,0,0,1,0,0
6026,1535,13.0,18400,2018,11,19,1,0,0,0,0,0,0,1,0
6028,44,10.0,8000,2018,11,19,0,0,0,1,0,0,0,0,1
6029,6,13.0,20000,2018,11,19,0,0,0,1,0,0,0,0,1
6033,223,13.0,18000,2018,11,20,1,0,0,0,0,0,0,1,0
6034,43,10.0,55000,2018,11,20,0,1,0,0,0,0,1,0,0
6035,707,10.0,20000,2018,11,20,0,1,0,0,0,0,0,1,0
6038,138,10.0,44100,2018,11,21,1,0,0,0,0,0,1,0,0
6039,70,13.0,47900,2018,11,21,1,0,0,0,0,0,1,0,0
6041,389,10.0,14000,2018,11,21,1,0,0,0,0,0,0,1,0
6042,767,13.0,19700,2018,11,21,1,0,0,0,0,0,0,1,0
6048,360,13.0,41300,2018,11,22,1,0,0,0,0,0,1,0,0
6050,981,13.0,20900,2018,11,22,1,0,0,0,0,0,0,1,0
6053,50,10.0,40000,2018,11,23,1,0,0,0,0,0,1,0,0
6054,302,13.0,40500,2018,11,23,1,0,0,0,0,0,1,0,0
6057,700,10.0,14000,2018,11,23,1,0,0,0,0,0,0,1,0
6058,420,13.0,22200,2018,11,23,1,0,0,0,0,0,0,1,0
6060,37,13.0,30000,2018,11,23,1,0,0,0,0,0,0,0,1
6064,25,13.0,48200,2018,11,24,0,0,0,1,0,0,0,0,1
6065,20,13.0,50000,2018,11,26,1,0,0,0,0,0,1,0,0
6068,260,13.0,23500,2018,11,26,1,0,0,0,0,0,0,1,0
6078,1,13.0,35000,2018,11,27,0,0,0,1,0,0,0,0,1
6082,152,13.0,73200,2018,11,28,1,0,0,0,0,0,1,0,0
6083,656,13.0,37300,2018,11,28,1,0,0,0,0,0,0,1,0
6091,325,13.0,54300,2018,11,29,1,0,0,0,0,0,1,0,0
6094,906,13.0,30000,2018,11,29,1,0,0,0,0,0,0,1,0
6097,7,13.0,5000,2018,11,29,1,0,0,0,0,0,0,0,1
6105,17,13.0,60000,2018,11,30,1,0,0,0,0,1,0,0,0
6106,168,13.0,45500,2018,11,30,1,0,0,0,0,0,1,0,0
6108,1131,13.0,22800,2018,11,30,1,0,0,0,0,0,0,1,0
6109,42,13.0,28600,2018,11,30,1,0,0,0,0,0,0,0,1
6111,57,10.0,60000,2018,11,30,0,1,0,0,0,0,1,0,0
6112,330,10.0,25000,2018,11,30,0,1,0,0,0,0,0,1,0
6116,142,13.0,44800,2018,12,1,1,0,0,0,0,0,1,0,0
6117,1126,13.0,19400,2018,12,1,1,0,0,0,0,0,0,1,0
6119,371,13.0,43300,2018,12,3,1,0,0,0,0,0,1,0,0
6123,350,13.0,22600,2018,12,3,1,0,0,0,0,0,0,1,0
6130,98,13.0,46300,2018,12,4,1,0,0,0,0,1,0,0,0
6131,431,13.0,40300,2018,12,4,1,0,0,0,0,0,1,0,0
6134,1035,13.0,17600,2018,12,4,1,0,0,0,0,0,0,1,0
6140,92,10.0,55000,2018,12,5,1,0,0,0,0,0,1,0,0
6141,46,13.0,35000,2018,12,5,1,0,0,0,0,0,1,0,0
6142,500,10.0,20000,2018,12,5,1,0,0,0,0,0,0,1,0
6143,513,13.0,15000,2018,12,5,1,0,0,0,0,0,0,1,0
6148,89,13.0,55000,2018,12,6,1,0,0,0,0,1,0,0,0
6149,584,13.0,43300,2018,12,6,1,0,0,0,0,0,1,0,0
6151,777,13.0,20000,2018,12,6,1,0,0,0,0,0,0,1,0
6154,5,13.0,16200,2018,12,6,1,0,0,0,0,0,0,0,1
6159,420,13.0,18300,2018,12,7,1,0,0,0,0,0,0,1,0
6162,160,13.0,48800,2018,12,8,1,0,0,0,0,0,1,0,0
6163,485,13.0,21200,2018,12,8,1,0,0,0,0,0,0,1,0
6168,33,13.0,45000,2018,12,10,1,0,0,0,0,0,1,0,0
6169,228,13.0,27000,2018,12,10,1,0,0,0,0,0,0,1,0
6171,100,13.0,37000,2018,12,11,1,0,0,0,0,0,1,0,0
6172,48,13.0,35000,2018,12,11,1,0,0,0,0,0,0,1,0
6175,412,13.0,44500,2018,12,12,1,0,0,0,0,0,1,0,0
6178,822,13.0,25700,2018,12,12,1,0,0,0,0,0,0,1,0
6186,79,10.0,60000,2018,12,13,1,0,0,0,0,1,0,0,0
6187,50,13.0,50000,2018,12,13,1,0,0,0,0,1,0,0,0
6188,100,10.0,40000,2018,12,13,1,0,0,0,0,0,1,0,0
6189,291,13.0,45300,2018,12,13,1,0,0,0,0,0,1,0,0
6193,746,13.0,29700,2018,12,13,1,0,0,0,0,0,0,1,0
6195,38,13.0,29600,2018,12,13,1,0,0,0,0,0,0,0,1
6203,184,10.0,51100,2018,12,14,1,0,0,0,0,0,1,0,0
6204,907,10.0,29800,2018,12,14,1,0,0,0,0,0,0,1,0
6206,9,13.0,37800,2018,12,14,0,0,0,1,0,0,0,0,1
6209,20,10.0,50000,2018,12,15,1,0,0,0,0,0,1,0,0
6210,162,10.0,28000,2018,12,15,1,0,0,0,0,0,0,1,0
6213,521,13.0,36100,2018,12,17,1,0,0,0,0,0,1,0,0
6214,234,20.0,35000,2018,12,17,1,0,0,0,0,0,1,0,0
6218,1127,13.0,16300,2018,12,17,1,0,0,0,0,0,0,1,0
6219,100,20.0,15000,2018,12,17,1,0,0,0,0,0,0,1,0
6226,36,10.0,40000,2018,12,18,1,0,0,0,0,0,1,0,0
6227,56,13.0,31400,2018,12,18,1,0,0,0,0,0,1,0,0
6229,412,10.0,15000,2018,12,18,1,0,0,0,0,0,0,1,0
6230,221,13.0,19400,2018,12,18,1,0,0,0,0,0,0,1,0
6231,1,13.0,20000,2018,12,18,1,0,0,0,0,0,0,0,1
6232,23,13.0,16000,2018,12,18,0,0,0,1,0,0,0,0,1
6240,142,13.0,32600,2018,12,19,1,0,0,0,0,0,1,0,0
6242,1817,13.0,17800,2018,12,19,1,0,0,0,0,0,0,1,0
6243,1,13.0,15000,2018,12,19,0,0,0,1,0,1,0,0,0
6244,4,13.0,15000,2018,12,19,0,0,0,1,0,0,0,0,1
6246,261,13.0,45400,2018,12,20,1,0,0,0,0,0,1,0,0
6247,1649,13.0,15100,2018,12,20,1,0,0,0,0,0,0,1,0
6250,8,13.0,7000,2018,12,20,0,0,0,1,0,0,1,0,0
6254,31,13.0,60000,2018,12,21,1,0,0,0,0,1,0,0,0
6255,499,13.0,40000,2018,12,21,1,0,0,0,0,0,1,0,0
6258,900,13.0,12700,2018,12,21,1,0,0,0,0,0,0,1,0
6259,47,13.0,30000,2018,12,21,1,0,0,0,0,0,0,0,1
6264,220,13.0,40000,2018,12,22,1,0,0,0,0,0,1,0,0
6267,250,10.0,15000,2018,12,22,1,0,0,0,0,0,0,1,0
6268,150,13.0,20000,2018,12,22,1,0,0,0,0,0,0,1,0
6275,74,13.0,18000,2018,12,24,1,0,0,0,0,0,0,1,0
6280,130,13.0,18000,2018,12,25,1,0,0,0,0,0,0,0,1
6283,9,13.0,15000,2018,12,25,0,0,0,1,0,0,1,0,0
6289,150,13.0,23000,2018,12,26,1,0,0,0,0,0,1,0,0
6293,7,18.0,30000,2018,12,26,0,0,0,1,0,0,0,0,1
6298,20,1.0,30000,2018,12,27,1,0,0,0,0,0,1,0,0
6299,196,10.0,28700,2018,12,27,1,0,0,0,0,0,1,0,0
6300,266,13.0,27600,2018,12,27,1,0,0,0,0,0,1,0,0
6303,1330,13.0,17600,2018,12,27,1,0,0,0,0,0,0,1,0
6304,8,13.0,30000,2018,12,27,0,0,0,1,0,0,0,0,1
6313,343,10.0,48500,2018,12,28,1,0,0,0,0,0,1,0,0
6314,235,13.0,36400,2018,12,28,1,0,0,0,0,0,1,0,0
6319,650,13.0,17100,2018,12,28,1,0,0,0,0,0,0,1,0
6325,212,13.0,37700,2018,12,29,1,0,0,0,0,0,1,0,0
6327,250,13.0,11600,2018,12,29,1,0,0,0,0,0,0,1,0
6328,4,13.0,30000,2018,12,29,0,0,0,1,0,0,0,0,1
6329,90,13.0,34400,2018,12,31,1,0,0,0,0,0,1,0,0
6330,785,13.0,15600,2018,12,31,1,0,0,0,0,0,0,1,0
6334,112,13.0,36600,2019,1,2,1,0,0,0,0,0,1,0,0
6336,646,13.0,13600,2019,1,2,1,0,0,0,0,0,0,1,0
6341,82,13.0,53800,2019,1,3,1,0,0,0,0,1,0,0,0
6342,277,13.0,41400,2019,1,3,1,0,0,0,0,0,1,0,0
6344,470,13.0,16700,2019,1,3,1,0,0,0,0,0,0,1,0
6347,21,13.0,60000,2019,1,3,1,0,0,0,0,0,0,0,1
6353,148,13.0,40000,2019,1,4,1,0,0,0,0,0,1,0,0
6355,1872,13.0,13800,2019,1,4,1,0,0,0,0,0,0,1,0
6357,189,13.0,39900,2019,1,5,1,0,0,0,0,0,1,0,0
6359,230,13.0,20000,2019,1,5,1,0,0,0,0,0,0,1,0
6361,80,10.0,50000,2019,1,5,0,1,0,0,0,0,1,0,0
6364,236,13.0,40000,2019,1,7,1,0,0,0,0,0,1,0,0
6365,1355,13.0,20000,2019,1,7,1,0,0,0,0,0,0,1,0
6368,170,13.0,22000,2019,1,7,1,0,0,0,0,0,0,0,1
6372,145,10.0,55000,2019,1,8,1,0,0,0,0,1,0,0,0
6373,5,10.0,50000,2019,1,8,1,0,0,0,0,0,1,0,0
6374,32,13.0,25000,2019,1,8,1,0,0,0,0,0,1,0,0
6375,498,13.0,23900,2019,1,8,1,0,0,0,0,0,0,1,0
6378,298,10.0,20000,2019,1,8,0,1,0,0,0,0,0,1,0
6380,400,13.0,33600,2019,1,9,1,0,0,0,0,0,1,0,0
6384,1586,13.0,16300,2019,1,9,1,0,0,0,0,0,0,1,0
6386,92,13.0,45400,2019,1,10,1,0,0,0,0,0,1,0,0
6390,1195,13.0,19200,2019,1,10,1,0,0,0,0,0,0,1,0
6396,73,15.0,40000,2019,1,11,1,0,0,0,0,1,0,0,0
6397,358,15.0,34900,2019,1,11,1,0,0,0,0,0,1,0,0
6398,580,15.0,18600,2019,1,11,1,0,0,0,0,0,0,1,0
6402,198,15.0,27300,2019,1,12,1,0,0,0,0,0,1,0,0
6405,850,15.0,20000,2019,1,12,1,0,0,0,0,0,0,1,0
6407,330,15.0,34300,2019,1,14,1,0,0,0,0,0,1,0,0
6409,1996,15.0,16000,2019,1,14,1,0,0,0,0,0,0,1,0
6411,162,15.0,10000,2019,1,14,1,0,0,0,0,0,0,0,1
6420,258,15.0,36900,2019,1,15,1,0,0,0,0,0,1,0,0
6423,740,15.0,16300,2019,1,15,1,0,0,0,0,0,0,1,0
6425,178,15.0,17400,2019,1,15,1,0,0,0,0,0,0,0,1
6432,140,15.0,39600,2019,1,16,1,0,0,0,0,0,1,0,0
6433,798,15.0,18500,2019,1,16,1,0,0,0,0,0,0,1,0
6438,1,15.0,50000,2019,1,17,1,0,0,0,0,1,0,0,0
6439,98,15.0,46500,2019,1,17,1,0,0,0,0,0,1,0,0
6440,1306,15.0,19100,2019,1,17,1,0,0,0,0,0,0,1,0
6442,3,15.0,70000,2019,1,17,1,0,0,0,0,0,0,0,1
6444,400,15.0,18000,2019,1,17,0,1,0,0,0,0,0,1,0
6449,130,15.0,43000,2019,1,18,1,0,0,0,0,0,1,0,0
6450,579,15.0,17300,2019,1,18,1,0,0,0,0,0,0,1,0
6453,403,15.0,18000,2019,1,18,0,1,0,0,0,0,0,1,0
6456,100,15.0,20000,2019,1,19,1,0,0,0,0,0,0,1,0
6457,2,15.0,50000,2019,1,21,1,0,0,0,0,1,0,0,0
6458,219,15.0,45000,2019,1,21,1,0,0,0,0,0,1,0,0
6459,1310,15.0,15300,2019,1,21,1,0,0,0,0,0,0,1,0
6460,263,15.0,26600,2019,1,21,1,0,0,0,0,0,0,0,1
6461,350,15.0,17000,2019,1,21,0,1,0,0,0,0,0,1,0
6467,50,15.0,55000,2019,1,22,1,0,0,0,0,1,0,0,0
6468,152,15.0,50000,2019,1,22,1,0,0,0,0,0,1,0,0
6471,780,15.0,19900,2019,1,22,1,0,0,0,0,0,0,1,0
6473,21,15.0,30000,2019,1,22,1,0,0,0,0,0,0,0,1
6475,312,15.0,42800,2019,1,23,1,0,0,0,0,0,1,0,0
6476,1345,15.0,18500,2019,1,23,1,0,0,0,0,0,0,1,0
6479,39,15.0,50000,2019,1,24,1,0,0,0,0,0,1,0,0
6480,414,15.0,18000,2019,1,24,1,0,0,0,0,0,0,1,0
6484,191,15.0,23400,2019,1,25,1,0,0,0,0,0,1,0,0
6485,1100,15.0,18000,2019,1,25,1,0,0,0,0,0,0,1,0
6490,48,15.0,50000,2019,1,26,1,0,0,0,0,1,0,0,0
6491,466,15.0,36800,2019,1,26,1,0,0,0,0,0,1,0,0
6493,1780,15.0,16400,2019,1,26,1,0,0,0,0,0,0,1,0
6495,143,15.0,39000,2019,1,28,1,0,0,0,0,0,1,0,0
6497,1250,15.0,16400,2019,1,28,1,0,0,0,0,0,0,1,0
6498,116,15.0,45000,2019,1,29,1,0,0,0,0,0,1,0,0
6499,767,15.0,19700,2019,1,29,1,0,0,0,0,0,0,1,0
6503,54,15.0,45000,2019,1,30,1,0,0,0,0,0,1,0,0
6509,60,15.0,58500,2019,1,31,1,0,0,0,0,0,1,0,0
6511,150,15.0,30000,2019,1,31,1,0,0,0,0,0,0,1,0
6518,184,15.0,45200,2019,2,1,1,0,0,0,0,0,1,0,0
6520,1210,15.0,25500,2019,2,1,1,0,0,0,0,0,0,1,0
6523,194,15.0,57100,2019,2,2,1,0,0,0,0,0,1,0,0
6524,863,15.0,25700,2019,2,2,1,0,0,0,0,0,0,1,0
6525,80,10.0,28000,2019,2,2,1,0,0,0,0,0,0,0,1
6527,71,15.0,40000,2019,2,8,1,0,0,0,0,0,1,0,0
6533,70,15.0,56400,2019,2,11,1,0,0,0,0,0,1,0,0
6536,2586,15.0,17300,2019,2,11,1,0,0,0,0,0,0,1,0
6539,35,10.0,50000,2019,2,12,1,0,0,0,0,1,0,0,0
6540,87,10.0,40000,2019,2,12,1,0,0,0,0,0,1,0,0
6541,115,15.0,52400,2019,2,12,1,0,0,0,0,0,1,0,0
6542,1362,15.0,14900,2019,2,12,1,0,0,0,0,0,0,1,0
6546,100,15.0,20000,2019,2,13,1,0,0,0,0,0,0,1,0
6550,60,15.0,55000,2019,2,14,1,0,0,0,0,1,0,0,0
6551,161,10.0,40000,2019,2,14,1,0,0,0,0,0,1,0,0
6552,336,15.0,34000,2019,2,14,1,0,0,0,0,0,1,0,0
6557,190,15.0,20100,2019,2,14,1,0,0,0,0,0,0,1,0
6558,2,10.0,10000,2019,2,14,1,0,0,0,0,0,0,0,1
6563,50,15.0,60000,2019,2,15,1,0,0,0,0,0,1,0,0
6565,187,10.0,22000,2019,2,15,1,0,0,0,0,0,0,1,0
6570,30,15.0,55000,2019,2,16,1,0,0,0,0,1,0,0,0
6571,161,15.0,47900,2019,2,16,1,0,0,0,0,0,1,0,0
6574,1,15.0,10000,2019,2,16,1,0,0,0,0,0,0,0,1
6578,72,10.0,40000,2019,2,18,1,0,0,0,0,0,1,0,0
6580,619,15.0,29700,2019,2,18,1,0,0,0,0,0,0,1,0
6585,32,15.0,30000,2019,2,19,1,0,0,0,0,1,0,0,0
6586,802,15.0,28300,2019,2,19,1,0,0,0,0,0,0,1,0
6587,21,15.0,23700,2019,2,19,1,0,0,0,0,0,0,0,1
6590,280,15.0,34300,2019,2,20,1,0,0,0,0,0,0,1,0
6595,70,15.0,25000,2019,2,21,1,0,0,0,0,0,0,1,0
6602,10,15.0,45000,2019,2,23,0,0,0,1,0,1,0,0,0
6610,1190,15.0,23800,2019,2,26,1,0,0,0,0,0,0,1,0
6614,280,15.0,42900,2019,2,27,1,0,0,0,0,0,1,0,0
6615,534,15.0,27000,2019,2,27,1,0,0,0,0,0,0,1,0
6621,325,15.0,33800,2019,2,28,1,0,0,0,0,0,1,0,0
6622,718,15.0,32500,2019,2,28,1,0,0,0,0,0,0,1,0
6629,168,10.0,36700,2019,3,1,1,0,0,0,0,0,1,0,0
6631,1381,15.0,26900,2019,3,1,1,0,0,0,0,0,0,1,0
6636,147,15.0,40000,2019,3,2,1,0,0,0,0,0,1,0,0
6638,695,15.0,20000,2019,3,2,1,0,0,0,0,0,0,1,0
6640,27,15.0,50000,2019,3,4,1,0,0,0,0,0,1,0,0
6641,843,15.0,20700,2019,3,4,1,0,0,0,0,0,0,1,0
6644,27,15.0,6000,2019,3,4,0,0,0,1,0,0,1,0,0
6645,12,15.0,30000,2019,3,4,0,0,0,1,0,0,0,0,1
6651,95,15.0,55000,2019,3,5,1,0,0,0,0,0,1,0,0
6653,337,15.0,19800,2019,3,5,1,0,0,0,0,0,0,1,0
6656,40,15.0,60000,2019,3,6,1,0,0,0,0,0,1,0,0
6657,248,15.0,25000,2019,3,6,1,0,0,0,0,0,0,1,0
6663,252,15.0,34000,2019,3,7,1,0,0,0,0,0,0,1,0
6670,124,15.0,35000,2019,3,8,1,0,0,0,0,0,0,1,0
6676,300,15.0,22300,2019,3,11,1,0,0,0,0,0,0,1,0
6681,493,15.0,20000,2019,3,11,0,1,0,0,0,0,0,0,1
6688,84,15.0,50000,2019,3,12,1,0,0,0,0,1,0,0,0
6689,179,15.0,50000,2019,3,12,1,0,0,0,0,0,1,0,0
6694,2,15.0,80000,2019,3,12,0,0,0,1,0,0,0,0,1
6704,50,15.0,35000,2019,3,14,1,0,0,0,0,0,0,1,0
6712,56,15.0,60000,2019,3,16,1,0,0,0,0,0,1,0,0
6719,4,15.0,120000,2019,3,16,0,0,0,1,0,0,0,0,1
6722,167,15.0,40000,2019,3,18,1,0,0,0,0,0,1,0,0
6724,132,15.0,35000,2019,3,18,1,0,0,0,0,0,0,1,0
6730,135,15.0,70300,2019,3,19,1,0,0,0,0,0,1,0,0
6732,10,15.0,30000,2019,3,19,0,0,0,1,0,0,0,0,1
6734,82,15.0,35000,2019,3,20,1,0,0,0,0,1,0,0,0
6735,250,15.0,39100,2019,3,20,1,0,0,0,0,0,1,0,0
6745,84,15.0,35000,2019,3,21,1,0,0,0,0,1,0,0,0
6746,694,15.0,39400,2019,3,21,1,0,0,0,0,0,1,0,0
6749,50,15.0,35000,2019,3,21,1,0,0,0,0,0,0,1,0
6758,165,15.0,41200,2019,3,22,1,0,0,0,0,0,1,0,0
6759,80,15.0,37600,2019,3,22,1,0,0,0,0,0,0,1,0
6774,342,15.0,55000,2019,3,27,1,0,0,0,0,0,1,0,0
6775,66,15.0,45000,2019,3,27,1,0,0,0,0,0,0,1,0
6783,2,15.0,40000,2019,3,28,1,0,0,0,0,1,0,0,0
6784,311,15.0,38700,2019,3,28,1,0,0,0,0,0,1,0,0
6787,64,15.0,40000,2019,3,28,1,0,0,0,0,0,0,1,0
6789,70,15.0,50000,2019,3,29,1,0,0,0,0,1,0,0,0
6790,300,15.0,40000,2019,3,29,1,0,0,0,0,0,1,0,0
6792,50,15.0,30000,2019,3,29,1,0,0,0,0,0,0,1,0
6794,129,15.0,5000,2019,3,29,1,0,0,0,0,0,0,0,1
6799,73,15.0,45000,2019,3,30,1,0,0,0,0,1,0,0,0
6800,61,15.0,40000,2019,3,30,1,0,0,0,0,0,1,0,0
6801,190,15.0,48700,2019,3,30,0,0,0,1,0,0,0,0,1
6804,231,20.0,40000,2019,4,1,1,0,0,0,0,1,0,0,0
6805,200,15.0,38800,2019,4,1,1,0,0,0,0,0,1,0,0
6806,123,20.0,45000,2019,4,1,1,0,0,0,0,0,1,0,0
6807,54,20.0,35000,2019,4,1,1,0,0,0,0,0,0,1,0
6834,367,15.0,51300,2019,4,5,1,0,0,0,0,0,1,0,0
6836,272,15.0,40100,2019,4,5,1,0,0,0,0,0,0,1,0
6845,23,15.0,22000,2019,4,6,0,0,0,1,0,0,1,0,0
6846,78,15.0,52800,2019,4,6,0,0,0,1,0,0,0,0,1
6849,797,15.0,37900,2019,4,8,1,0,0,0,0,0,1,0,0
6850,44,15.0,40000,2019,4,8,1,0,0,0,0,0,0,1,0
6852,8,15.0,15000,2019,4,8,0,0,0,1,0,1,0,0,0
6859,549,15.0,37200,2019,4,9,1,0,0,0,0,0,1,0,0
6860,46,15.0,25000,2019,4,9,1,0,0,0,0,0,0,1,0
6869,149,15.0,39200,2019,4,11,1,0,0,0,0,0,1,0,0
6883,50,15.0,50000,2019,4,13,1,0,0,0,0,1,0,0,0
6884,64,15.0,50000,2019,4,13,1,0,0,0,0,0,1,0,0
6885,160,15.0,35000,2019,4,13,1,0,0,0,0,0,0,1,0
6888,115,15.0,55000,2019,4,15,1,0,0,0,0,0,1,0,0
6889,337,15.0,35000,2019,4,15,1,0,0,0,0,0,0,1,0
6899,106,15.0,40000,2019,4,16,1,0,0,0,0,1,0,0,0
6900,91,15.0,34100,2019,4,16,1,0,0,0,0,0,1,0,0
6903,315,15.0,25500,2019,4,16,1,0,0,0,0,0,0,1,0
6908,50,15.0,30000,2019,4,17,1,0,0,0,0,1,0,0,0
6909,97,15.0,30100,2019,4,17,1,0,0,0,0,0,1,0,0
6910,21,15.0,60000,2019,4,17,1,0,0,0,0,0,0,1,0
6912,1,15.0,10000,2019,4,17,1,0,0,0,0,0,0,0,1
6918,309,15.0,60000,2019,4,18,1,0,0,0,0,0,1,0,0
6920,115,15.0,40000,2019,4,18,1,0,0,0,0,0,0,1,0
6923,4,15.0,8000,2019,4,18,0,0,0,1,0,1,0,0,0
6927,15,15.0,55000,2019,4,19,1,0,0,0,0,1,0,0,0
6928,24,15.0,45000,2019,4,19,1,0,0,0,0,0,1,0,0
6932,9,13.0,22000,2019,4,19,0,0,0,0,1,0,0,0,1
6933,45,15.0,10000,2019,4,19,0,0,0,0,1,0,0,0,1
6977,8,15.0,10000,2019,5,1,0,0,0,1,0,1,0,0,0
6978,23,15.0,22000,2019,5,1,0,0,0,0,1,0,0,0,1
6981,3,12.0,22000,2019,5,2,0,0,0,0,1,0,0,0,1
6992,64,15.0,90000,2019,5,3,0,0,0,1,0,0,0,0,1
6994,3,12.0,22000,2019,5,3,0,0,0,0,1,0,0,0,1
6999,159,15.0,52500,2019,5,4,0,0,0,1,0,0,0,0,1
7005,227,15.0,25000,2019,5,6,0,1,0,0,0,0,0,1,0
7009,80,15.0,30000,2019,5,6,0,0,0,1,0,0,1,0,0
7012,308,15.0,24400,2019,5,6,0,0,0,1,0,0,0,0,1
7014,6,15.0,80000,2019,5,7,0,1,0,0,0,0,1,0,0
7016,70,15.0,60000,2019,5,7,0,0,0,1,0,0,0,0,1
7019,10,15.0,15000,2019,5,8,0,0,0,0,1,0,0,0,1
7033,20,15.0,55000,2019,5,10,0,0,0,1,0,0,1,0,0
7034,149,15.0,65000,2019,5,10,0,0,0,1,0,0,0,0,1
7037,9,13.0,7000,2019,5,10,0,0,0,0,1,0,0,0,1
7038,46,15.0,15000,2019,5,10,0,0,0,0,1,0,0,0,1
7044,25,15.0,35000,2019,5,11,0,0,0,1,0,1,0,0,0
7046,157,15.0,28800,2019,5,11,0,0,0,1,0,0,0,0,1
7047,6,15.0,20000,2019,5,11,0,0,0,0,1,0,0,0,1
7052,13,15.0,65000,2019,5,13,0,0,0,1,0,0,0,0,1
7061,38,15.0,47900,2019,5,14,0,0,0,1,0,0,0,0,1
7062,15,15.0,18000,2019,5,14,0,0,0,0,1,1,0,0,0
7064,19,15.0,15000,2019,5,14,0,0,0,0,1,0,0,0,1
7072,62,15.0,52700,2019,5,15,0,0,0,1,0,0,0,0,1
7078,61,15.0,52500,2019,5,16,0,0,0,1,0,0,0,0,1
7079,1,15.0,10000,2019,5,16,0,0,0,0,1,0,0,0,1
7087,37,15.0,56100,2019,5,17,0,0,0,1,0,0,0,0,1
7092,67,15.0,49000,2019,5,18,0,0,0,1,0,0,0,0,1
7096,17,15.0,30000,2019,5,20,0,0,0,1,0,0,0,0,1
7124,26,15.0,20000,2019,5,22,0,0,0,0,1,0,0,0,1
7130,43,12.0,47000,2019,5,23,0,0,0,1,0,1,0,0,0
7132,4,12.0,51300,2019,5,23,0,0,0,1,0,0,0,0,1
7133,172,15.0,47400,2019,5,23,0,0,0,1,0,0,0,0,1
7140,35,15.0,50000,2019,5,24,0,1,0,0,0,1,0,0,0
7141,125,15.0,25000,2019,5,24,0,1,0,0,0,0,0,1,0
7144,4,15.0,48000,2019,5,24,0,0,0,1,0,0,1,0,0
7145,177,15.0,34500,2019,5,24,0,0,0,1,0,0,0,0,1
7148,29,15.0,20000,2019,5,24,0,0,0,0,1,0,0,0,1
7154,106,15.0,28300,2019,5,25,0,0,0,1,0,0,0,0,1
7156,45,10.0,50000,2019,5,27,0,0,0,1,0,0,0,0,1
7157,15,15.0,50000,2019,5,27,0,0,0,1,0,0,0,0,1
7158,286,15.0,16400,2019,5,27,0,0,0,0,1,0,0,0,1
7163,77,15.0,30000,2019,5,28,0,0,0,1,0,0,0,0,1
7164,535,15.0,13100,2019,5,28,0,0,0,0,1,0,0,0,1
7171,44,15.0,10000,2019,5,29,0,0,0,0,1,0,1,0,0
7176,30,15.0,42000,2019,5,30,0,0,0,1,0,1,0,0,0
7177,20,15.0,58000,2019,5,30,0,0,0,1,0,0,1,0,0
7178,78,15.0,45300,2019,5,30,0,0,0,1,0,0,0,0,1
7181,94,15.0,32000,2019,5,31,0,0,0,1,0,0,0,0,1
7183,27,15.0,16300,2019,5,31,0,0,0,0,1,0,0,0,1
7187,32,15.0,35000,2019,6,1,0,1,0,0,0,0,0,0,1
7188,70,15.0,55800,2019,6,1,0,0,0,1,0,0,0,0,1
7192,42,15.0,10000,2019,6,1,0,0,0,0,1,0,1,0,0
7193,2,15.0,40000,2019,6,1,0,0,0,0,1,0,0,0,1
7195,383,15.0,31400,2019,6,3,0,0,0,1,0,0,0,0,1
7202,210,15.0,35400,2019,6,4,0,0,0,1,0,0,0,0,1
7208,10,15.0,50000,2019,6,5,1,0,0,0,0,0,0,0,1
7210,2,15.0,40000,2019,6,5,0,0,0,1,0,0,1,0,0
7213,410,15.0,28700,2019,6,5,0,0,0,1,0,0,0,0,1
7215,10,15.0,30000,2019,6,6,0,0,0,1,0,0,0,0,1
7216,90,15.0,47600,2019,6,7,0,0,0,1,0,0,0,0,1
7221,195,15.0,38700,2019,6,8,0,0,0,1,0,0,0,0,1
7224,60,15.0,61700,2019,6,10,0,0,0,1,0,0,0,0,1
7230,104,15.0,49000,2019,6,11,0,0,0,1,0,0,0,0,1
7232,60,10.0,45000,2019,6,12,0,0,0,1,0,0,0,0,1
7233,189,15.0,46000,2019,6,12,0,0,0,1,0,0,0,0,1
7239,56,15.0,55000,2019,6,13,0,0,0,1,0,0,0,0,1
7246,42,15.0,60000,2019,6,14,0,0,0,1,0,1,0,0,0
7247,113,15.0,48200,2019,6,14,0,0,0,1,0,0,0,0,1
7255,74,15.0,57300,2019,6,15,0,0,0,1,0,0,0,0,1
7258,68,15.0,58900,2019,6,17,0,0,0,1,0,0,0,0,1
7263,41,15.0,55000,2019,6,18,0,0,0,1,0,0,0,0,1
7269,279,15.0,52900,2019,6,19,0,0,0,1,0,0,0,0,1
7274,1,8.0,45000,2019,6,20,0,0,0,1,0,1,0,0,0
7281,6,15.0,20000,2019,6,21,0,0,0,1,0,0,1,0,0
7283,86,15.0,54200,2019,6,21,0,0,0,1,0,0,0,0,1
7293,180,15.0,47300,2019,6,22,0,0,0,1,0,0,0,0,1
7294,3,15.0,40000,2019,6,22,0,0,0,0,1,0,0,0,1
7295,44,10.0,56000,2019,6,24,0,0,0,1,0,0,0,0,1
7310,82,15.0,50000,2019,6,26,0,0,0,1,0,1,0,0,0
7315,240,15.0,44800,2019,6,27,0,0,0,1,0,0,0,0,1
7320,109,15.0,43900,2019,6,28,0,0,0,1,0,0,0,0,1
7332,5,15.0,40000,2019,6,29,0,0,0,1,0,1,0,0,0
7335,46,15.0,68500,2019,6,29,0,0,0,1,0,0,0,0,1
7336,28,15.0,55000,2019,7,1,1,0,0,0,0,0,1,0,0
7337,84,15.0,40000,2019,7,1,1,0,0,0,0,0,0,1,0
7338,7,15.0,65000,2019,7,1,1,0,0,0,0,0,0,0,1
7339,30,10.0,47000,2019,7,1,0,0,0,1,0,0,0,0,1
7340,98,15.0,46600,2019,7,1,0,0,0,1,0,0,0,0,1
7346,1,10.0,8000,2019,7,6,0,0,1,0,0,0,0,0,1
7350,26,15.0,40000,2019,7,11,0,0,1,0,0,0,0,0,1
7354,39,15.0,42800,2019,7,12,0,0,1,0,0,0,0,0,1
7362,5,15.0,50000,2019,7,15,0,0,0,1,0,0,0,0,1
7372,31,10.0,33000,2019,7,18,0,0,1,0,0,0,0,0,1
7376,1,9.0,72000,2019,7,19,0,0,0,1,0,1,0,0,0
7380,8,10.0,31000,2019,7,20,0,0,1,0,0,0,0,0,1
7381,11,10.0,80000,2019,7,20,0,0,0,1,0,0,0,0,1
7383,1,10.0,35000,2019,7,23,0,0,0,1,0,0,0,0,1
7384,15,15.0,80000,2019,7,23,0,0,0,1,0,0,0,0,1
7390,18,10.0,62000,2019,7,24,0,0,0,1,0,0,0,0,1
7398,1,10.0,35000,2019,7,26,0,0,0,1,0,1,0,0,0
7407,13,10.0,10000,2019,8,7,0,0,1,0,0,0,0,0,1
7408,45,15.0,10000,2019,8,7,0,0,1,0,0,0,0,0,1
7412,4,5.0,10000,2019,8,9,0,0,1,0,0,0,1,0,0
7413,21,15.0,5000,2019,8,10,0,0,1,0,0,0,0,0,1
7416,2,15.0,35000,2019,8,16,0,0,0,1,0,0,0,0,1
7418,2,15.0,40000,2019,8,17,0,0,0,1,0,0,0,0,1
7424,18,15.0,36000,2019,8,20,0,0,0,1,0,1,0,0,0
7445,7,15.0,4000,2019,9,7,0,0,1,0,0,0,0,0,1
7451,71,15.0,27400,2019,9,16,0,0,1,0,0,0,0,0,1
7453,2,15.0,35000,2019,9,17,0,0,0,1,0,0,0,0,1
7455,1,15.0,30000,2019,10,11,0,0,0,1,0,0,0,0,1
7457,1,15.0,25000,2019,11,1,0,0,0,1,0,0,0,0,1
7459,4,15.0,22500,2019,11,5,0,0,0,1,0,0,0,0,1
7469,1,10.0,40000,2019,11,15,0,0,0,1,0,0,1,0,0
7476,6,15.0,18000,2019,11,18,0,0,0,1,0,1,0,0,0
7477,25,15.0,18000,2019,11,18,0,0,0,1,0,0,1,0,0
7485,50,15.0,50000,2019,12,7,1,0,0,0,0,0,1,0,0
7487,35,15.0,78000,2019,12,11,1,0,0,0,0,0,1,0,0
7488,35,15.0,10000,2019,12,11,0,1,0,0,0,0,0,0,1
7490,39,15.0,34000,2019,12,14,0,0,0,1,0,0,0,0,1
7496,1,15.0,40000,2019,12,18,0,0,0,1,0,0,0,0,1
7512,192,15.0,45000,2019,12,23,1,0,0,0,0,0,1,0,0
7520,5,15.0,110000,2020,1,2,1,0,0,0,0,0,1,0,0
7522,1,15.0,45000,2020,1,4,0,0,0,1,0,0,0,0,1
7530,4,15.0,40000,2020,1,7,0,0,0,1,0,0,0,0,1
7533,5,10.0,40000,2020,1,8,0,0,0,1,0,1,0,0,0
7534,6,10.0,40000,2020,1,8,0,0,0,1,0,0,1,0,0
7543,72,15.0,37500,2020,1,17,0,0,0,1,0,0,0,0,1
7545,8,15.0,50000,2020,1,21,0,0,0,1,0,0,0,0,1
7548,1,15.0,77000,2020,1,22,0,0,0,1,0,0,1,0,0
7550,1,15.0,39000,2020,1,23,0,0,0,1,0,0,0,0,1
7562,4,15.0,55000,2020,2,6,0,0,0,1,0,0,0,0,1
7569,28,15.0,74000,2020,2,12,0,0,0,1,0,0,1,0,0
7620,18,15.0,55000,2020,3,5,0,0,0,1,0,1,0,0,0
7626,4,15.0,68000,2020,3,7,0,0,0,1,0,1,0,0,0
7627,10,15.0,68000,2020,3,7,0,0,0,1,0,0,0,0,1
7632,9,20.0,70000,2020,3,9,0,0,0,1,0,1,0,0,0
7633,1,20.0,40000,2020,3,9,0,0,0,1,0,0,1,0,0
7643,14,15.0,68000,2020,3,11,0,0,0,1,0,1,0,0,0
7649,6,15.0,87000,2020,3,13,0,0,0,1,0,0,0,0,1
7656,5,15.0,87000,2020,3,14,0,0,0,1,0,0,1,0,0
7662,2,15.0,40000,2020,3,16,0,0,0,1,0,0,0,0,1
7669,1,15.0,70000,2020,3,19,0,0,0,1,0,1,0,0,0
7673,1,15.0,30000,2020,3,20,0,0,0,1,0,0,0,0,1
7677,13,15.0,80000,2020,3,21,0,1,0,0,0,1,0,0,0
7682,4,15.0,60800,2020,3,21,0,0,0,1,0,1,0,0,0
7688,2,10.0,36000,2020,3,23,0,0,0,1,0,0,1,0,0
7697,133,15.0,54100,2020,3,25,0,0,0,1,0,1,0,0,0
7698,3,15.0,34700,2020,3,25,0,0,0,1,0,0,1,0,0
7705,149,15.0,53000,2020,3,26,0,0,0,1,0,1,0,0,0
7709,1,15.0,28000,2020,3,27,0,0,0,1,0,0,1,0,0
7712,4,15.0,55000,2020,3,28,0,0,0,1,0,0,1,0,0
7715,1,15.0,26000,2020,3,31,0,0,0,1,0,1,0,0,0
7720,11,15.0,17000,2020,4,2,0,0,0,1,0,0,1,0,0
7721,3,15.0,100000,2020,4,2,0,0,0,1,0,0,0,0,1
7724,4,10.0,37000,2020,4,3,0,0,0,1,0,1,0,0,0
7725,3,15.0,27000,2020,4,3,0,0,0,1,0,0,1,0,0
7742,13,15.0,30000,2020,4,8,0,0,0,1,0,1,0,0,0
7752,2,15.0,55000,2020,4,10,0,0,0,1,0,1,0,0,0
7771,14,15.0,50000,2020,4,18,0,0,0,1,0,1,0,0,0
7772,6,15.0,38000,2020,4,18,0,0,0,1,0,0,1,0,0
7778,31,15.0,50200,2020,4,20,0,0,0,1,0,1,0,0,0
7779,5,15.0,50000,2020,4,20,0,0,0,1,0,0,1,0,0
7782,7,15.0,45000,2020,4,21,0,0,0,1,0,1,0,0,0
7783,13,15.0,45000,2020,4,21,0,0,0,1,0,0,1,0,0
7792,2,15.0,50000,2020,4,22,0,0,0,1,0,1,0,0,0
7793,6,15.0,36000,2020,4,22,0,0,0,1,0,0,1,0,0
7799,2,15.0,20000,2020,4,23,0,0,0,1,0,0,1,0,0
7805,8,15.0,30000,2020,4,24,0,0,0,1,0,1,0,0,0
7806,2,15.0,30000,2020,4,24,0,0,0,1,0,0,1,0,0
7813,1,10.0,70000,2020,4,25,0,0,0,1,0,1,0,0,0
7814,2,15.0,42000,2020,4,25,0,0,0,1,0,1,0,0,0
7815,1,15.0,42000,2020,4,25,0,0,0,1,0,0,1,0,0
7841,8,15.0,25000,2020,5,4,0,0,0,1,0,1,0,0,0
7847,1,15.0,28000,2020,5,5,0,0,0,1,0,1,0,0,0
7857,10,15.0,21200,2020,5,11,0,0,0,1,0,1,0,0,0
7880,50,10.0,42000,2020,5,18,0,0,0,1,0,0,1,0,0
7919,10,10.0,53000,2020,6,2,0,0,0,1,0,1,0,0,0
7936,5,10.0,65000,2020,6,9,0,0,0,1,0,0,1,0,0
7940,48,10.0,10000,2020,6,10,0,1,0,0,0,1,0,0,0
7951,2,10.0,30000,2020,6,11,0,0,0,1,0,1,0,0,0
7963,52,15.0,41100,2020,6,13,0,0,0,1,0,1,0,0,0
7967,11,15.0,41100,2020,6,15,0,0,0,1,0,1,0,0,0
7973,67,10.0,22000,2020,6,16,0,0,0,1,0,1,0,0,0
7982,6,10.0,40300,2020,6,17,0,0,0,1,0,0,0,0,1
8000,24,12.0,18000,2020,6,20,0,0,0,1,0,1,0,0,0
8015,6,10.0,23000,2020,6,22,0,0,0,1,0,1,0,0,0
8016,4,15.0,26500,2020,6,22,0,0,0,1,0,0,0,0,1
8020,10,10.0,40000,2020,6,23,0,0,0,1,0,0,1,0,0
8023,1,10.0,50000,2020,6,23,0,0,0,1,0,0,0,1,0
8030,18,10.0,15000,2020,6,24,0,0,0,1,0,1,0,0,0
8031,170,10.0,24500,2020,6,24,0,0,0,1,0,0,1,0,0
8040,52,15.0,22000,2020,6,25,0,0,1,0,0,0,1,0,0
8048,7,10.0,45000,2020,6,26,0,0,0,1,0,0,0,0,1
8053,26,10.0,28000,2020,6,27,0,0,0,1,0,0,1,0,0
8079,1,10.0,35000,2020,7,3,0,0,0,1,0,0,1,0,0
8087,2,10.0,20000,2020,7,4,0,0,0,1,0,1,0,0,0
8089,2,10.0,20000,2020,7,4,0,0,0,1,0,0,1,0,0
8095,4,10.0,28000,2020,7,6,0,0,0,1,0,0,1,0,0
8096,2,10.0,42000,2020,7,6,0,0,0,1,0,0,0,0,1
8111,5,5.0,20800,2020,7,8,0,0,1,0,0,0,0,0,1
8114,4,10.0,50000,2020,7,8,0,0,0,1,0,1,0,0,0
8126,12,10.0,32000,2020,7,10,0,0,0,1,0,1,0,0,0
8133,20,10.0,46600,2020,7,11,0,0,0,1,0,1,0,0,0
8134,1,10.0,43000,2020,7,11,0,0,0,1,0,0,1,0,0
8141,24,10.0,20000,2020,7,13,0,0,1,0,0,0,0,0,1
8143,23,15.0,12000,2020,7,13,0,0,0,1,0,1,0,0,0
8155,5,10.0,48000,2020,7,16,0,0,0,1,0,1,0,0,0
8163,20,10.0,48000,2020,7,17,0,0,0,1,0,1,0,0,0
8165,22,10.0,33000,2020,7,17,0,0,0,1,0,0,1,0,0
8175,6,10.0,15000,2020,7,18,0,0,0,1,0,1,0,0,0
8176,1,10.0,15000,2020,7,18,0,0,0,1,0,0,1,0,0
8182,23,10.0,50000,2020,7,20,1,0,0,0,0,0,1,0,0
8190,19,15.0,11000,2020,7,20,0,0,0,1,0,1,0,0,0
8199,1,10.0,8000,2020,7,21,0,0,0,1,0,1,0,0,0
8207,1,10.0,45000,2020,7,22,0,0,0,1,0,0,0,0,1
8214,1,10.0,15000,2020,7,23,0,0,0,1,0,1,0,0,0
8235,1,15.0,18000,2020,7,30,0,0,0,1,0,0,1,0,0
8242,10,15.0,22000,2020,8,3,1,0,0,0,0,1,0,0,0
8243,150,15.0,33000,2020,8,3,1,0,0,0,0,0,1,0,0
8252,5,10.0,20000,2020,8,4,0,0,0,1,0,1,0,0,0
8253,2,10.0,23000,2020,8,4,0,0,0,1,0,0,0,0,1
8320,19,10.0,35000,2020,8,15,0,0,1,0,0,0,1,0,0
8332,1,15.0,7000,2020,8,17,0,0,0,1,0,0,0,0,1
8350,2,10.0,12000,2020,8,19,0,0,0,1,0,0,1,0,0
8355,42,10.0,10600,2020,8,20,0,0,1,0,0,0,0,0,1
8388,40,15.0,40000,2020,8,26,1,0,0,0,0,0,1,0,0
8419,4,15.0,25000,2020,9,2,0,0,0,1,0,0,0,0,1
8448,1,15.0,40000,2020,9,7,0,0,0,1,0,0,0,0,1
8479,130,15.0,49800,2020,9,14,1,0,0,0,0,0,1,0,0
8484,1,15.0,45000,2020,9,14,0,0,0,1,0,0,0,0,1
8489,20,15.0,29000,2020,9,15,1,0,0,0,0,0,0,1,0
8498,40,15.0,42000,2020,9,17,1,0,0,0,0,0,1,0,0
8509,11,15.0,24900,2020,9,19,0,0,0,1,0,1,0,0,0
8517,5,15.0,13000,2020,9,22,0,0,0,1,0,0,1,0,0
8526,2,15.0,15000,2020,9,24,0,0,0,1,0,1,0,0,0
8562,6,15.0,60000,2020,10,9,0,0,0,1,0,1,0,0,0
8609,31,15.0,45000,2020,10,21,0,1,0,0,0,0,1,0,0
8622,32,15.0,50800,2020,10,23,1,0,0,0,0,0,1,0,0
8631,30,15.0,43000,2020,10,24,1,0,0,0,0,1,0,0,0
8644,18,15.0,40000,2020,10,28,1,0,0,0,0,0,0,1,0
8726,13,15.0,16000,2020,11,11,0,0,0,1,0,1,0,0,0
8734,11,15.0,22000,2020,11,12,0,0,0,1,0,1,0,0,0
8746,56,15.0,49000,2020,11,14,1,0,0,0,0,0,1,0,0
8752,49,15.0,40000,2020,11,17,1,0,0,0,0,0,1,0,0
8815,43,15.0,35000,2020,12,9,1,0,0,0,0,0,1,0,0
8823,38,15.0,35000,2020,12,10,1,0,0,0,0,0,1,0,0
8824,12,15.0,45000,2020,12,10,0,1,0,0,0,0,1,0,0
8834,1,15.0,28000,2020,12,12,0,0,0,1,0,1,0,0,0
8846,10,15.0,30000,2020,12,18,0,0,0,1,0,0,0,0,1
8858,4,15.0,32000,2020,12,26,0,0,0,1,0,0,1,0,0
8860,1,15.0,24000,2020,12,28,0,0,0,1,0,0,1,0,0
8871,5,13.0,80000,2021,1,2,1,0,0,0,0,1,0,0,0
8877,7,15.0,11000,2021,1,5,0,0,0,1,0,1,0,0,0
8882,45,15.0,41000,2021,1,7,1,0,0,0,0,0,0,0,1
8938,100,15.0,20000,2021,1,23,1,0,0,0,0,0,0,1,0
8998,3,15.0,25700,2021,2,10,0,0,0,1,0,0,0,0,1
9030,1,15.0,30000,2021,2,26,0,0,0,1,0,0,1,0,0
9079,100,15.0,80000,2021,3,18,1,0,0,0,0,0,1,0,0
9120,3,15.0,33000,2021,3,26,0,0,0,1,0,1,0,0,0
9131,10,15.0,25000,2021,3,29,0,0,0,1,0,1,0,0,0
9132,2,10.0,16000,2021,3,29,0,0,0,1,0,0,0,0,1
9143,5,15.0,33000,2021,3,30,0,0,0,1,0,0,0,0,1
9164,1,10.0,37000,2021,4,2,0,0,0,1,0,1,0,0,0
9165,1,10.0,37000,2021,4,2,0,0,0,1,0,0,1,0,0
9225,1,15.0,20000,2021,4,24,0,0,0,1,0,0,1,0,0
9235,1,15.0,15000,2021,4,28,0,0,0,1,0,0,1,0,0
9254,50,10.0,21100,2021,5,6,1,0,0,0,0,0,1,0,0
9255,5,15.0,7000,2021,5,6,0,0,0,1,0,0,1,0,0
9270,45,15.0,50000,2021,5,12,0,0,0,1,0,0,0,0,1
9287,42,15.0,50000,2021,5,19,0,0,0,1,0,0,0,0,1
9295,49,15.0,51000,2021,5,24,0,0,0,1,0,1,0,0,0
9302,25,15.0,50000,2021,5,26,0,0,0,1,0,0,0,0,1
9323,1,12.0,15000,2021,6,4,0,0,0,1,0,0,0,0,1
9329,6,15.0,35000,2021,6,8,0,0,0,1,0,0,1,0,0
9372,23,15.0,17000,2021,6,22,0,0,0,1,0,0,0,1,0
9381,3,15.0,80000,2021,6,24,0,0,0,1,0,1,0,0,0
9412,14,15.0,60000,2021,7,2,0,0,0,1,0,0,0,1,0
9417,12,20.0,44200,2021,7,3,0,0,0,1,0,0,0,0,1
9424,3,15.0,18000,2021,7,5,0,0,0,1,0,1,0,0,0
9425,41,15.0,17000,2021,7,5,0,0,0,1,0,0,1,0,0
9426,30,15.0,20000,2021,7,5,0,0,0,1,0,0,0,0,1
9428,4,15.0,36000,2021,7,6,0,0,0,1,0,1,0,0,0
9436,1,15.0,22000,2021,7,7,0,0,0,1,0,1,0,0,0
9445,7,15.0,35000,2021,7,8,0,0,0,1,0,0,1,0,0
9455,1,15.0,20000,2021,7,10,0,0,0,1,0,0,0,0,1
9460,5,15.0,22000,2021,7,12,0,1,0,0,0,0,0,1,0
9466,14,15.0,20000,2021,7,12,0,0,0,1,0,0,1,0,0
9468,1,10.0,15000,2021,7,12,0,0,0,1,0,0,0,0,1
9475,38,15.0,31100,2021,7,13,0,0,0,1,0,0,0,0,1
9481,11,15.0,48200,2021,7,14,0,0,0,1,0,1,0,0,0
9483,1,10.0,10000,2021,7,14,0,0,0,1,0,0,0,0,1
9486,40,15.0,25000,2021,7,15,1,0,0,0,0,0,0,1,0
9493,48,15.0,50000,2021,7,16,0,0,0,1,0,0,0,0,1
9495,40,15.0,23000,2021,7,17,1,0,0,0,0,0,0,1,0
9496,2,10.0,19000,2021,7,17,0,0,0,1,0,0,1,0,0
9497,11,15.0,49100,2021,7,17,0,0,0,1,0,0,1,0,0
9501,8,15.0,28500,2021,7,19,0,0,0,1,0,0,1,0,0
9506,42,15.0,25100,2021,7,20,1,0,0,0,0,0,0,1,0
9509,40,15.0,22300,2021,7,21,1,0,0,0,0,0,0,1,0
9510,9,15.0,40000,2021,7,21,0,0,0,1,0,0,1,0,0
9522,9,15.0,26700,2021,7,24,0,0,1,0,0,0,0,0,1
9527,4,10.0,28000,2021,7,26,0,0,1,0,0,0,0,0,1
9531,5,15.0,24000,2021,7,27,0,0,1,0,0,0,0,0,1
9540,23,15.0,50800,2021,7,29,0,0,0,1,0,0,0,0,1
9543,13,15.0,45200,2021,7,30,0,0,0,1,0,0,0,0,1
9546,40,15.0,38000,2021,8,2,1,0,0,0,0,0,1,0,0
9548,76,15.0,43000,2021,8,2,0,1,0,0,0,1,0,0,0
9550,1,15.0,2000,2021,8,2,0,0,0,1,0,0,0,0,1
9556,32,15.0,43000,2021,8,4,1,0,0,0,0,0,1,0,0
9558,75,15.0,27000,2021,8,4,1,0,0,0,0,0,0,1,0
9561,40,15.0,52600,2021,8,5,1,0,0,0,0,1,0,0,0
9565,17,15.0,53000,2021,8,6,1,0,0,0,0,1,0,0,0
9566,50,15.0,37800,2021,8,6,1,0,0,0,0,0,1,0,0
9572,40,15.0,45000,2021,8,7,1,0,0,0,0,0,1,0,0
9581,125,15.0,41700,2021,8,9,0,1,0,0,0,1,0,0,0
9587,257,15.0,32400,2021,8,10,0,1,0,0,0,1,0,0,0
9594,60,15.0,52000,2021,8,12,0,1,0,0,0,1,0,0,0
9598,45,15.0,85000,2021,8,13,0,1,0,0,0,1,0,0,0
9599,100,15.0,52900,2021,8,13,0,1,0,0,0,0,0,1,0
9604,20,15.0,95000,2021,8,14,0,1,0,0,0,1,0,0,0
9607,70,15.0,65000,2021,8,16,0,1,0,0,0,0,0,1,0
9608,100,15.0,69000,2021,8,17,1,0,0,0,0,0,1,0,0
9610,80,15.0,63600,2021,8,18,1,0,0,0,0,1,0,0,0
9611,52,15.0,44800,2021,8,18,1,0,0,0,0,0,1,0,0
9616,60,15.0,51500,2021,8,19,1,0,0,0,0,1,0,0,0
9617,46,15.0,40000,2021,8,19,1,0,0,0,0,0,1,0,0
9620,1,15.0,50000,2021,8,19,0,1,0,0,0,0,1,0,0
9624,39,15.0,50000,2021,8,20,1,0,0,0,0,1,0,0,0
9625,203,15.0,38700,2021,8,20,1,0,0,0,0,0,1,0,0
9626,29,15.0,58300,2021,8,21,1,0,0,0,0,1,0,0,0
9628,14,15.0,45000,2021,8,21,0,0,0,1,0,0,1,0,0
9629,26,15.0,73700,2021,8,23,1,0,0,0,0,0,1,0,0
9635,40,15.0,74000,2021,8,24,1,0,0,0,0,1,0,0,0
9636,26,15.0,55000,2021,8,24,1,0,0,0,0,0,0,1,0
9637,10,15.0,65000,2021,8,24,0,0,0,1,0,0,1,0,0
9640,50,15.0,75000,2021,8,25,1,0,0,0,0,1,0,0,0
9643,1,15.0,30000,2021,8,25,0,0,0,1,0,1,0,0,0
9644,5,15.0,30000,2021,8,25,0,0,0,1,0,0,0,0,1
9651,20,15.0,94500,2021,8,28,1,0,0,0,0,1,0,0,0
9657,100,15.0,50000,2021,8,30,1,0,0,0,0,1,0,0,0
9658,100,15.0,41300,2021,8,30,1,0,0,0,0,0,1,0,0
9660,50,15.0,38000,2021,8,30,1,0,0,0,0,0,0,1,0
9661,100,15.0,41500,2021,8,31,1,0,0,0,0,1,0,0,0
9662,50,15.0,38000,2021,8,31,1,0,0,0,0,0,1,0,0
9666,2,10.0,10000,2021,8,31,0,1,0,0,0,0,0,0,1
9674,50,15.0,35000,2021,9,3,1,0,0,0,0,0,1,0,0
9676,50,15.0,35000,2021,9,4,1,0,0,0,0,0,1,0,0
9677,7,15.0,15000,2021,9,4,0,0,0,1,0,0,0,0,1
9678,58,15.0,40000,2021,9,6,1,0,0,0,0,0,1,0,0
9685,107,15.0,45000,2021,9,8,1,0,0,0,0,0,1,0,0
9692,80,15.0,38800,2021,9,10,1,0,0,0,0,0,1,0,0
9695,40,15.0,33000,2021,9,11,1,0,0,0,0,0,1,0,0
9698,90,15.0,37100,2021,9,13,1,0,0,0,0,0,1,0,0
9700,38,15.0,33000,2021,9,14,1,0,0,0,0,0,1,0,0
9701,14,10.0,3000,2021,9,14,0,1,0,0,0,0,0,0,1
9704,117,15.0,35600,2021,9,15,1,0,0,0,0,0,1,0,0
9706,5,15.0,11000,2021,9,15,0,0,0,1,0,1,0,0,0
9707,53,15.0,33000,2021,9,16,1,0,0,0,0,0,1,0,0
9715,118,15.0,39300,2021,9,28,1,0,0,0,0,0,1,0,0
9716,50,15.0,25000,2021,9,28,1,0,0,0,0,0,0,1,0
9717,80,15.0,29500,2021,9,29,1,0,0,0,0,1,0,0,0
9718,110,15.0,30100,2021,9,29,1,0,0,0,0,0,1,0,0
9722,34,10.0,33800,2021,9,30,1,0,0,0,0,0,1,0,0
9723,27,15.0,30600,2021,9,30,1,0,0,0,0,0,0,0,1
9724,76,15.0,32300,2021,10,2,1,0,0,0,0,0,1,0,0
9726,46,15.0,28200,2021,10,2,1,0,0,0,0,0,0,0,1
9727,51,15.0,34300,2021,10,4,1,0,0,0,0,1,0,0,0
9733,30,15.0,25000,2021,10,6,1,0,0,0,0,0,1,0,0
9734,12,15.0,27000,2021,10,6,0,1,0,0,0,1,0,0,0
9735,2,15.0,27000,2021,10,6,0,1,0,0,0,0,1,0,0
9741,78,15.0,27500,2021,10,7,1,0,0,0,0,0,1,0,0
9747,100,15.0,27000,2021,10,9,1,0,0,0,0,0,1,0,0
9752,32,15.0,45000,2021,10,14,1,0,0,0,0,0,1,0,0
9754,27,15.0,65000,2021,10,18,1,0,0,0,0,0,1,0,0
9757,47,10.0,5000,2021,10,18,0,1,0,0,0,0,0,0,1
9764,30,15.0,18000,2021,10,21,0,0,0,1,0,0,1,0,0
9768,78,15.0,49600,2021,10,27,1,0,0,0,0,0,1,0,0
9772,51,15.0,36500,2021,10,28,1,0,0,0,0,0,1,0,0
9775,88,15.0,33000,2021,10,29,1,0,0,0,0,0,1,0,0
9783,90,15.0,33900,2021,11,1,1,0,0,0,0,0,1,0,0
9787,95,15.0,35100,2021,11,3,1,0,0,0,0,0,1,0,0
9791,73,15.0,38200,2021,11,4,1,0,0,0,0,0,1,0,0
9800,30,15.0,50000,2021,11,8,1,0,0,0,0,1,0,0,0
9801,76,15.0,40700,2021,11,8,1,0,0,0,0,0,1,0,0
9803,90,15.0,24400,2021,11,9,1,0,0,0,0,0,1,0,0
9804,4,15.0,3000,2021,11,9,0,0,1,0,0,0,0,0,1
9809,30,15.0,33700,2021,11,10,1,0,0,0,0,1,0,0,0
9810,39,15.0,35000,2021,11,10,1,0,0,0,0,0,1,0,0
9817,20,15.0,30000,2021,11,12,1,0,0,0,0,0,1,0,0
9823,25,15.0,51600,2021,11,18,1,0,0,0,0,0,1,0,0
9826,50,15.0,38100,2021,11,19,1,0,0,0,0,1,0,0,0
9828,1,15.0,18000,2021,11,19,0,0,0,1,0,0,1,0,0
9842,4,15.0,20000,2021,11,30,0,0,0,1,0,0,0,0,1
9846,10,15.0,12000,2021,12,2,0,0,0,1,0,0,0,0,1
9849,4,15.0,55000,2021,12,4,0,0,0,1,0,1,0,0,0
9855,28,15.0,45500,2021,12,7,0,1,0,0,0,0,1,0,0
9859,30,15.0,37000,2021,12,8,1,0,0,0,0,0,1,0,0
9863,44,15.0,41000,2021,12,11,1,0,0,0,0,0,1,0,0
9873,54,15.0,40300,2021,12,15,1,0,0,0,0,0,1,0,0
9875,19,15.0,40000,2021,12,18,1,0,0,0,0,0,1,0,0
9884,2,15.0,38000,2021,12,23,0,0,0,1,0,0,0,0,1
9887,3,15.0,16000,2021,12,28,0,0,0,1,0,0,1,0,0
9893,2,10.0,5000,2021,12,31,0,1,0,0,0,0,0,0,1
1,6,8.0,60000,2022,1,3,0,1,0,0,0,0,0,0,1
4,30,10.0,31000,2022,1,5,1,0,0,0,0,0,1,0,0
25,27,15.0,30200,2022,1,18,1,0,0,0,0,1,0,0,0
33,28,15.0,65000,2022,1,21,1,0,0,0,0,0,1,0,0
36,40,15.0,55000,2022,1,24,1,0,0,0,0,0,1,0,0
49,50,15.0,30000,2022,1,28,1,0,0,0,0,0,0,1,0
68,40,15.0,70500,2022,2,9,1,0,0,0,0,0,1,0,0
74,40,15.0,61500,2022,2,10,1,0,0,0,0,0,1,0,0
78,1,15.0,52000,2022,2,10,0,0,0,1,0,0,1,0,0
83,1,10.0,22000,2022,2,11,0,0,0,1,0,1,0,0,0
90,18,9.0,36300,2022,2,12,0,0,0,1,0,0,0,0,1
96,6,10.0,29000,2022,2,14,0,0,0,1,0,1,0,0,0
97,2,10.0,55000,2022,2,14,0,0,0,1,0,0,1,0,0
101,1,10.0,18000,2022,2,14,0,0,0,1,0,0,0,0,1
105,50,15.0,37200,2022,2,15,1,0,0,0,0,0,1,0,0
108,39,15.0,26000,2022,2,15,0,0,0,1,0,0,0,0,1
111,43,15.0,35000,2022,2,16,1,0,0,0,0,1,0,0,0
112,38,15.0,30000,2022,2,16,1,0,0,0,0,0,1,0,0
115,24,15.0,19800,2022,2,16,0,0,0,1,0,0,0,0,1
126,1,10.0,24000,2022,2,22,0,0,0,1,0,0,1,0,0
135,1,15.0,25000,2022,2,24,1,0,0,0,0,1,0,0,0
136,30,15.0,77300,2022,2,24,1,0,0,0,0,0,1,0,0
147,5,8.0,22000,2022,2,26,0,0,0,1,0,0,1,0,0
154,8,10.0,13000,2022,3,1,0,0,0,1,0,1,0,0,0
155,2,10.0,13000,2022,3,1,0,0,0,1,0,0,0,0,1
158,9,10.0,55000,2022,3,2,0,0,0,1,0,1,0,0,0
159,13,10.0,55000,2022,3,2,0,0,0,1,0,0,1,0,0
161,35,15.0,66600,2022,3,4,1,0,0,0,0,0,1,0,0
169,72,15.0,38900,2022,3,8,1,0,0,0,0,0,1,0,0
170,30,15.0,18000,2022,3,8,1,0,0,0,0,0,0,1,0
179,52,15.0,36200,2022,3,9,1,0,0,0,0,0,1,0,0
181,88,15.0,60000,2022,3,11,1,0,0,0,0,0,1,0,0
242,8,13.0,15000,2022,4,9,0,0,0,1,0,0,1,0,0
243,1,13.0,7000,2022,4,9,0,0,0,1,0,0,0,1,0
291,6,15.0,67500,2022,4,26,0,0,0,1,0,0,1,0,0
385,29,13.0,33000,2022,5,28,0,0,0,1,0,0,1,0,0
425,21,8.0,26600,2022,6,11,0,0,0,1,0,0,1,0,0
426,3,10.0,45000,2022,6,13,0,0,0,1,0,1,0,0,0
439,3,15.0,43000,2022,6,18,0,0,0,1,0,1,0,0,0
443,150,15.0,45700,2022,6,20,1,0,0,0,0,1,0,0,0
458,40,15.0,38000,2022,6,23,1,0,0,0,0,1,0,0,0
459,30,15.0,33000,2022,6,23,1,0,0,0,0,0,1,0,0
472,9,10.0,17000,2022,6,27,0,0,1,0,0,0,1,0,0
490,5,10.0,15000,2022,7,2,0,1,0,0,0,0,0,0,1
