수량,중량,평균가,yyyy,mm,dd,산지_서천,산지_완도,산지_충무,산지_통영,산지_흑산도
355,1.0,10500,2017,1,2,0,0,0,1,0
121,1.0,11300,2017,1,3,0,0,0,1,0
16,1.0,10500,2017,1,6,0,0,0,1,0
333,1.0,9800,2017,1,7,0,0,0,1,0
98,1.0,11900,2017,1,9,0,0,0,1,0
97,1.0,7500,2017,1,10,0,0,0,1,0
263,1.0,11300,2017,1,11,0,0,0,1,0
42,1.0,8700,2017,1,12,0,0,0,1,0
202,1.0,16100,2017,1,13,0,0,0,1,0
596,1.0,12500,2017,1,14,0,0,0,1,0
390,1.0,11100,2017,1,16,0,0,0,1,0
27,1.0,11300,2017,1,17,0,0,0,1,0
31,1.0,11200,2017,1,18,0,0,0,1,0
50,1.0,9700,2017,1,19,0,0,0,1,0
408,1.0,14400,2017,1,20,0,0,0,1,0
159,1.0,11400,2017,1,21,0,0,0,1,0
428,1.0,8800,2017,1,23,0,0,0,1,0
79,1.0,10100,2017,1,24,0,0,0,1,0
235,1.0,12700,2017,1,25,0,0,0,1,0
183,1.0,12700,2017,1,27,0,0,0,1,0
699,1.0,13200,2017,2,1,0,0,0,1,0
568,1.0,7200,2017,2,2,0,0,0,1,0
751,1.0,7800,2017,2,3,0,0,0,1,0
363,1.0,8000,2017,2,4,0,0,0,1,0
596,1.0,9600,2017,2,6,0,0,0,1,0
229,1.0,7500,2017,2,7,0,0,0,1,0
398,1.0,6500,2017,2,8,0,0,0,1,0
188,1.0,7700,2017,2,9,0,0,0,1,0
838,1.0,8400,2017,2,10,0,0,0,1,0
756,1.0,7600,2017,2,13,0,0,0,1,0
625,1.0,8700,2017,2,14,0,0,0,1,0
399,1.0,7000,2017,2,15,0,0,0,1,0
565,1.0,8300,2017,2,16,0,0,0,1,0
843,1.0,7800,2017,2,17,0,0,0,1,0
643,1.0,8300,2017,2,18,0,0,0,1,0
534,1.0,8700,2017,2,20,0,0,0,1,0
289,1.0,7500,2017,2,21,0,0,0,1,0
187,1.0,7600,2017,2,22,0,0,0,1,0
192,1.0,8100,2017,2,23,0,0,0,1,0
517,1.0,9700,2017,2,24,0,0,0,1,0
289,1.0,9700,2017,2,25,0,0,0,1,0
262,1.0,9400,2017,2,27,0,0,0,1,0
548,1.0,10200,2017,2,28,0,0,0,1,0
349,1.0,10200,2017,3,1,0,0,0,1,0
742,1.0,7600,2017,3,2,0,0,0,1,0
492,1.0,7600,2017,3,3,0,0,0,1,0
322,1.0,9200,2017,3,4,0,0,0,1,0
377,1.0,7000,2017,3,6,0,0,0,1,0
470,1.0,7500,2017,3,7,0,0,0,1,0
172,1.0,5200,2017,3,8,0,0,0,1,0
476,1.0,6800,2017,3,9,0,0,0,1,0
350,1.0,6900,2017,3,10,0,0,0,1,0
477,1.0,8700,2017,3,11,0,0,0,1,0
325,1.0,8800,2017,3,13,0,0,0,1,0
420,1.0,10500,2017,3,14,0,0,0,1,0
3,1.0,17000,2017,3,15,0,0,0,1,0
350,1.0,11100,2017,3,16,0,0,0,1,0
172,1.0,7400,2017,3,17,0,0,0,1,0
530,1.0,8100,2017,3,18,0,0,0,1,0
636,1.0,5500,2017,3,20,0,0,0,1,0
1768,1.0,4400,2017,3,21,0,0,0,1,0
1416,1.0,5100,2017,3,23,0,0,0,1,0
23,1.0,7400,2017,3,24,0,0,0,1,0
178,1.0,11400,2017,3,25,0,0,0,1,0
247,1.0,11400,2017,3,27,0,0,0,1,0
504,1.0,11600,2017,3,28,0,0,0,1,0
374,1.0,9100,2017,3,29,0,0,0,1,0
343,1.0,10700,2017,3,30,0,0,0,1,0
542,1.0,9300,2017,3,31,0,0,0,1,0
1168,1.0,8100,2017,4,1,0,0,0,1,0
659,1.0,7400,2017,4,3,0,0,0,1,0
191,1.0,6500,2017,4,4,0,0,0,1,0
179,1.0,6600,2017,4,5,0,0,0,1,0
428,1.0,8500,2017,4,6,0,0,0,1,0
110,1.0,8700,2017,4,7,0,0,0,1,0
726,1.0,9900,2017,4,8,0,0,0,1,0
1463,1.0,6900,2017,4,10,0,0,0,1,0
141,1.0,8800,2017,4,11,0,0,0,1,0
126,1.0,7500,2017,4,12,0,0,0,1,0
53,1.0,7900,2017,4,13,0,0,0,1,0
216,1.0,12400,2017,4,14,0,0,0,1,0
562,1.0,11100,2017,4,15,0,0,0,1,0
430,1.0,10900,2017,4,17,0,0,0,1,0
511,1.0,9900,2017,4,18,0,0,0,1,0
50,1.0,9800,2017,4,19,0,0,0,1,0
377,1.0,8400,2017,4,20,0,0,0,1,0
543,1.0,9400,2017,4,21,0,0,0,1,0
256,1.0,12000,2017,4,22,0,0,0,1,0
367,1.0,9400,2017,4,24,0,0,0,1,0
357,1.0,8500,2017,4,25,0,0,0,1,0
218,1.0,8700,2017,4,27,0,0,0,1,0
196,1.0,8500,2017,4,28,0,0,0,1,0
209,1.0,8400,2017,4,29,0,0,0,1,0
157,1.0,7100,2017,5,1,0,0,0,1,0
292,1.0,8900,2017,5,3,0,0,0,1,0
68,1.0,8300,2017,5,4,0,0,0,1,0
457,1.0,9000,2017,5,5,0,0,0,1,0
468,1.0,10000,2017,5,6,0,0,0,1,0
80,1.0,10300,2017,5,8,0,0,0,1,0
385,1.0,10200,2017,5,9,0,0,0,1,0
232,1.0,10700,2017,5,10,0,0,0,1,0
120,1.0,7300,2017,5,11,0,0,0,1,0
478,1.0,8400,2017,5,12,0,0,0,1,0
433,1.0,10500,2017,5,13,0,0,0,1,0
337,1.0,9400,2017,5,15,0,0,0,1,0
203,1.0,8400,2017,5,16,0,0,0,1,0
152,1.0,8000,2017,5,17,0,0,0,1,0
246,1.0,5300,2017,5,18,0,0,0,1,0
110,1.0,9900,2017,5,19,0,0,0,1,0
586,1.0,7700,2017,5,20,0,0,0,1,0
178,1.0,10800,2017,5,22,0,0,0,1,0
197,1.0,6800,2017,5,23,0,0,0,1,0
26,1.0,10000,2017,5,24,0,0,0,1,0
56,1.0,10100,2017,5,25,0,0,0,1,0
129,1.0,8400,2017,5,26,0,0,0,1,0
206,1.0,10000,2017,5,27,0,0,0,1,0
81,1.0,9200,2017,5,29,0,0,0,1,0
9,1.0,11000,2017,5,30,0,0,0,1,0
607,1.0,8700,2017,5,31,0,0,0,1,0
138,1.0,8200,2017,6,2,0,0,0,1,0
69,1.0,8500,2017,6,3,0,0,0,1,0
560,1.0,9600,2017,6,5,0,0,0,1,0
7,1.0,15000,2017,6,6,0,0,0,1,0
152,1.0,7100,2017,6,7,0,0,0,1,0
17,1.0,10800,2017,6,8,0,0,0,1,0
270,1.0,10400,2017,6,9,0,0,0,1,0
1102,1.0,8800,2017,6,10,0,0,0,1,0
246,1.0,9400,2017,6,12,0,0,0,1,0
125,1.0,9300,2017,6,13,0,0,0,1,0
73,1.0,9300,2017,6,14,0,0,0,1,0
81,1.0,11800,2017,6,15,0,0,0,1,0
234,1.0,8200,2017,6,16,0,0,0,1,0
248,1.0,10600,2017,6,17,0,0,0,1,0
90,1.0,9400,2017,6,19,0,0,0,1,0
381,1.0,9500,2017,6,20,0,0,0,1,0
439,1.0,7600,2017,6,21,0,0,0,1,0
467,1.0,7300,2017,6,22,0,0,0,1,0
359,1.0,7700,2017,6,23,0,0,0,1,0
453,1.0,6300,2017,6,24,0,0,0,1,0
172,1.0,7200,2017,6,26,0,0,0,1,0
58,1.0,10800,2017,6,27,0,0,0,1,0
150,1.0,5800,2017,6,28,0,0,0,1,0
251,1.0,7000,2017,6,29,0,0,0,1,0
151,1.0,7700,2017,6,30,0,0,0,1,0
116,1.0,8000,2017,7,1,0,0,0,1,0
92,1.0,8600,2017,7,3,0,0,0,1,0
424,1.0,5400,2017,7,4,0,0,0,1,0
59,1.0,6700,2017,7,5,0,0,0,1,0
66,1.0,7400,2017,7,6,0,0,0,1,0
309,1.0,7900,2017,7,7,0,0,0,1,0
228,1.0,7700,2017,7,8,0,0,0,1,0
318,1.0,6900,2017,7,11,0,0,0,1,0
812,1.0,6000,2017,7,12,0,0,0,1,0
49,1.0,9300,2017,7,13,0,0,0,1,0
281,1.0,10900,2017,7,14,0,0,0,1,0
297,1.0,9700,2017,7,15,0,0,0,1,0
344,1.0,8500,2017,7,17,0,0,0,1,0
9,1.0,10000,2017,7,18,0,0,0,1,0
13,1.0,9500,2017,7,19,0,0,0,1,0
55,1.0,10600,2017,7,20,0,0,0,1,0
264,1.0,9300,2017,7,21,0,0,0,1,0
192,1.0,8500,2017,7,22,0,0,0,1,0
372,1.0,8700,2017,7,24,0,0,0,1,0
108,1.0,8800,2017,7,25,0,0,0,1,0
14,1.0,9000,2017,7,26,0,0,0,1,0
35,1.0,12100,2017,7,27,0,0,0,1,0
254,1.0,11800,2017,7,28,0,0,0,1,0
684,1.0,8900,2017,7,31,0,0,0,1,0
353,1.0,8000,2017,8,1,0,0,0,1,0
452,1.0,7800,2017,8,2,0,0,0,1,0
375,1.0,8100,2017,8,3,0,0,0,1,0
328,1.0,7200,2017,8,4,0,0,0,1,0
117,1.0,9400,2017,8,5,0,0,0,1,0
559,1.0,6600,2017,8,7,0,0,0,1,0
442,1.0,6100,2017,8,8,0,0,0,1,0
219,1.0,7300,2017,8,9,0,0,0,1,0
9,1.0,10300,2017,8,10,0,0,0,1,0
51,1.0,12200,2017,8,11,0,0,0,1,0
86,1.0,11300,2017,8,12,0,0,0,1,0
356,1.0,10700,2017,8,14,0,0,0,1,0
102,1.0,12100,2017,8,15,0,0,0,1,0
335,1.0,8100,2017,8,16,0,0,0,1,0
214,1.0,10100,2017,8,17,0,0,0,1,0
1144,1.0,7900,2017,8,18,0,0,0,1,0
554,1.0,7800,2017,8,19,0,0,0,1,0
84,1.0,8000,2017,8,21,0,0,0,1,0
201,1.0,8600,2017,8,22,0,0,0,1,0
330,1.0,4900,2017,8,23,0,0,0,1,0
336,1.0,4400,2017,8,24,0,0,0,1,0
12,1.0,11000,2017,8,25,0,0,0,1,0
388,1.0,9300,2017,8,26,0,0,0,1,0
132,1.0,12000,2017,8,28,0,0,0,1,0
411,1.0,7400,2017,8,30,0,0,0,1,0
23,1.0,8600,2017,8,31,0,0,0,1,0
133,1.0,9100,2017,9,1,0,0,0,1,0
4,1.0,5000,2017,9,2,0,0,0,1,0
96,1.0,9000,2017,9,4,0,0,0,1,0
63,1.0,12100,2017,9,5,0,0,0,1,0
211,1.0,11900,2017,9,6,0,0,0,1,0
741,1.0,9000,2017,9,7,0,0,0,1,0
235,1.0,9900,2017,9,8,0,0,0,1,0
220,1.0,15600,2017,9,9,0,0,0,1,0
39,1.0,6800,2017,9,11,0,0,0,1,0
157,1.0,8900,2017,9,12,0,0,0,1,0
112,1.0,11900,2017,9,13,0,0,0,1,0
222,1.0,11200,2017,9,14,0,0,0,1,0
632,1.0,10900,2017,9,15,0,0,0,1,0
212,1.0,10900,2017,9,16,0,0,0,1,0
511,1.0,10000,2017,9,18,0,0,0,1,0
259,1.0,9600,2017,9,19,0,0,0,1,0
542,1.0,10100,2017,9,20,0,0,0,1,0
12,1.0,12500,2017,9,21,0,0,0,1,0
522,1.0,8700,2017,9,22,0,0,0,1,0
319,1.0,10600,2017,9,23,0,0,0,1,0
156,1.0,12000,2017,9,25,0,0,0,1,0
85,1.0,10700,2017,9,26,0,0,0,1,0
472,1.0,10200,2017,9,27,0,0,0,1,0
47,1.0,17400,2017,9,28,0,0,0,1,0
598,1.0,10200,2017,9,29,0,0,0,1,0
998,1.0,8800,2017,9,30,0,0,0,1,0
512,1.0,9400,2017,10,1,0,0,0,1,0
298,1.0,11500,2017,10,2,0,0,0,1,0
594,1.0,10600,2017,10,3,0,0,0,1,0
423,1.0,12600,2017,10,9,0,0,0,1,0
180,1.0,9200,2017,10,10,0,0,0,1,0
152,1.0,14900,2017,10,11,0,0,0,1,0
172,1.0,11800,2017,10,12,0,0,0,1,0
904,1.0,10400,2017,10,13,0,0,0,1,0
573,1.0,10300,2017,10,14,0,0,0,1,0
1104,1.0,8500,2017,10,16,0,0,0,1,0
276,1.0,9000,2017,10,17,0,0,0,1,0
48,1.0,8700,2017,10,18,0,0,0,1,0
440,1.0,8600,2017,10,19,0,0,0,1,0
583,1.0,9600,2017,10,20,0,0,0,1,0
413,1.0,10500,2017,10,21,0,0,0,1,0
515,1.0,7700,2017,10,23,0,0,0,1,0
499,1.0,8500,2017,10,24,0,0,0,1,0
309,1.0,9000,2017,10,25,0,0,0,1,0
38,1.0,11800,2017,10,26,0,0,0,1,0
328,1.0,12700,2017,10,27,0,0,0,1,0
178,1.0,13000,2017,10,28,0,0,0,1,0
142,1.0,9200,2017,10,30,0,0,0,1,0
403,1.0,9200,2017,10,31,0,0,0,1,0
291,1.0,10200,2017,11,1,0,0,0,1,0
290,1.0,12700,2017,11,2,0,0,0,1,0
377,1.0,11600,2017,11,3,0,0,0,1,0
353,1.0,12600,2017,11,4,0,0,0,1,0
197,1.0,10500,2017,11,6,0,0,0,1,0
120,1.0,13900,2017,11,7,0,0,0,1,0
136,1.0,9900,2017,11,8,0,0,0,1,0
130,1.0,10000,2017,11,9,0,0,0,1,0
562,1.0,10400,2017,11,10,0,0,0,1,0
497,1.0,10800,2017,11,11,0,0,0,1,0
348,1.0,10700,2017,11,13,0,0,0,1,0
50,1.0,13100,2017,11,14,0,0,0,1,0
323,1.0,11100,2017,11,15,0,0,0,1,0
259,1.0,11700,2017,11,16,0,0,0,1,0
50,1.0,13100,2017,11,17,0,0,0,1,0
352,1.0,11600,2017,11,18,0,0,0,1,0
652,1.0,9100,2017,11,20,0,0,0,1,0
52,1.0,7600,2017,11,21,0,0,0,1,0
473,1.0,7700,2017,11,22,0,0,0,1,0
236,1.0,14700,2017,11,23,0,0,0,1,0
242,1.0,10800,2017,11,24,0,0,0,1,0
372,1.0,14300,2017,11,25,0,0,0,1,0
590,1.0,10100,2017,11,27,0,0,0,1,0
382,1.0,11700,2017,11,28,0,0,0,1,0
129,1.0,9100,2017,11,29,0,0,0,1,0
501,1.0,13000,2017,11,30,0,0,0,1,0
254,1.0,10500,2017,12,1,0,0,0,1,0
921,1.0,12500,2017,12,2,0,0,0,1,0
425,1.0,6900,2017,12,4,0,0,0,1,0
217,1.0,9900,2017,12,5,0,0,0,1,0
47,1.0,15800,2017,12,6,0,0,0,1,0
247,1.0,8500,2017,12,7,0,0,0,1,0
708,1.0,10900,2017,12,8,0,0,0,1,0
443,1.0,9100,2017,12,9,0,0,0,1,0
235,1.0,9600,2017,12,11,0,0,0,1,0
100,1.0,7500,2017,12,12,0,0,0,1,0
383,1.0,10700,2017,12,13,0,0,0,1,0
688,1.0,11100,2017,12,14,0,0,0,1,0
312,1.0,10900,2017,12,15,0,0,0,1,0
764,1.0,10500,2017,12,16,0,0,0,1,0
284,1.0,9900,2017,12,18,0,0,0,1,0
160,1.0,7700,2017,12,19,0,0,0,1,0
412,1.0,7300,2017,12,20,0,0,0,1,0
333,1.0,10900,2017,12,21,0,0,0,1,0
661,1.0,11100,2017,12,22,0,0,0,1,0
508,1.0,10700,2017,12,23,0,0,0,1,0
479,1.0,12000,2017,12,25,0,0,0,1,0
1191,1.0,8400,2017,12,26,0,0,0,1,0
168,1.0,7000,2017,12,27,0,0,0,1,0
577,1.0,9900,2017,12,28,0,0,0,1,0
575,1.0,9500,2017,12,29,0,0,0,1,0
1633,1.0,9100,2017,12,30,0,0,0,1,0
694,1.0,9500,2018,1,2,0,0,0,1,0
426,1.0,7600,2018,1,3,0,0,0,1,0
572,1.0,10800,2018,1,4,0,0,0,1,0
675,1.0,9800,2018,1,5,0,0,0,1,0
1432,1.0,9200,2018,1,6,0,0,0,1,0
848,1.0,8600,2018,1,8,0,0,0,1,0
320,1.0,8700,2018,1,9,0,0,0,1,0
235,1.0,6600,2018,1,10,0,0,0,1,0
222,1.0,11400,2018,1,11,0,0,0,1,0
358,1.0,7400,2018,1,12,0,0,0,1,0
220,1.0,11700,2018,1,13,0,0,0,1,0
864,1.0,6900,2018,1,15,0,0,0,1,0
250,1.0,12000,2018,1,16,0,0,0,1,0
347,1.0,9300,2018,1,17,0,0,0,1,0
229,1.0,12200,2018,1,18,0,0,0,1,0
243,1.0,12500,2018,1,19,0,0,0,1,0
592,1.0,8800,2018,1,20,0,0,0,1,0
129,1.0,7400,2018,1,22,0,0,0,1,0
195,1.0,12600,2018,1,23,0,0,0,1,0
295,1.0,9400,2018,1,24,0,0,0,1,0
422,1.0,10500,2018,1,25,0,0,0,1,0
42,1.0,11200,2018,1,26,0,0,0,1,0
192,1.0,13100,2018,1,27,0,0,0,1,0
733,1.0,8500,2018,1,29,0,0,0,1,0
193,1.0,11700,2018,1,30,0,0,0,1,0
19,1.0,11800,2018,1,31,0,0,0,1,0
315,1.0,10900,2018,2,1,0,0,0,1,0
365,1.0,13600,2018,2,2,0,0,0,1,0
1125,1.0,11700,2018,2,3,0,0,0,1,0
984,1.0,10100,2018,2,5,0,0,0,1,0
44,1.0,9900,2018,2,6,0,0,0,1,0
826,1.0,11200,2018,2,7,0,0,0,1,0
758,1.0,8200,2018,2,8,0,0,0,1,0
391,1.0,10500,2018,2,9,0,0,0,1,0
84,1.0,13400,2018,2,10,0,0,0,1,0
988,1.0,11200,2018,2,12,0,0,0,1,0
1077,1.0,9200,2018,2,13,0,0,0,1,0
399,1.0,13000,2018,2,14,0,0,0,1,0
992,1.0,11300,2018,2,15,0,0,0,1,0
772,1.0,11400,2018,2,19,0,0,0,1,0
804,1.0,9300,2018,2,20,0,0,0,1,0
374,1.0,9500,2018,2,21,0,0,0,1,0
625,1.0,10100,2018,2,22,0,0,0,1,0
676,1.0,11400,2018,2,23,0,0,0,1,0
829,1.0,11000,2018,2,24,0,0,0,1,0
539,1.0,11000,2018,2,26,0,0,0,1,0
541,1.0,8300,2018,2,27,0,0,0,1,0
59,1.0,9400,2018,2,28,0,0,0,1,0
580,1.0,10600,2018,3,1,0,0,0,1,0
764,1.0,10700,2018,3,2,0,0,0,1,0
761,1.0,10300,2018,3,3,0,0,0,1,0
730,1.0,9000,2018,3,5,0,0,0,1,0
271,1.0,9200,2018,3,6,0,0,0,1,0
127,1.0,6500,2018,3,7,0,0,0,1,0
712,1.0,9400,2018,3,8,0,0,0,1,0
673,1.0,8700,2018,3,9,0,0,0,1,0
13,1.0,8600,2018,3,10,0,0,0,1,0
494,1.0,11000,2018,3,12,0,0,0,1,0
425,1.0,11800,2018,3,14,0,0,0,1,0
229,1.0,7700,2018,3,15,0,0,0,1,0
748,1.0,10000,2018,3,16,0,0,0,1,0
427,1.0,10200,2018,3,17,0,0,0,1,0
846,1.0,8400,2018,3,19,0,0,0,1,0
574,1.0,6700,2018,3,20,0,0,0,1,0
205,1.0,8400,2018,3,21,0,0,0,1,0
83,1.0,7200,2018,3,22,0,0,0,1,0
442,1.0,11900,2018,3,23,0,0,0,1,0
866,1.0,10500,2018,3,24,0,0,0,1,0
748,1.0,10600,2018,3,26,0,0,0,1,0
395,1.0,7800,2018,3,27,0,0,0,1,0
739,1.0,9900,2018,3,28,0,0,0,1,0
1037,1.0,6900,2018,3,29,0,0,0,1,0
1469,1.0,7600,2018,3,30,0,0,0,1,0
323,1.0,5400,2018,3,31,0,0,0,1,0
678,1.0,7100,2018,4,2,0,0,0,1,0
360,1.0,7100,2018,4,3,0,0,0,1,0
303,1.0,7200,2018,4,4,0,0,0,1,0
640,1.0,9100,2018,4,5,0,0,0,1,0
837,1.0,9300,2018,4,7,0,0,0,1,0
403,1.0,10800,2018,4,9,0,0,0,1,0
587,1.0,10000,2018,4,11,0,0,0,1,0
299,1.0,8000,2018,4,12,0,0,0,1,0
495,1.0,12000,2018,4,13,0,0,0,1,0
400,1.0,10400,2018,4,14,0,0,0,1,0
47,1.0,8300,2018,4,17,0,0,0,1,0
555,1.0,11700,2018,4,19,0,0,0,1,0
395,1.0,9000,2018,4,20,0,0,0,1,0
503,1.0,9800,2018,4,21,0,0,0,1,0
193,1.0,9200,2018,4,23,0,0,0,1,0
360,1.0,5900,2018,4,24,0,0,0,1,0
116,1.0,9200,2018,4,25,0,0,0,1,0
327,1.0,9500,2018,4,26,0,0,0,1,0
464,1.0,9400,2018,4,27,0,0,0,1,0
326,1.0,8700,2018,4,28,0,0,0,1,0
599,1.0,8700,2018,4,30,0,0,0,1,0
600,1.0,7900,2018,5,1,0,0,0,1,0
9,1.0,6000,2018,5,2,0,0,0,1,0
204,1.0,8600,2018,5,3,0,0,0,1,0
413,1.0,7500,2018,5,4,0,0,0,1,0
578,1.0,10000,2018,5,5,0,0,0,1,0
528,1.0,11800,2018,5,8,0,0,0,1,0
764,1.0,10200,2018,5,10,0,0,0,1,0
652,1.0,9200,2018,5,11,0,0,0,1,0
818,1.0,10600,2018,5,12,0,0,0,1,0
225,1.0,9400,2018,5,14,0,0,0,1,0
250,1.0,5800,2018,5,16,0,0,0,1,0
232,1.0,8300,2018,5,17,0,0,0,1,0
247,1.0,6500,2018,5,18,0,0,0,1,0
922,1.0,11500,2018,5,19,0,0,0,1,0
534,1.0,8600,2018,5,21,0,0,0,1,0
2,1.0,11000,2018,5,22,0,0,0,1,0
258,1.0,11600,2018,5,23,0,0,0,1,0
111,1.0,10000,2018,5,24,0,0,0,1,0
293,1.0,10900,2018,5,25,0,0,0,1,0
1072,1.0,10800,2018,5,26,0,0,0,1,0
157,1.0,14300,2018,5,30,0,0,0,1,0
225,1.0,12800,2018,5,31,0,0,0,1,0
629,1.0,11000,2018,6,1,0,0,0,1,0
894,1.0,10900,2018,6,2,0,0,0,1,0
402,1.0,2200,2018,6,4,0,0,0,1,0
355,1.0,11000,2018,6,5,0,0,0,1,0
492,1.0,5700,2018,6,6,0,0,0,1,0
340,1.0,9400,2018,6,7,0,0,0,1,0
362,1.0,10400,2018,6,8,0,0,0,1,0
198,1.0,12100,2018,6,9,0,0,0,1,0
182,1.0,6700,2018,6,11,0,0,0,1,0
221,1.0,14400,2018,6,13,0,0,0,1,0
578,1.0,10800,2018,6,15,0,0,0,1,0
177,1.0,14700,2018,6,18,0,0,0,1,0
520,1.0,11600,2018,6,20,0,0,0,1,0
363,1.0,10300,2018,6,21,0,0,0,1,0
371,1.0,9100,2018,6,22,0,0,0,1,0
163,1.0,14200,2018,6,23,0,0,0,1,0
345,1.0,11700,2018,6,25,0,0,0,1,0
396,1.0,7900,2018,6,26,0,0,0,1,0
192,1.0,7200,2018,6,27,0,0,0,1,0
184,1.0,7500,2018,6,28,0,0,0,1,0
114,1.0,8800,2018,6,29,0,0,0,1,0
552,1.0,12700,2018,6,30,0,0,0,1,0
392,1.0,9500,2018,7,2,0,0,0,1,0
38,1.0,9000,2018,7,4,0,0,0,1,0
389,1.0,12300,2018,7,6,0,0,0,1,0
374,1.0,10300,2018,7,7,0,0,0,1,0
415,1.0,11800,2018,7,9,0,0,0,1,0
159,1.0,13100,2018,7,11,0,0,0,1,0
342,1.0,12300,2018,7,12,0,0,0,1,0
199,1.0,13000,2018,7,13,0,0,0,1,0
136,1.0,8000,2018,7,14,0,0,0,1,0
350,1.0,10600,2018,7,16,0,0,0,1,0
164,1.0,12600,2018,7,18,0,0,0,1,0
399,1.0,12800,2018,7,19,0,0,0,1,0
135,1.0,6300,2018,7,20,0,0,0,1,0
347,1.0,12700,2018,7,21,0,0,0,1,0
164,1.0,11900,2018,7,23,0,0,0,1,0
162,1.0,12700,2018,7,24,0,0,0,1,0
652,1.0,10300,2018,7,26,0,0,0,1,0
1618,1.0,5100,2018,7,27,0,0,0,1,0
31,1.0,12100,2018,7,30,0,0,0,1,0
659,1.0,6000,2018,7,31,0,0,0,1,0
358,1.0,11400,2018,8,2,0,0,0,1,0
44,1.0,9400,2018,8,3,0,0,0,1,0
30,1.0,9700,2018,8,4,0,0,0,1,0
201,1.0,13600,2018,8,7,0,0,0,1,0
208,1.0,6400,2018,8,9,0,0,0,1,0
181,1.0,11800,2018,8,10,0,0,0,1,0
211,1.0,6800,2018,8,11,0,0,0,1,0
35,1.0,4000,2018,8,16,0,0,0,1,0
35,1.0,17000,2018,8,18,0,0,0,1,0
54,1.0,9500,2018,8,20,0,0,0,1,0
22,1.0,6500,2018,8,21,0,0,0,1,0
46,1.0,9500,2018,8,22,0,0,0,1,0
61,1.0,9900,2018,8,23,0,0,0,1,0
59,1.0,9800,2018,8,28,0,0,0,1,0
215,1.0,14300,2018,8,29,0,0,0,1,0
544,1.0,11100,2018,8,30,0,0,0,1,0
256,1.0,8000,2018,8,31,0,0,0,1,0
226,1.0,10900,2018,9,1,0,0,0,1,0
372,1.0,8100,2018,9,3,0,0,0,1,0
19,1.0,12100,2018,9,6,0,0,0,1,0
43,1.0,13400,2018,9,7,0,0,0,1,0
7,1.0,14000,2018,9,11,0,0,0,1,0
6,1.0,14000,2018,9,12,0,0,0,1,0
213,1.0,10300,2018,9,18,0,0,0,1,0
255,1.0,10300,2018,9,19,0,0,0,1,0
80,1.0,11900,2018,9,20,0,0,0,1,0
279,1.0,9500,2018,9,21,0,0,0,1,0
9,1.0,24100,2018,9,22,0,0,0,1,0
122,1.0,9900,2018,9,23,0,0,0,1,0
119,1.0,15100,2018,9,27,0,0,0,1,0
38,1.0,12900,2018,9,28,0,0,0,1,0
290,1.0,10100,2018,9,29,0,0,0,1,0
46,1.0,10700,2018,10,1,0,0,0,1,0
57,1.0,12500,2018,10,6,0,0,0,1,0
105,1.0,10500,2018,10,9,0,0,0,1,0
146,1.0,11100,2018,10,15,0,0,0,1,0
3,1.0,30000,2018,10,18,0,0,0,1,0
141,1.0,7000,2018,10,19,0,0,0,1,0
36,1.0,8100,2018,10,23,0,0,0,1,0
69,1.0,7900,2018,10,24,0,0,0,1,0
19,1.0,11600,2018,10,25,0,0,0,1,0
162,1.0,10800,2018,10,31,0,0,0,1,0
52,1.0,28000,2018,11,1,0,0,0,1,0
33,1.0,7700,2018,11,9,0,0,0,1,0
115,1.0,10500,2018,11,10,0,0,0,1,0
37,1.0,9300,2018,11,12,0,0,0,1,0
15,1.0,14000,2018,11,13,0,0,0,1,0
235,1.0,10300,2018,11,15,0,0,0,1,0
18,1.0,13300,2018,11,16,0,0,0,1,0
193,1.0,10100,2018,11,17,0,0,0,1,0
1018,1.0,11900,2018,11,23,0,0,0,1,0
24,1.0,8200,2018,11,27,0,0,0,1,0
2,1.0,10000,2018,11,29,0,0,0,1,0
14,1.0,10000,2018,11,30,0,0,0,1,0
7,1.0,34400,2018,12,4,0,0,0,1,0
211,1.0,16700,2018,12,6,0,0,0,1,0
576,1.0,10900,2018,12,7,0,0,0,1,0
8,1.0,12000,2018,12,10,0,0,0,1,0
2,1.0,9000,2018,12,11,0,0,0,1,0
178,1.0,16300,2018,12,12,0,0,0,1,0
17,1.0,8000,2018,12,13,0,0,0,1,0
657,1.0,13100,2018,12,14,0,0,0,1,0
394,1.0,10500,2018,12,17,0,0,0,1,0
18,1.0,8500,2018,12,18,0,0,0,1,0
277,1.0,9100,2018,12,20,0,0,0,1,0
148,1.0,8600,2018,12,21,0,0,0,1,0
206,1.0,12000,2018,12,22,0,0,0,1,0
196,1.0,13800,2018,12,24,0,0,0,1,0
233,1.0,14800,2018,12,26,0,0,0,1,0
313,1.0,13400,2018,12,28,0,0,0,1,0
216,1.0,15200,2018,12,29,0,0,0,1,0
193,1.0,17800,2018,12,31,0,0,0,1,0
81,1.0,12700,2019,1,2,0,0,0,1,0
229,1.0,13100,2019,1,3,0,0,0,1,0
70,1.0,11000,2019,1,4,0,0,0,1,0
269,1.0,9200,2019,1,5,0,0,0,1,0
192,1.0,8900,2019,1,7,0,0,0,1,0
27,1.0,8000,2019,1,8,0,0,0,1,0
80,1.0,8300,2019,1,10,0,0,0,1,0
166,1.0,14000,2019,1,11,0,0,0,1,0
228,1.0,13700,2019,1,12,0,0,0,1,0
50,1.0,10000,2019,1,15,0,0,0,1,0
68,1.0,11100,2019,1,16,0,0,0,1,0
54,1.0,10300,2019,1,17,0,0,0,1,0
326,1.0,13400,2019,1,18,0,0,0,1,0
264,1.0,13900,2019,1,19,0,0,0,1,0
197,1.0,16100,2019,1,24,0,0,0,1,0
165,1.0,16800,2019,1,25,0,0,0,1,0
166,1.0,16500,2019,1,26,0,0,0,1,0
180,1.0,9900,2019,1,28,0,0,0,1,0
138,1.0,16100,2019,1,29,0,0,0,1,0
191,1.0,9800,2019,1,30,0,0,0,1,0
180,1.0,16400,2019,1,31,0,0,0,1,0
342,1.0,11400,2019,2,1,0,0,0,1,0
541,1.0,8100,2019,2,2,0,0,0,1,0
1010,1.0,11000,2019,2,4,0,0,0,1,0
402,1.0,12700,2019,2,8,0,0,0,1,0
172,1.0,9500,2019,2,9,0,0,0,1,0
149,1.0,9700,2019,2,11,0,0,0,1,0
159,1.0,11100,2019,2,12,0,0,0,1,0
314,1.0,10200,2019,2,13,0,0,0,1,0
716,1.0,7200,2019,2,14,0,0,0,1,0
235,1.0,7200,2019,2,15,0,0,0,1,0
606,1.0,6600,2019,2,16,0,0,0,1,0
190,1.0,10800,2019,2,18,0,0,0,1,0
486,1.0,6900,2019,2,20,0,0,0,1,0
22,1.0,17100,2019,2,21,0,0,0,1,0
299,1.0,11000,2019,2,22,0,0,0,1,0
16,1.0,15500,2019,2,23,0,0,0,1,0
243,1.0,12300,2019,2,25,0,0,0,1,0
158,1.0,7000,2019,2,26,0,0,0,1,0
165,1.0,11600,2019,2,27,0,0,0,1,0
168,1.0,10700,2019,3,1,0,0,0,1,0
228,1.0,9100,2019,3,2,0,0,0,1,0
356,1.0,6400,2019,3,4,0,0,0,1,0
795,1.0,6600,2019,3,7,0,0,0,1,0
548,1.0,5300,2019,3,8,0,0,0,1,0
170,1.0,6000,2019,3,9,0,0,0,1,0
38,1.0,7200,2019,3,11,0,0,0,1,0
264,1.0,8000,2019,3,13,0,0,0,1,0
418,1.0,10000,2019,3,15,0,0,0,1,0
994,1.0,7500,2019,3,16,0,0,0,1,0
216,1.0,12300,2019,3,18,0,0,0,1,0
21,1.0,12300,2019,3,19,0,0,0,1,0
206,1.0,7500,2019,3,20,0,0,0,1,0
20,1.0,12200,2019,3,21,0,0,0,1,0
674,1.0,9800,2019,3,22,0,0,0,1,0
922,1.0,7500,2019,3,23,0,0,0,1,0
214,1.0,8100,2019,3,25,0,0,0,1,0
538,1.0,7500,2019,3,26,0,0,0,1,0
462,1.0,6000,2019,3,27,0,0,0,1,0
1090,1.0,8100,2019,3,28,0,0,0,1,0
60,1.0,12800,2019,3,29,0,0,0,1,0
630,1.0,7700,2019,3,30,0,0,0,1,0
198,1.0,8500,2019,4,1,0,0,0,1,0
286,1.0,6700,2019,4,2,0,0,0,1,0
419,1.0,7500,2019,4,3,0,0,0,1,0
93,1.0,6700,2019,4,4,0,0,0,1,0
146,1.0,7500,2019,4,5,0,0,0,1,0
4,1.0,16900,2019,4,6,0,0,0,1,0
293,1.0,7500,2019,4,8,0,0,0,1,0
237,1.0,6400,2019,4,9,0,0,0,1,0
338,1.0,9400,2019,4,10,0,0,0,1,0
148,1.0,8700,2019,4,11,0,0,0,1,0
715,1.0,7100,2019,4,12,0,0,0,1,0
431,1.0,9200,2019,4,13,0,0,0,1,0
397,1.0,7000,2019,4,15,0,0,0,1,0
180,1.0,5900,2019,4,16,0,0,0,1,0
497,1.0,6200,2019,4,17,0,0,0,1,0
774,1.0,6800,2019,4,18,0,0,0,1,0
428,1.0,7200,2019,4,19,0,0,0,1,0
272,1.0,10300,2019,4,20,0,0,0,1,0
191,1.0,11500,2019,4,22,0,0,0,1,0
43,1.0,6200,2019,4,24,0,0,0,1,0
132,1.0,7200,2019,4,25,0,0,0,1,0
607,1.0,7200,2019,4,26,0,0,0,1,0
588,1.0,7800,2019,4,27,0,0,0,1,0
216,1.0,5200,2019,4,29,0,0,0,1,0
221,1.0,5600,2019,5,1,0,0,0,1,0
470,1.0,7800,2019,5,2,0,0,0,1,0
231,1.0,4600,2019,5,3,0,0,0,1,0
965,1.0,8100,2019,5,4,0,0,0,1,0
810,1.0,8800,2019,5,6,0,0,0,1,0
265,1.0,5900,2019,5,7,0,0,0,1,0
386,1.0,6800,2019,5,8,0,0,0,1,0
327,1.0,8100,2019,5,9,0,0,0,1,0
356,1.0,5700,2019,5,10,0,0,0,1,0
454,1.0,5800,2019,5,11,0,0,0,1,0
322,1.0,4600,2019,5,13,0,0,0,1,0
312,1.0,6700,2019,5,16,0,0,0,1,0
67,1.0,9800,2019,5,18,0,0,0,1,0
390,1.0,7600,2019,5,20,0,0,0,1,0
170,1.0,12800,2019,5,24,0,0,0,1,0
791,1.0,6900,2019,5,25,0,0,0,1,0
185,1.0,7700,2019,5,27,0,0,0,1,0
410,1.0,6800,2019,5,28,0,0,0,1,0
138,1.0,6800,2019,5,29,0,0,0,1,0
317,1.0,4700,2019,5,30,0,0,0,1,0
185,1.0,8900,2019,6,1,0,0,0,1,0
160,1.0,12600,2019,6,3,0,0,0,1,0
381,1.0,5800,2019,6,4,0,0,0,1,0
522,1.0,8200,2019,6,6,0,0,0,1,0
440,1.0,7000,2019,6,7,0,0,0,1,0
132,1.0,9700,2019,6,8,0,0,0,1,0
142,1.0,8000,2019,6,10,0,0,0,1,0
22,1.0,10300,2019,6,11,0,0,0,1,0
349,1.0,7600,2019,6,12,0,0,0,1,0
168,1.0,7000,2019,6,13,0,0,0,1,0
836,1.0,7500,2019,6,15,0,0,0,1,0
556,1.0,8600,2019,6,17,0,0,0,1,0
384,1.0,9100,2019,6,19,0,0,0,1,0
387,1.0,8900,2019,6,20,0,0,0,1,0
220,1.0,8500,2019,6,21,0,0,0,1,0
713,1.0,9300,2019,6,22,0,0,0,1,0
258,1.0,7200,2019,6,25,0,0,0,1,0
346,1.0,8700,2019,6,26,0,0,0,1,0
772,1.0,8400,2019,6,27,0,0,0,1,0
273,1.0,7800,2019,6,29,0,0,0,1,0
222,1.0,7800,2019,7,1,0,0,0,1,0
378,1.0,8800,2019,7,2,0,0,0,1,0
384,1.0,7800,2019,7,4,0,0,0,1,0
432,1.0,7400,2019,7,5,0,0,0,1,0
85,1.0,8500,2019,7,6,0,0,0,1,0
155,1.0,6000,2019,7,8,0,0,0,1,0
456,1.0,6300,2019,7,9,0,0,0,1,0
227,1.0,6600,2019,7,10,0,0,0,1,0
27,1.0,11400,2019,7,12,0,0,0,1,0
492,1.0,5500,2019,7,15,0,0,0,1,0
439,1.0,4900,2019,7,17,0,0,0,1,0
83,1.0,7300,2019,7,18,0,0,0,1,0
146,1.0,12700,2019,7,19,0,0,0,1,0
269,1.0,7300,2019,7,20,0,0,0,1,0
150,1.0,7700,2019,7,22,0,0,0,1,0
328,1.0,7900,2019,7,23,0,0,0,1,0
156,1.0,8000,2019,7,24,0,0,0,1,0
190,1.0,7500,2019,7,25,0,0,0,1,0
380,1.0,10400,2019,7,26,0,0,0,1,0
41,1.0,14100,2019,7,29,0,0,0,1,0
382,1.0,6200,2019,7,30,0,0,0,1,0
213,1.0,8800,2019,7,31,0,0,0,1,0
346,1.0,11100,2019,8,2,0,0,0,1,0
198,1.0,8800,2019,8,5,0,0,0,1,0
94,1.0,11400,2019,8,6,0,0,0,1,0
228,1.0,7800,2019,8,8,0,0,0,1,0
189,1.0,7400,2019,8,9,0,0,0,1,0
157,1.0,4200,2019,8,13,0,0,0,1,0
13,1.0,11500,2019,8,14,0,0,0,1,0
182,1.0,7700,2019,8,15,0,0,0,1,0
170,1.0,7900,2019,8,19,0,0,0,1,0
225,1.0,8800,2019,8,22,0,0,0,1,0
219,1.0,9000,2019,8,23,0,0,0,1,0
188,1.0,8500,2019,8,24,0,0,0,1,0
82,1.0,10500,2019,8,26,0,0,0,1,0
374,1.0,7700,2019,8,27,0,0,0,1,0
17,1.0,9500,2019,8,28,0,0,0,1,0
213,1.0,8500,2019,8,29,0,0,0,1,0
36,1.0,8800,2019,8,30,0,0,0,1,0
109,1.0,11200,2019,8,31,0,0,0,1,0
479,1.0,5200,2019,9,2,0,0,0,1,0
102,1.0,7200,2019,9,3,0,0,0,1,0
167,1.0,5500,2019,9,6,0,0,0,1,0
86,1.0,15100,2019,9,9,0,0,0,1,0
150,1.0,15100,2019,9,10,0,0,0,1,0
545,1.0,9600,2019,9,12,0,0,0,1,0
114,1.0,15900,2019,9,16,0,0,0,1,0
36,1.0,16400,2019,9,17,0,0,0,1,0
97,1.0,13800,2019,9,19,0,0,0,1,0
259,1.0,10900,2019,9,20,0,0,0,1,0
222,1.0,9700,2019,9,21,0,0,0,1,0
253,1.0,7000,2019,9,24,0,0,0,1,0
59,1.0,8400,2019,9,25,0,0,0,1,0
101,1.0,13400,2019,9,27,0,0,0,1,0
388,1.0,13100,2019,10,3,0,0,0,1,0
178,1.0,13400,2019,10,4,0,0,0,1,0
201,1.0,14400,2019,10,5,0,0,0,1,0
472,1.0,10400,2019,10,7,0,0,0,1,0
84,1.0,10000,2019,10,10,0,0,0,1,0
109,1.0,11200,2019,10,11,0,0,0,1,0
289,1.0,11500,2019,10,12,0,0,0,1,0
195,1.0,9700,2019,10,14,0,0,0,1,0
101,1.0,8100,2019,10,15,0,0,0,1,0
213,1.0,8100,2019,10,17,0,0,0,1,0
92,1.0,7800,2019,10,18,0,0,0,1,0
97,1.0,8800,2019,10,19,0,0,0,1,0
388,1.0,9000,2019,10,21,0,0,0,1,0
160,1.0,13300,2019,10,23,0,0,0,1,0
102,1.0,8300,2019,10,25,0,0,0,1,0
1287,1.0,8300,2019,10,26,0,0,0,1,0
494,1.0,7200,2019,10,28,0,0,0,1,0
480,1.0,7800,2019,10,29,0,0,0,1,0
342,1.0,9200,2019,10,30,0,0,0,1,0
326,1.0,5900,2019,10,31,0,0,0,1,0
168,1.0,8600,2019,11,1,0,0,0,1,0
443,1.0,11100,2019,11,8,0,0,0,1,0
301,1.0,11700,2019,11,9,0,0,0,1,0
215,1.0,10900,2019,11,13,0,0,0,1,0
218,1.0,11300,2019,11,14,0,0,0,1,0
134,1.0,10700,2019,11,15,0,0,0,1,0
211,1.0,11300,2019,11,16,0,0,0,1,0
192,1.0,11100,2019,11,18,0,0,0,1,0
214,1.0,9500,2019,11,19,0,0,0,1,0
215,1.0,9200,2019,11,20,0,0,0,1,0
397,1.0,9100,2019,11,22,0,0,0,1,0
216,1.0,7600,2019,11,23,0,0,0,1,0
395,1.0,8900,2019,11,25,0,0,0,1,0
179,1.0,8100,2019,11,26,0,0,0,1,0
94,1.0,7700,2019,11,28,0,0,0,1,0
335,1.0,10500,2019,11,29,0,0,0,1,0
123,1.0,6500,2019,11,30,0,0,0,1,0
176,1.0,11300,2019,12,2,0,0,0,1,0
207,1.0,5400,2019,12,3,0,0,0,1,0
556,1.0,8100,2019,12,4,0,0,0,1,0
137,1.0,9000,2019,12,6,0,0,0,1,0
670,1.0,8900,2019,12,7,0,0,0,1,0
771,1.0,7900,2019,12,10,0,0,0,1,0
148,1.0,13000,2019,12,11,0,0,0,1,0
860,1.0,6900,2019,12,12,0,0,0,1,0
209,1.0,6300,2019,12,14,0,0,0,1,0
196,1.0,9900,2019,12,19,0,0,0,1,0
2,1.0,20000,2019,12,21,0,0,0,1,0
637,1.0,9900,2019,12,23,0,0,0,1,0
208,1.0,10200,2019,12,27,0,0,0,1,0
433,1.0,14100,2019,12,28,0,0,0,1,0
442,1.0,10200,2019,12,30,0,0,0,1,0
1303,1.0,10600,2019,12,31,0,0,0,1,0
536,1.0,9400,2020,1,2,0,0,0,1,0
77,1.0,9500,2020,1,3,0,0,0,1,0
536,1.0,8600,2020,1,4,0,0,0,1,0
211,1.0,8400,2020,1,7,0,0,0,1,0
20,1.0,5700,2020,1,8,0,0,0,1,0
218,1.0,8100,2020,1,9,0,0,0,1,0
405,1.0,8200,2020,1,10,0,0,0,1,0
573,1.0,8900,2020,1,11,0,0,0,1,0
213,1.0,11100,2020,1,13,0,0,0,1,0
284,1.0,9600,2020,1,14,0,0,0,1,0
212,1.0,8200,2020,1,15,0,0,0,1,0
378,1.0,8300,2020,1,16,0,0,0,1,0
394,1.0,9200,2020,1,17,0,0,0,1,0
410,1.0,9800,2020,1,18,0,0,0,1,0
612,1.0,8600,2020,1,20,0,0,0,1,0
544,1.0,8200,2020,1,21,0,0,0,1,0
187,1.0,12100,2020,1,22,0,0,0,1,0
557,1.0,11900,2020,1,24,0,0,0,1,0
610,1.0,10300,2020,1,28,0,0,0,1,0
176,1.0,10800,2020,1,31,0,0,0,1,0
200,1.0,12700,2020,2,1,0,0,0,1,0
245,1.0,8500,2020,2,7,0,0,0,1,0
179,1.0,11900,2020,2,8,0,0,0,1,0
616,1.0,7700,2020,2,10,0,0,0,1,0
450,1.0,6600,2020,2,12,0,0,0,1,0
230,1.0,8800,2020,2,13,0,0,0,1,0
230,1.0,11100,2020,2,14,0,0,0,1,0
961,1.0,9000,2020,2,15,0,0,0,1,0
271,1.0,8500,2020,2,17,0,0,0,1,0
273,1.0,7700,2020,2,18,0,0,0,1,0
258,1.0,8300,2020,2,19,0,0,0,1,0
223,1.0,6800,2020,2,20,0,0,0,1,0
447,1.0,6100,2020,2,21,0,0,0,1,0
98,1.0,9700,2020,2,22,0,0,0,1,0
209,1.0,7800,2020,2,24,0,0,0,1,0
66,1.0,6000,2020,2,25,0,0,0,1,0
66,1.0,5700,2020,2,27,0,0,0,1,0
8,1.0,8000,2020,2,28,0,0,0,1,0
24,1.0,10200,2020,2,29,0,0,0,1,0
16,1.0,10900,2020,3,2,0,0,0,1,0
16,1.0,11500,2020,3,3,0,0,0,1,0
16,1.0,11500,2020,3,4,0,0,0,1,0
8,1.0,12000,2020,3,5,0,0,0,1,0
361,1.0,9700,2020,3,7,0,0,0,1,0
368,1.0,10100,2020,3,10,0,0,0,1,0
241,1.0,7400,2020,3,11,0,0,0,1,0
36,1.0,11100,2020,3,12,0,0,0,1,0
344,1.0,8600,2020,3,13,0,0,0,1,0
13,1.0,11000,2020,3,14,0,0,0,1,0
188,1.0,8300,2020,3,16,0,0,0,1,0
202,1.0,8400,2020,3,17,0,0,0,1,0
429,1.0,7400,2020,3,18,0,0,0,1,0
234,1.0,7100,2020,3,19,0,0,0,1,0
62,1.0,10000,2020,3,20,0,0,0,1,0
409,1.0,8800,2020,3,21,0,0,0,1,0
192,1.0,7900,2020,3,23,0,0,0,1,0
374,1.0,6300,2020,3,24,0,0,0,1,0
234,1.0,8800,2020,3,25,0,0,0,1,0
377,1.0,8400,2020,3,26,0,0,0,1,0
441,1.0,6900,2020,3,27,0,0,0,1,0
224,1.0,9900,2020,3,28,0,0,0,1,0
188,1.0,8600,2020,3,30,0,0,0,1,0
285,1.0,8500,2020,3,31,0,0,0,1,0
228,1.0,7700,2020,4,1,0,0,0,1,0
445,1.0,8800,2020,4,2,0,0,0,1,0
413,1.0,8500,2020,4,3,0,0,0,1,0
535,1.0,9000,2020,4,4,0,0,0,1,0
194,1.0,7900,2020,4,6,0,0,0,1,0
361,1.0,8700,2020,4,7,0,0,0,1,0
205,1.0,7900,2020,4,8,0,0,0,1,0
139,1.0,7400,2020,4,9,0,0,0,1,0
113,1.0,8400,2020,4,10,0,0,0,1,0
28,1.0,9000,2020,4,11,0,0,0,1,0
248,1.0,11100,2020,4,13,0,0,0,1,0
396,1.0,10300,2020,4,14,0,0,0,1,0
21,1.0,7500,2020,4,15,0,0,0,1,0
163,1.0,7900,2020,4,16,0,0,0,1,0
236,1.0,11400,2020,4,17,0,0,0,1,0
408,1.0,11800,2020,4,18,0,0,0,1,0
168,1.0,6800,2020,4,20,0,0,0,1,0
399,1.0,9600,2020,4,21,0,0,0,1,0
80,1.0,9900,2020,4,22,0,0,0,1,0
276,1.0,8200,2020,4,23,0,0,0,1,0
404,1.0,10300,2020,4,24,0,0,0,1,0
389,1.0,13200,2020,4,25,0,0,0,1,0
714,1.0,7400,2020,4,27,0,0,0,1,0
71,1.0,7700,2020,4,28,0,0,0,1,0
185,1.0,14300,2020,4,29,0,0,0,1,0
244,1.0,11100,2020,4,30,0,0,0,1,0
311,1.0,12000,2020,5,1,0,0,0,1,0
580,1.0,11300,2020,5,2,0,0,0,1,0
528,1.0,9800,2020,5,4,0,0,0,1,0
318,1.0,10800,2020,5,5,0,0,0,1,0
197,1.0,10000,2020,5,6,0,0,0,1,0
110,1.0,10400,2020,5,7,0,0,0,1,0
529,1.0,10600,2020,5,8,0,0,0,1,0
61,1.0,10700,2020,5,9,0,0,0,1,0
84,1.0,5600,2020,5,11,0,0,0,1,0
62,1.0,7000,2020,5,12,0,0,0,1,0
60,1.0,11500,2020,5,13,0,0,0,1,0
14,1.0,11200,2020,5,14,0,0,0,1,0
167,1.0,13300,2020,5,15,0,0,0,1,0
331,1.0,11700,2020,5,16,0,0,0,1,0
237,1.0,8600,2020,5,18,0,0,0,1,0
28,1.0,6600,2020,5,19,0,0,0,1,0
307,1.0,12200,2020,5,20,0,0,0,1,0
163,1.0,14000,2020,5,21,0,0,0,1,0
168,1.0,14300,2020,5,22,0,0,0,1,0
228,1.0,13300,2020,5,23,0,0,0,1,0
601,1.0,9200,2020,5,25,0,0,0,1,0
20,1.0,8700,2020,5,26,0,0,0,1,0
185,1.0,14200,2020,5,27,0,0,0,1,0
42,1.0,11600,2020,5,28,0,0,0,1,0
262,1.0,12700,2020,5,29,0,0,0,1,0
249,1.0,12300,2020,5,30,0,0,0,1,0
263,1.0,11100,2020,6,1,0,0,0,1,0
248,1.0,7400,2020,6,2,0,0,0,1,0
171,1.0,13100,2020,6,3,0,0,0,1,0
300,1.0,7900,2020,6,4,0,0,0,1,0
216,1.0,12200,2020,6,5,0,0,0,1,0
841,1.0,8800,2020,6,6,0,0,0,1,0
338,1.0,10500,2020,6,8,0,0,0,1,0
79,1.0,6500,2020,6,9,0,0,0,1,0
24,1.0,9500,2020,6,10,0,0,0,1,0
37,1.0,9500,2020,6,11,0,0,0,1,0
385,1.0,10200,2020,6,12,0,0,0,1,0
693,1.0,8900,2020,6,13,0,0,0,1,0
234,1.0,8800,2020,6,15,0,0,0,1,0
148,1.0,6200,2020,6,16,0,0,0,1,0
62,1.0,8500,2020,6,17,0,0,0,1,0
18,1.0,9300,2020,6,18,0,0,0,1,0
25,1.0,8400,2020,6,19,0,0,0,1,0
9,1.0,10000,2020,6,20,0,0,0,1,0
258,1.0,10300,2020,6,22,0,0,0,1,0
33,1.0,6800,2020,6,23,0,0,0,1,0
63,1.0,9700,2020,6,24,0,0,0,1,0
84,1.0,9300,2020,6,25,0,0,0,1,0
84,1.0,8400,2020,6,26,0,0,0,1,0
322,1.0,11700,2020,6,27,0,0,0,1,0
10,1.0,11000,2020,6,29,0,0,0,1,0
28,1.0,6900,2020,6,30,0,0,0,1,0
26,1.0,8200,2020,7,1,0,0,0,1,0
179,1.0,13600,2020,7,2,0,0,0,1,0
54,1.0,5900,2020,7,3,0,0,0,1,0
226,1.0,11600,2020,7,4,0,0,0,1,0
174,1.0,12500,2020,7,6,0,0,0,1,0
77,1.0,8500,2020,7,7,0,0,0,1,0
74,1.0,6600,2020,7,8,0,0,0,1,0
27,1.0,9800,2020,7,9,0,0,0,1,0
172,1.0,12000,2020,7,10,0,0,0,1,0
31,1.0,10800,2020,7,11,0,0,0,1,0
136,1.0,11600,2020,7,13,0,0,0,1,0
286,1.0,7200,2020,7,14,0,0,0,1,0
66,1.0,9200,2020,7,15,0,0,0,1,0
139,1.0,12800,2020,7,16,0,0,0,1,0
208,1.0,10300,2020,7,17,0,0,0,1,0
239,1.0,9200,2020,7,18,0,0,0,1,0
250,1.0,8400,2020,7,20,0,0,0,1,0
210,1.0,7000,2020,7,21,0,0,0,1,0
65,1.0,10200,2020,7,22,0,0,0,1,0
60,1.0,8300,2020,7,23,0,0,0,1,0
10,1.0,12000,2020,7,27,0,0,0,1,0
54,1.0,6800,2020,7,28,0,0,0,1,0
42,1.0,9900,2020,7,30,0,0,0,1,0
66,1.0,10400,2020,7,31,0,0,0,1,0
158,1.0,11700,2020,8,1,0,0,0,1,0
38,1.0,11200,2020,8,3,0,0,0,1,0
119,1.0,8500,2020,8,4,0,0,0,1,0
125,1.0,7700,2020,8,5,0,0,0,1,0
55,1.0,10600,2020,8,6,0,0,0,1,0
88,1.0,10600,2020,8,7,0,0,0,1,0
361,1.0,14200,2020,8,8,0,0,0,1,0
346,1.0,9400,2020,8,10,0,0,0,1,0
184,1.0,6700,2020,8,11,0,0,0,1,0
96,1.0,11400,2020,8,12,0,0,0,1,0
85,1.0,7300,2020,8,13,0,0,0,1,0
101,1.0,11000,2020,8,14,0,0,0,1,0
288,1.0,8700,2020,8,15,0,0,0,1,0
32,1.0,11600,2020,8,17,0,0,0,1,0
41,1.0,6600,2020,8,18,0,0,0,1,0
62,1.0,7500,2020,8,19,0,0,0,1,0
349,1.0,7100,2020,8,20,0,0,0,1,0
162,1.0,12600,2020,8,22,0,0,0,1,0
71,1.0,7800,2020,8,24,0,0,0,1,0
66,1.0,8100,2020,8,25,0,0,0,1,0
10,1.0,9100,2020,8,26,0,0,0,1,0
265,1.0,6600,2020,8,27,0,0,0,1,0
16,1.0,9300,2020,8,28,0,0,0,1,0
57,1.0,7400,2020,8,29,0,0,0,1,0
162,1.0,7800,2020,8,31,0,0,0,1,0
51,1.0,8500,2020,9,1,0,0,0,1,0
42,1.0,9300,2020,9,2,0,0,0,1,0
33,1.0,9700,2020,9,3,0,0,0,1,0
58,1.0,7100,2020,9,4,0,0,0,1,0
8,1.0,12500,2020,9,5,0,0,0,1,0
320,1.0,9700,2020,9,7,0,0,0,1,0
458,1.0,7400,2020,9,8,0,0,0,1,0
28,1.0,11000,2020,9,9,0,0,0,1,0
302,1.0,9600,2020,9,10,0,0,0,1,0
66,1.0,14000,2020,9,11,0,0,0,1,0
64,1.0,14600,2020,9,12,0,0,0,1,0
10,1.0,10900,2020,9,14,0,0,0,1,0
45,1.0,9700,2020,9,15,0,0,0,1,0
107,1.0,11100,2020,9,16,0,0,0,1,0
18,1.0,8000,2020,9,17,0,0,0,1,0
8,1.0,18000,2020,9,19,0,0,0,1,0
15,1.0,6400,2020,9,21,0,0,0,1,0
20,1.0,15900,2020,9,22,0,0,0,1,0
314,1.0,9300,2020,9,23,0,0,0,1,0
62,1.0,5800,2020,9,24,0,0,0,1,0
68,1.0,16000,2020,9,25,0,0,0,1,0
662,1.0,13600,2020,9,26,0,0,0,1,0
156,1.0,16300,2020,9,28,0,0,0,1,0
53,1.0,9000,2020,9,29,0,0,0,1,0
872,1.0,14400,2020,9,30,0,0,0,1,0
703,1.0,13200,2020,10,5,0,0,0,1,0
148,1.0,10200,2020,10,6,0,0,0,1,0
59,1.0,11000,2020,10,7,0,0,0,1,0
54,1.0,10000,2020,10,8,0,0,0,1,0
271,1.0,8100,2020,10,9,0,0,0,1,0
67,1.0,15900,2020,10,10,0,0,0,1,0
801,1.0,6900,2020,10,12,0,0,0,1,0
119,1.0,9400,2020,10,13,0,0,0,1,0
475,1.0,7600,2020,10,14,0,0,0,1,0
65,1.0,10100,2020,10,15,0,0,0,1,0
63,1.0,12700,2020,10,16,0,0,0,1,0
216,1.0,14800,2020,10,17,0,0,0,1,0
56,1.0,9700,2020,10,19,0,0,0,1,0
62,1.0,10700,2020,10,20,0,0,0,1,0
119,1.0,11100,2020,10,21,0,0,0,1,0
50,1.0,16300,2020,10,22,0,0,0,1,0
59,1.0,17100,2020,10,23,0,0,0,1,0
74,1.0,16900,2020,10,24,0,0,0,1,0
32,1.0,16300,2020,10,27,0,0,0,1,0
36,1.0,11100,2020,10,28,0,0,0,1,0
204,1.0,7600,2020,10,29,0,0,0,1,0
190,1.0,9600,2020,10,30,0,0,0,1,0
280,1.0,14800,2020,10,31,0,0,0,1,0
169,1.0,10000,2020,11,2,0,0,0,1,0
223,1.0,9900,2020,11,3,0,0,0,1,0
304,1.0,9800,2020,11,4,0,0,0,1,0
73,1.0,11200,2020,11,5,0,0,0,1,0
242,1.0,12900,2020,11,6,0,0,0,1,0
245,1.0,15100,2020,11,7,0,0,0,1,0
78,1.0,15800,2020,11,9,0,0,0,1,0
26,1.0,11900,2020,11,10,0,0,0,1,0
43,1.0,13100,2020,11,11,0,0,0,1,0
210,1.0,8900,2020,11,12,0,0,0,1,0
62,1.0,15800,2020,11,13,0,0,0,1,0
70,1.0,15800,2020,11,14,0,0,0,1,0
319,1.0,13300,2020,11,16,0,0,0,1,0
59,1.0,11800,2020,11,17,0,0,0,1,0
177,1.0,13300,2020,11,18,0,0,0,1,0
333,1.0,10700,2020,11,19,0,0,0,1,0
281,1.0,12900,2020,11,20,0,0,0,1,0
310,1.0,8300,2020,11,21,0,0,0,1,0
12,1.0,9400,2020,11,23,0,0,0,1,0
64,1.0,10600,2020,11,24,0,0,0,1,0
6,1.0,13000,2020,11,25,0,0,0,1,0
6,1.0,13500,2020,11,26,0,0,0,1,0
109,1.0,17700,2020,11,27,0,0,0,1,0
189,1.0,11700,2020,11,28,0,0,0,1,0
60,1.0,14200,2020,11,30,0,0,0,1,0
91,1.0,17200,2020,12,1,0,0,0,1,0
25,1.0,7600,2020,12,2,0,0,0,1,0
230,1.0,12000,2020,12,3,0,0,0,1,0
206,1.0,11600,2020,12,4,0,0,0,1,0
251,1.0,11400,2020,12,5,0,0,0,1,0
475,1.0,8800,2020,12,7,0,0,0,1,0
36,1.0,14700,2020,12,8,0,0,0,1,0
150,1.0,11200,2020,12,9,0,0,0,1,0
45,1.0,6900,2020,12,10,0,0,0,1,0
152,1.0,15100,2020,12,11,0,0,0,1,0
253,1.0,15600,2020,12,12,0,0,0,1,0
392,1.0,11000,2020,12,14,0,0,0,1,0
482,1.0,7600,2020,12,15,0,0,0,1,0
2,1.0,14000,2020,12,16,0,0,0,1,0
48,1.0,4700,2020,12,17,0,0,0,1,0
236,1.0,14800,2020,12,18,0,0,0,1,0
199,1.0,6700,2020,12,19,0,0,0,1,0
4,1.0,7500,2020,12,21,0,0,0,1,0
39,1.0,8600,2020,12,22,0,0,0,1,0
43,1.0,15000,2020,12,23,0,0,0,1,0
35,1.0,11500,2020,12,24,0,0,0,1,0
46,1.0,7100,2020,12,25,0,0,0,1,0
187,1.0,21800,2020,12,26,0,0,0,1,0
410,1.0,8300,2020,12,28,0,0,0,1,0
81,1.0,11900,2020,12,29,0,0,0,1,0
46,1.0,12800,2020,12,30,0,0,0,1,0
83,1.0,17600,2020,12,31,0,0,0,1,0
199,1.0,19300,2021,1,2,0,0,0,1,0
47,1.0,12700,2021,1,4,0,0,0,1,0
271,1.0,7500,2021,1,5,0,0,0,1,0
48,1.0,12200,2021,1,6,0,0,0,1,0
68,1.0,10200,2021,1,7,0,0,0,1,0
22,1.0,14400,2021,1,8,0,0,0,1,0
32,1.0,13900,2021,1,9,0,0,0,1,0
41,1.0,17200,2021,1,11,0,0,0,1,0
45,1.0,13100,2021,1,12,0,0,0,1,0
63,1.0,11200,2021,1,13,0,0,0,1,0
188,1.0,16000,2021,1,14,0,0,0,1,0
232,1.0,16800,2021,1,15,0,0,0,1,0
421,1.0,13200,2021,1,16,0,0,0,1,0
61,1.0,18200,2021,1,18,0,0,0,1,0
102,1.0,15900,2021,1,19,0,0,0,1,0
68,1.0,9800,2021,1,20,0,0,0,1,0
53,1.0,12000,2021,1,21,0,0,0,1,0
402,1.0,16300,2021,1,22,0,0,0,1,0
424,1.0,15200,2021,1,23,0,0,0,1,0
164,1.0,13500,2021,1,25,0,0,0,1,0
58,1.0,9900,2021,1,26,0,0,0,1,0
24,1.0,11600,2021,1,27,0,0,0,1,0
92,1.0,12300,2021,1,28,0,0,0,1,0
344,1.0,13400,2021,1,29,0,0,0,1,0
30,1.0,14600,2021,1,30,0,0,0,1,0
12,1.0,12900,2021,2,1,0,0,0,1,0
222,1.0,13300,2021,2,2,0,0,0,1,0
34,1.0,7600,2021,2,3,0,0,0,1,0
172,1.0,10900,2021,2,4,0,0,0,1,0
177,1.0,14800,2021,2,5,0,0,0,1,0
69,1.0,16700,2021,2,6,0,0,0,1,0
22,1.0,14000,2021,2,8,0,0,0,1,0
52,1.0,15900,2021,2,9,0,0,0,1,0
294,1.0,17200,2021,2,10,0,0,0,1,0
309,1.0,17800,2021,2,11,0,0,0,1,0
628,1.0,16000,2021,2,15,0,0,0,1,0
15,1.0,11800,2021,2,16,0,0,0,1,0
86,1.0,11900,2021,2,17,0,0,0,1,0
28,1.0,11100,2021,2,18,0,0,0,1,0
43,1.0,13200,2021,2,19,0,0,0,1,0
66,1.0,18900,2021,2,20,0,0,0,1,0
29,1.0,12900,2021,2,22,0,0,0,1,0
47,1.0,12000,2021,2,23,0,0,0,1,0
48,1.0,11500,2021,2,24,0,0,0,1,0
245,1.0,14100,2021,2,25,0,0,0,1,0
74,1.0,8400,2021,2,26,0,0,0,1,0
320,1.0,13300,2021,2,27,0,0,0,1,0
81,1.0,11000,2021,3,2,0,0,0,1,0
164,1.0,10400,2021,3,3,0,0,0,1,0
568,1.0,8700,2021,3,4,0,0,0,1,0
491,1.0,11800,2021,3,5,0,0,0,1,0
1162,1.0,9300,2021,3,6,0,0,0,1,0
51,1.0,4600,2021,3,8,0,0,0,1,0
72,1.0,11000,2021,3,9,0,0,0,1,0
594,1.0,7600,2021,3,10,0,0,0,1,0
28,1.0,11500,2021,3,11,0,0,0,1,0
55,1.0,11000,2021,3,12,0,0,0,1,0
31,1.0,12300,2021,3,13,0,0,0,1,0
27,1.0,12300,2021,3,15,0,0,0,1,0
31,1.0,11500,2021,3,16,0,0,0,1,0
40,1.0,12400,2021,3,17,0,0,0,1,0
72,1.0,13300,2021,3,18,0,0,0,1,0
6,1.0,14500,2021,3,19,0,0,0,1,0
297,1.0,9600,2021,3,22,0,0,0,1,0
85,1.0,12700,2021,3,23,0,0,0,1,0
111,1.0,17700,2021,3,24,0,0,0,1,0
55,1.0,10400,2021,3,25,0,0,0,1,0
56,1.0,10700,2021,3,26,0,0,0,1,0
300,1.0,15500,2021,3,27,0,0,0,1,0
47,1.0,10500,2021,3,29,0,0,0,1,0
136,1.0,12100,2021,3,30,0,0,0,1,0
61,1.0,10400,2021,3,31,0,0,0,1,0
131,1.0,12800,2021,4,1,0,0,0,1,0
143,1.0,12200,2021,4,2,0,0,0,1,0
118,1.0,15700,2021,4,3,0,0,0,1,0
161,1.0,7900,2021,4,5,0,0,0,1,0
63,1.0,12700,2021,4,6,0,0,0,1,0
48,1.0,3700,2021,4,7,0,0,0,1,0
24,1.0,10800,2021,4,8,0,0,0,1,0
402,1.0,12900,2021,4,9,0,0,0,1,0
151,1.0,17500,2021,4,10,0,0,0,1,0
91,1.0,12700,2021,4,13,0,0,0,1,0
192,1.0,12100,2021,4,14,0,0,0,1,0
70,1.0,11200,2021,4,15,0,0,0,1,0
44,1.0,11400,2021,4,16,0,0,0,1,0
47,1.0,14500,2021,4,17,0,0,0,1,0
384,1.0,11700,2021,4,19,0,0,0,1,0
220,1.0,11500,2021,4,20,0,0,0,1,0
38,1.0,16300,2021,4,21,0,0,0,1,0
64,1.0,10200,2021,4,22,0,0,0,1,0
219,1.0,10300,2021,4,23,0,0,0,1,0
8,1.0,13900,2021,4,24,0,0,0,1,0
14,1.0,9600,2021,4,26,0,0,0,1,0
44,1.0,16300,2021,4,27,0,0,0,1,0
23,1.0,13400,2021,4,28,0,0,0,1,0
472,1.0,11200,2021,4,29,0,0,0,1,0
8,1.0,16000,2021,4,30,0,0,0,1,0
8,1.0,13300,2021,5,1,0,0,0,1,0
20,1.0,15500,2021,5,3,0,0,0,1,0
149,1.0,13400,2021,5,4,0,0,0,1,0
92,1.0,13000,2021,5,5,0,0,0,1,0
24,1.0,14000,2021,5,6,0,0,0,1,0
230,1.0,13300,2021,5,7,0,0,0,1,0
207,1.0,11300,2021,5,8,0,0,0,1,0
30,1.0,12700,2021,5,10,0,0,0,1,0
158,1.0,11700,2021,5,11,0,0,0,1,0
47,1.0,5900,2021,5,12,0,0,0,1,0
50,1.0,12600,2021,5,13,0,0,0,1,0
63,1.0,10100,2021,5,14,0,0,0,1,0
22,1.0,7500,2021,5,15,0,0,0,1,0
37,1.0,11000,2021,5,17,0,0,0,1,0
38,1.0,10600,2021,5,18,0,0,0,1,0
22,1.0,14600,2021,5,19,0,0,0,1,0
52,1.0,9900,2021,5,20,0,0,0,1,0
11,1.0,14300,2021,5,21,0,0,0,1,0
72,1.0,13000,2021,5,22,0,0,0,1,0
19,1.0,11700,2021,5,24,0,0,0,1,0
101,1.0,7500,2021,5,25,0,0,0,1,0
11,1.0,12700,2021,5,26,0,0,0,1,0
30,1.0,11500,2021,5,27,0,0,0,1,0
119,1.0,8600,2021,5,28,0,0,0,1,0
58,1.0,12500,2021,5,29,0,0,0,1,0
15,1.0,15000,2021,5,31,0,0,0,1,0
20,1.0,14200,2021,6,1,0,0,0,1,0
11,1.0,15500,2021,6,2,0,0,0,1,0
67,1.0,12700,2021,6,3,0,0,0,1,0
23,1.0,14800,2021,6,4,0,0,0,1,0
43,1.0,14300,2021,6,5,0,0,0,1,0
25,1.0,14300,2021,6,7,0,0,0,1,0
31,1.0,8000,2021,6,8,0,0,0,1,0
254,1.0,11700,2021,6,9,0,0,0,1,0
48,1.0,6100,2021,6,10,0,0,0,1,0
344,1.0,10500,2021,6,11,0,0,0,1,0
9,1.0,14000,2021,6,12,0,0,0,1,0
46,1.0,10800,2021,6,15,0,0,0,1,0
20,1.0,12100,2021,6,16,0,0,0,1,0
4,1.0,15500,2021,6,17,0,0,0,1,0
6,1.0,15000,2021,6,18,0,0,0,1,0
12,1.0,13500,2021,6,19,0,0,0,1,0
18,1.0,11000,2021,6,21,0,0,0,1,0
8,1.0,15000,2021,6,22,0,0,0,1,0
372,1.0,12300,2021,6,23,0,0,0,1,0
23,1.0,12500,2021,6,24,0,0,0,1,0
13,1.0,13500,2021,6,25,0,0,0,1,0
35,1.0,13000,2021,6,26,0,0,0,1,0
37,1.0,12300,2021,6,30,0,0,0,1,0
56,1.0,12000,2021,7,1,0,0,0,1,0
8,1.0,11000,2021,7,2,0,0,0,1,0
242,1.0,10500,2021,7,3,0,0,0,1,0
72,1.0,9400,2021,7,5,0,0,0,1,0
266,1.0,8600,2021,7,6,0,0,0,1,0
11,1.0,8000,2021,7,7,0,0,0,1,0
6,1.0,15500,2021,7,8,0,0,0,1,0
55,1.0,6900,2021,7,9,0,0,0,1,0
25,1.0,11200,2021,7,10,0,0,0,1,0
59,1.0,9700,2021,7,12,0,0,0,1,0
55,1.0,8400,2021,7,13,0,0,0,1,0
239,1.0,8500,2021,7,14,0,0,0,1,0
14,1.0,14900,2021,7,19,0,0,0,1,0
4,1.0,14500,2021,7,21,0,0,0,1,0
11,1.0,15500,2021,7,23,0,0,0,1,0
37,1.0,14100,2021,7,24,0,0,0,1,0
24,1.0,12900,2021,7,26,0,0,0,1,0
38,1.0,12000,2021,7,27,0,0,0,1,0
235,1.0,8900,2021,7,28,0,0,0,1,0
48,1.0,10500,2021,7,29,0,0,0,1,0
11,1.0,16000,2021,7,30,0,0,0,1,0
22,1.0,15700,2021,8,2,0,0,0,1,0
18,1.0,18500,2021,8,3,0,0,0,1,0
17,1.0,14400,2021,8,4,0,0,0,1,0
137,1.0,10100,2021,8,5,0,0,0,1,0
351,1.0,8700,2021,8,6,0,0,0,1,0
229,1.0,6400,2021,8,7,0,0,0,1,0
23,1.0,13300,2021,8,9,0,0,0,1,0
24,1.0,12400,2021,8,10,0,0,0,1,0
18,1.0,14600,2021,8,11,0,0,0,1,0
61,1.0,10900,2021,8,12,0,0,0,1,0
18,1.0,13900,2021,8,13,0,0,0,1,0
12,1.0,10400,2021,8,14,0,0,0,1,0
200,1.0,8600,2021,8,17,0,0,0,1,0
8,1.0,9700,2021,8,18,0,0,0,1,0
32,1.0,11000,2021,8,19,0,0,0,1,0
5,1.0,15000,2021,8,24,0,0,0,1,0
45,1.0,3000,2021,8,25,0,0,0,1,0
6,1.0,3000,2021,8,26,0,0,0,1,0
52,1.0,8700,2021,8,27,0,0,0,1,0
27,1.0,16500,2021,8,30,0,0,0,1,0
24,1.0,15500,2021,8,31,0,0,0,1,0
14,1.0,18800,2021,9,3,0,0,0,1,0
39,1.0,16900,2021,9,4,0,0,0,1,0
17,1.0,3000,2021,9,7,0,0,0,1,0
101,1.0,21000,2021,9,11,0,0,0,1,0
61,1.0,8800,2021,9,13,0,0,0,1,0
67,1.0,17300,2021,9,14,0,0,0,1,0
588,1.0,17800,2021,9,18,0,0,0,1,0
31,1.0,19300,2021,9,20,0,0,0,1,0
58,1.0,22000,2021,9,24,0,0,0,1,0
23,1.0,21000,2021,9,27,0,0,0,1,0
260,1.0,13300,2021,9,30,0,0,0,1,0
353,1.0,13300,2021,10,1,0,0,0,1,0
135,1.0,13800,2021,10,2,0,0,0,1,0
19,1.0,22000,2021,10,4,0,0,0,1,0
11,1.0,19800,2021,10,6,0,0,0,1,0
49,1.0,25000,2021,10,7,0,0,0,1,0
85,1.0,23100,2021,10,8,0,0,0,1,0
8,1.0,20000,2021,10,9,0,0,0,1,0
27,1.0,12000,2021,10,11,0,0,0,1,0
118,1.0,13000,2021,10,12,0,0,0,1,0
194,1.0,13600,2021,10,13,0,0,0,1,0
34,1.0,21700,2021,10,16,0,0,0,1,0
208,1.0,14600,2021,10,18,0,0,0,1,0
16,1.0,13600,2021,10,19,0,0,0,1,0
539,1.0,13200,2021,10,23,0,0,0,1,0
31,1.0,25000,2021,10,29,0,0,0,1,0
12,1.0,18200,2021,10,30,0,0,0,1,0
24,1.0,17600,2021,11,1,0,0,0,1,0
8,1.0,18000,2021,11,3,0,0,0,1,0
20,1.0,15500,2021,11,4,0,0,0,1,0
125,1.0,20100,2021,11,5,0,0,0,1,0
307,1.0,15300,2021,11,6,0,0,0,1,0
26,1.0,22800,2021,11,9,0,0,0,1,0
250,1.0,14600,2021,11,10,0,0,0,1,0
47,1.0,18200,2021,11,11,0,0,0,1,0
16,1.0,24500,2021,11,15,0,0,0,1,0
159,1.0,23100,2021,11,18,0,0,0,1,0
300,1.0,17200,2021,11,19,0,0,0,1,0
353,1.0,15100,2021,11,20,0,0,0,1,0
4,1.0,1000,2021,11,22,0,0,0,1,0
1,1.0,12000,2021,12,2,0,0,0,1,0
16,1.0,25000,2021,12,7,0,0,0,1,0
24,1.0,25000,2021,12,8,0,0,0,1,0
10,1.0,25000,2021,12,9,0,0,0,1,0
18,1.0,19100,2021,12,10,0,0,0,1,0
420,1.0,9700,2021,12,11,0,0,0,1,0
182,1.0,23200,2021,12,13,0,0,0,1,0
183,1.0,23300,2021,12,15,0,0,0,1,0
186,1.0,20100,2021,12,16,0,0,0,1,0
194,1.0,20800,2021,12,17,0,0,0,1,0
182,1.0,22100,2021,12,18,0,0,0,1,0
174,1.0,20800,2021,12,20,0,0,0,1,0
182,1.0,20900,2021,12,21,0,0,0,1,0
366,1.0,18700,2021,12,22,0,0,0,1,0
5,1.0,19300,2021,12,23,0,0,0,1,0
4,1.0,22000,2021,12,24,0,0,0,1,0
17,1.0,17800,2021,12,25,0,0,0,1,0
20,1.0,19700,2021,12,28,0,0,0,1,0
27,1.0,20900,2021,12,30,0,0,0,1,0
40,1.0,23900,2021,12,31,0,0,0,1,0
30,1.0,16400,2017,1,2,0,0,1,0,0
18,1.0,16500,2017,1,3,0,0,1,0,0
26,1.0,14800,2017,1,9,0,0,1,0,0
9,1.0,16300,2017,1,13,0,0,1,0,0
23,1.0,16200,2017,1,16,0,0,1,0,0
9,1.0,15000,2017,1,23,0,0,1,0,0
94,1.0,15000,2017,2,1,0,0,1,0,0
5,1.0,14000,2017,2,3,0,0,1,0,0
3,1.0,14000,2017,2,6,0,0,1,0,0
5,1.0,14000,2017,2,7,0,0,1,0,0
7,1.0,14000,2017,2,14,0,0,1,0,0
30,1.0,16200,2017,2,20,0,0,1,0,0
10,1.0,13500,2017,2,22,0,0,1,0,0
6,1.0,13000,2017,2,27,0,0,1,0,0
17,1.0,13000,2017,3,1,0,0,1,0,0
36,1.0,11500,2017,3,17,0,0,1,0,0
24,1.0,7300,2017,3,21,0,0,1,0,0
477,1.0,7800,2017,3,22,0,0,1,0,0
148,1.0,8300,2017,3,23,0,0,1,0,0
113,1.0,10600,2017,3,24,0,0,1,0,0
69,1.0,8000,2017,4,24,0,0,1,0,0
50,1.0,9900,2017,4,25,0,0,1,0,0
28,1.0,9700,2017,4,26,0,0,1,0,0
12,1.0,10000,2017,4,27,0,0,1,0,0
82,1.0,10000,2017,4,28,0,0,1,0,0
81,1.0,13100,2017,4,29,0,0,1,0,0
36,1.0,9200,2017,5,1,0,0,1,0,0
16,1.0,9500,2017,5,2,0,0,1,0,0
14,1.0,7500,2017,6,16,0,0,1,0,0
42,1.0,8600,2017,7,21,0,0,1,0,0
278,1.0,16500,2017,10,9,0,0,1,0,0
142,1.0,15700,2018,1,2,0,0,1,0,0
17,1.0,11000,2018,3,8,0,0,1,0,0
38,1.0,12000,2018,3,10,0,0,1,0,0
100,1.0,11800,2018,3,13,0,0,1,0,0
112,1.0,11500,2018,3,14,0,0,1,0,0
98,1.0,11700,2018,3,15,0,0,1,0,0
141,1.0,10000,2018,3,16,0,0,1,0,0
63,1.0,8300,2018,3,17,0,0,1,0,0
80,1.0,8600,2018,3,19,0,0,1,0,0
86,1.0,7800,2018,3,20,0,0,1,0,0
26,1.0,7700,2018,3,21,0,0,1,0,0
39,1.0,10500,2018,3,22,0,0,1,0,0
22,1.0,12000,2018,3,23,0,0,1,0,0
51,1.0,10300,2018,3,24,0,0,1,0,0
19,1.0,12200,2018,3,26,0,0,1,0,0
95,1.0,8700,2018,3,27,0,0,1,0,0
34,1.0,10700,2018,3,29,0,0,1,0,0
22,1.0,9200,2018,3,30,0,0,1,0,0
34,1.0,9300,2018,3,31,0,0,1,0,0
207,1.0,6000,2018,4,2,0,0,1,0,0
33,1.0,10800,2018,4,3,0,0,1,0,0
30,1.0,10800,2018,4,4,0,0,1,0,0
50,1.0,11300,2018,4,6,0,0,1,0,0
74,1.0,10100,2018,4,7,0,0,1,0,0
21,1.0,9900,2018,4,9,0,0,1,0,0
99,1.0,9300,2018,4,10,0,0,1,0,0
4,1.0,12500,2018,4,11,0,0,1,0,0
20,1.0,12000,2018,4,12,0,0,1,0,0
64,1.0,11600,2018,4,13,0,0,1,0,0
154,1.0,8900,2018,4,14,0,0,1,0,0
63,1.0,9700,2018,4,16,0,0,1,0,0
28,1.0,9300,2018,4,17,0,0,1,0,0
25,1.0,12300,2018,4,18,0,0,1,0,0
10,1.0,5100,2018,4,19,0,0,1,0,0
60,1.0,10800,2018,4,20,0,0,1,0,0
74,1.0,11400,2018,4,21,0,0,1,0,0
57,1.0,9700,2018,4,23,0,0,1,0,0
54,1.0,9700,2018,4,24,0,0,1,0,0
37,1.0,5200,2018,4,25,0,0,1,0,0
13,1.0,11500,2018,4,26,0,0,1,0,0
53,1.0,10000,2018,4,27,0,0,1,0,0
122,1.0,8200,2018,4,28,0,0,1,0,0
14,1.0,11200,2018,5,1,0,0,1,0,0
8,1.0,10000,2018,5,2,0,0,1,0,0
23,1.0,11700,2018,5,3,0,0,1,0,0
32,1.0,7400,2018,5,4,0,0,1,0,0
111,1.0,10000,2018,5,5,0,0,1,0,0
148,1.0,14400,2018,5,7,0,0,1,0,0
48,1.0,11800,2018,5,8,0,0,1,0,0
32,1.0,12200,2018,5,9,0,0,1,0,0
101,1.0,8900,2018,5,12,0,0,1,0,0
38,1.0,10400,2018,5,14,0,0,1,0,0
550,1.0,6600,2018,5,15,0,0,1,0,0
31,1.0,9100,2018,5,16,0,0,1,0,0
63,1.0,6300,2018,5,17,0,0,1,0,0
42,1.0,9300,2018,5,18,0,0,1,0,0
108,1.0,9300,2018,5,21,0,0,1,0,0
28,1.0,12000,2018,5,25,0,0,1,0,0
22,1.0,7900,2018,5,26,0,0,1,0,0
44,1.0,9600,2018,5,28,0,0,1,0,0
28,1.0,8600,2018,5,31,0,0,1,0,0
90,1.0,11000,2018,6,1,0,0,1,0,0
50,1.0,10200,2018,6,2,0,0,1,0,0
48,1.0,11400,2018,6,4,0,0,1,0,0
33,1.0,10300,2018,6,6,0,0,1,0,0
64,1.0,10200,2018,6,8,0,0,1,0,0
37,1.0,9600,2018,6,9,0,0,1,0,0
113,1.0,10700,2018,6,14,0,0,1,0,0
25,1.0,11200,2018,6,15,0,0,1,0,0
70,1.0,10300,2018,6,16,0,0,1,0,0
41,1.0,12000,2018,6,18,0,0,1,0,0
101,1.0,9300,2018,6,20,0,0,1,0,0
44,1.0,8500,2018,6,22,0,0,1,0,0
75,1.0,9200,2018,6,23,0,0,1,0,0
77,1.0,8700,2018,6,25,0,0,1,0,0
45,1.0,8300,2018,6,30,0,0,1,0,0
53,1.0,8000,2018,7,6,0,0,1,0,0
170,1.0,11300,2018,7,7,0,0,1,0,0
57,1.0,10300,2018,7,9,0,0,1,0,0
103,1.0,7400,2018,7,12,0,0,1,0,0
4,1.0,12000,2018,7,13,0,0,1,0,0
31,1.0,9300,2018,7,14,0,0,1,0,0
52,1.0,10300,2018,7,16,0,0,1,0,0
21,1.0,9600,2018,7,18,0,0,1,0,0
17,1.0,13700,2018,7,19,0,0,1,0,0
80,1.0,8900,2018,7,20,0,0,1,0,0
75,1.0,8600,2018,7,21,0,0,1,0,0
9,1.0,9500,2018,7,24,0,0,1,0,0
139,1.0,6500,2018,7,26,0,0,1,0,0
25,1.0,5300,2018,7,27,0,0,1,0,0
37,1.0,10800,2018,7,30,0,0,1,0,0
49,1.0,7400,2018,7,31,0,0,1,0,0
58,1.0,9200,2018,8,1,0,0,1,0,0
32,1.0,10100,2018,8,2,0,0,1,0,0
10,1.0,16000,2018,8,3,0,0,1,0,0
87,1.0,12100,2018,8,4,0,0,1,0,0
49,1.0,12200,2018,8,6,0,0,1,0,0
16,1.0,12000,2018,8,7,0,0,1,0,0
34,1.0,12500,2018,8,9,0,0,1,0,0
53,1.0,14700,2018,8,10,0,0,1,0,0
55,1.0,10800,2018,8,11,0,0,1,0,0
104,1.0,10400,2018,8,13,0,0,1,0,0
46,1.0,12300,2018,8,15,0,0,1,0,0
59,1.0,10200,2018,8,16,0,0,1,0,0
34,1.0,11100,2018,8,17,0,0,1,0,0
9,1.0,6000,2018,8,18,0,0,1,0,0
30,1.0,12900,2018,8,24,0,0,1,0,0
30,1.0,15500,2018,8,31,0,0,1,0,0
46,1.0,12800,2018,9,6,0,0,1,0,0
28,1.0,13400,2018,9,8,0,0,1,0,0
8,1.0,15000,2018,9,13,0,0,1,0,0
44,1.0,13700,2018,9,14,0,0,1,0,0
59,1.0,13300,2018,9,17,0,0,1,0,0
8,1.0,15000,2018,9,18,0,0,1,0,0
7,1.0,15000,2018,9,20,0,0,1,0,0
117,1.0,17800,2018,9,27,0,0,1,0,0
33,1.0,11500,2018,10,4,0,0,1,0,0
4,1.0,12500,2018,10,5,0,0,1,0,0
29,1.0,10000,2018,10,6,0,0,1,0,0
82,1.0,11800,2018,10,8,0,0,1,0,0
36,1.0,12000,2018,10,11,0,0,1,0,0
12,1.0,14600,2018,10,12,0,0,1,0,0
38,1.0,11900,2018,10,13,0,0,1,0,0
44,1.0,7700,2018,10,15,0,0,1,0,0
65,1.0,9900,2018,10,16,0,0,1,0,0
23,1.0,13900,2018,10,18,0,0,1,0,0
8,1.0,13000,2018,10,19,0,0,1,0,0
84,1.0,11400,2018,10,22,0,0,1,0,0
13,1.0,12900,2018,10,24,0,0,1,0,0
75,1.0,11000,2018,10,25,0,0,1,0,0
8,1.0,11500,2018,10,26,0,0,1,0,0
96,1.0,12900,2018,10,27,0,0,1,0,0
8,1.0,6000,2018,10,29,0,0,1,0,0
12,1.0,12300,2018,10,30,0,0,1,0,0
9,1.0,9800,2018,10,31,0,0,1,0,0
9,1.0,14000,2018,11,2,0,0,1,0,0
64,1.0,8400,2018,11,5,0,0,1,0,0
27,1.0,10100,2018,11,6,0,0,1,0,0
21,1.0,16300,2018,11,8,0,0,1,0,0
23,1.0,15000,2018,11,9,0,0,1,0,0
47,1.0,13200,2018,11,10,0,0,1,0,0
49,1.0,10700,2018,11,17,0,0,1,0,0
61,1.0,18500,2018,11,19,0,0,1,0,0
51,1.0,11500,2018,11,20,0,0,1,0,0
50,1.0,9600,2018,11,21,0,0,1,0,0
69,1.0,11200,2018,11,22,0,0,1,0,0
60,1.0,7900,2018,11,23,0,0,1,0,0
74,1.0,11300,2018,11,24,0,0,1,0,0
59,1.0,10500,2018,11,26,0,0,1,0,0
74,1.0,6600,2018,11,27,0,0,1,0,0
95,1.0,11000,2018,11,29,0,0,1,0,0
51,1.0,11800,2018,11,30,0,0,1,0,0
39,1.0,13100,2018,12,1,0,0,1,0,0
10,1.0,12000,2018,12,3,0,0,1,0,0
18,1.0,10300,2018,12,5,0,0,1,0,0
9,1.0,11000,2018,12,6,0,0,1,0,0
23,1.0,8000,2018,12,7,0,0,1,0,0
35,1.0,10500,2018,12,11,0,0,1,0,0
114,1.0,12600,2018,12,12,0,0,1,0,0
54,1.0,10600,2018,12,13,0,0,1,0,0
27,1.0,10400,2018,12,14,0,0,1,0,0
34,1.0,12200,2018,12,15,0,0,1,0,0
25,1.0,12600,2018,12,17,0,0,1,0,0
18,1.0,9400,2018,12,18,0,0,1,0,0
11,1.0,13000,2018,12,19,0,0,1,0,0
15,1.0,14200,2018,12,20,0,0,1,0,0
24,1.0,10800,2018,12,25,0,0,1,0,0
58,1.0,12700,2018,12,27,0,0,1,0,0
27,1.0,14000,2018,12,31,0,0,1,0,0
74,1.0,17100,2019,1,2,0,0,1,0,0
50,1.0,15900,2019,1,3,0,0,1,0,0
145,1.0,12200,2019,1,4,0,0,1,0,0
144,1.0,16000,2019,1,5,0,0,1,0,0
87,1.0,9900,2019,1,7,0,0,1,0,0
62,1.0,7500,2019,1,8,0,0,1,0,0
52,1.0,7500,2019,1,10,0,0,1,0,0
49,1.0,11800,2019,1,11,0,0,1,0,0
43,1.0,13600,2019,1,12,0,0,1,0,0
50,1.0,20000,2019,1,14,0,0,1,0,0
113,1.0,14900,2019,1,15,0,0,1,0,0
39,1.0,8800,2019,1,16,0,0,1,0,0
38,1.0,12400,2019,1,17,0,0,1,0,0
61,1.0,15700,2019,1,19,0,0,1,0,0
56,1.0,12100,2019,1,21,0,0,1,0,0
15,1.0,13000,2019,1,22,0,0,1,0,0
20,1.0,13500,2019,1,23,0,0,1,0,0
11,1.0,13700,2019,1,24,0,0,1,0,0
14,1.0,13500,2019,1,25,0,0,1,0,0
74,1.0,14400,2019,1,26,0,0,1,0,0
18,1.0,13500,2019,1,29,0,0,1,0,0
54,1.0,15700,2019,1,30,0,0,1,0,0
21,1.0,13300,2019,1,31,0,0,1,0,0
41,1.0,13500,2019,2,1,0,0,1,0,0
164,1.0,9600,2019,2,4,0,0,1,0,0
248,1.0,15400,2019,2,8,0,0,1,0,0
68,1.0,13700,2019,2,9,0,0,1,0,0
55,1.0,10600,2019,2,11,0,0,1,0,0
16,1.0,8900,2019,2,12,0,0,1,0,0
32,1.0,12000,2019,2,13,0,0,1,0,0
23,1.0,12700,2019,2,14,0,0,1,0,0
82,1.0,8800,2019,2,15,0,0,1,0,0
68,1.0,13700,2019,2,16,0,0,1,0,0
8,1.0,13000,2019,2,18,0,0,1,0,0
13,1.0,11900,2019,2,19,0,0,1,0,0
74,1.0,6200,2019,2,20,0,0,1,0,0
17,1.0,13100,2019,2,25,0,0,1,0,0
50,1.0,11100,2019,2,26,0,0,1,0,0
37,1.0,5300,2019,2,27,0,0,1,0,0
41,1.0,8400,2019,2,28,0,0,1,0,0
39,1.0,11500,2019,3,2,0,0,1,0,0
45,1.0,12200,2019,3,4,0,0,1,0,0
64,1.0,9200,2019,3,5,0,0,1,0,0
21,1.0,9000,2019,3,6,0,0,1,0,0
40,1.0,6100,2019,3,8,0,0,1,0,0
58,1.0,11200,2019,3,9,0,0,1,0,0
54,1.0,10100,2019,3,12,0,0,1,0,0
21,1.0,12000,2019,3,13,0,0,1,0,0
15,1.0,12200,2019,3,14,0,0,1,0,0
33,1.0,11300,2019,3,26,0,0,1,0,0
129,1.0,10100,2019,3,27,0,0,1,0,0
11,1.0,8800,2019,3,29,0,0,1,0,0
356,1.0,11800,2019,3,30,0,0,1,0,0
21,1.0,11800,2019,4,2,0,0,1,0,0
40,1.0,5500,2019,4,3,0,0,1,0,0
55,1.0,7200,2019,4,4,0,0,1,0,0
341,1.0,11100,2019,4,6,0,0,1,0,0
10,1.0,12000,2019,4,8,0,0,1,0,0
24,1.0,10500,2019,4,9,0,0,1,0,0
40,1.0,9700,2019,4,10,0,0,1,0,0
140,1.0,9700,2019,4,12,0,0,1,0,0
51,1.0,8900,2019,4,13,0,0,1,0,0
32,1.0,10600,2019,4,15,0,0,1,0,0
66,1.0,6800,2019,4,16,0,0,1,0,0
180,1.0,9000,2019,4,17,0,0,1,0,0
163,1.0,9900,2019,4,18,0,0,1,0,0
212,1.0,10800,2019,4,19,0,0,1,0,0
164,1.0,10500,2019,4,22,0,0,1,0,0
139,1.0,8900,2019,4,23,0,0,1,0,0
159,1.0,10600,2019,4,24,0,0,1,0,0
50,1.0,8500,2019,4,25,0,0,1,0,0
176,1.0,9100,2019,4,26,0,0,1,0,0
279,1.0,9500,2019,4,27,0,0,1,0,0
139,1.0,11400,2019,4,29,0,0,1,0,0
96,1.0,10500,2019,4,30,0,0,1,0,0
127,1.0,10200,2019,5,1,0,0,1,0,0
281,1.0,9400,2019,5,2,0,0,1,0,0
191,1.0,10100,2019,5,3,0,0,1,0,0
319,1.0,9900,2019,5,4,0,0,1,0,0
263,1.0,11100,2019,5,6,0,0,1,0,0
152,1.0,10800,2019,5,7,0,0,1,0,0
140,1.0,10800,2019,5,8,0,0,1,0,0
153,1.0,10300,2019,5,9,0,0,1,0,0
135,1.0,9900,2019,5,10,0,0,1,0,0
270,1.0,9800,2019,5,11,0,0,1,0,0
134,1.0,10500,2019,5,13,0,0,1,0,0
105,1.0,9300,2019,5,14,0,0,1,0,0
201,1.0,10100,2019,5,17,0,0,1,0,0
272,1.0,10100,2019,5,18,0,0,1,0,0
184,1.0,10500,2019,5,20,0,0,1,0,0
143,1.0,10200,2019,5,21,0,0,1,0,0
88,1.0,10200,2019,5,22,0,0,1,0,0
144,1.0,9800,2019,5,23,0,0,1,0,0
212,1.0,10400,2019,5,24,0,0,1,0,0
275,1.0,10600,2019,5,25,0,0,1,0,0
149,1.0,9800,2019,5,27,0,0,1,0,0
164,1.0,10100,2019,5,29,0,0,1,0,0
24,1.0,10200,2019,5,30,0,0,1,0,0
161,1.0,10300,2019,5,31,0,0,1,0,0
287,1.0,10000,2019,6,1,0,0,1,0,0
129,1.0,10000,2019,6,3,0,0,1,0,0
128,1.0,11100,2019,6,4,0,0,1,0,0
350,1.0,9500,2019,6,6,0,0,1,0,0
178,1.0,8200,2019,6,7,0,0,1,0,0
277,1.0,9900,2019,6,10,0,0,1,0,0
316,1.0,9300,2019,6,11,0,0,1,0,0
51,1.0,6700,2019,6,13,0,0,1,0,0
361,1.0,7200,2019,6,14,0,0,1,0,0
30,1.0,9900,2019,6,18,0,0,1,0,0
308,1.0,9400,2019,6,21,0,0,1,0,0
381,1.0,9700,2019,6,22,0,0,1,0,0
134,1.0,9600,2019,7,2,0,0,1,0,0
31,1.0,10200,2019,7,3,0,0,1,0,0
280,1.0,7000,2019,7,4,0,0,1,0,0
226,1.0,5400,2019,7,5,0,0,1,0,0
176,1.0,8300,2019,7,10,0,0,1,0,0
214,1.0,7800,2019,7,11,0,0,1,0,0
97,1.0,10100,2019,7,13,0,0,1,0,0
132,1.0,8100,2019,7,15,0,0,1,0,0
89,1.0,11200,2019,7,17,0,0,1,0,0
91,1.0,7100,2019,7,18,0,0,1,0,0
64,1.0,14700,2019,7,19,0,0,1,0,0
111,1.0,6900,2019,7,20,0,0,1,0,0
73,1.0,12800,2019,7,22,0,0,1,0,0
16,1.0,10300,2019,7,23,0,0,1,0,0
144,1.0,10800,2019,7,24,0,0,1,0,0
193,1.0,10600,2019,7,25,0,0,1,0,0
238,1.0,9900,2019,7,26,0,0,1,0,0
37,1.0,7600,2019,7,30,0,0,1,0,0
35,1.0,12200,2019,8,3,0,0,1,0,0
439,1.0,10500,2019,8,5,0,0,1,0,0
263,1.0,10300,2019,8,7,0,0,1,0,0
173,1.0,8700,2019,8,8,0,0,1,0,0
14,1.0,10000,2019,8,9,0,0,1,0,0
53,1.0,11200,2019,8,10,0,0,1,0,0
152,1.0,10100,2019,8,13,0,0,1,0,0
56,1.0,15100,2019,8,15,0,0,1,0,0
72,1.0,13000,2019,8,17,0,0,1,0,0
26,1.0,11000,2019,8,31,0,0,1,0,0
93,1.0,13200,2019,9,3,0,0,1,0,0
37,1.0,6600,2019,9,4,0,0,1,0,0
40,1.0,12900,2019,9,5,0,0,1,0,0
88,1.0,17900,2019,9,6,0,0,1,0,0
99,1.0,12600,2019,9,7,0,0,1,0,0
140,1.0,19000,2019,9,11,0,0,1,0,0
101,1.0,18800,2019,9,12,0,0,1,0,0
578,1.0,15900,2019,9,16,0,0,1,0,0
84,1.0,17100,2019,9,17,0,0,1,0,0
61,1.0,15200,2019,9,18,0,0,1,0,0
36,1.0,8100,2019,9,19,0,0,1,0,0
15,1.0,10400,2019,9,20,0,0,1,0,0
200,1.0,12300,2019,9,21,0,0,1,0,0
29,1.0,9700,2019,9,23,0,0,1,0,0
23,1.0,8300,2019,9,24,0,0,1,0,0
62,1.0,7900,2019,9,27,0,0,1,0,0
185,1.0,12100,2019,9,28,0,0,1,0,0
98,1.0,18400,2019,10,3,0,0,1,0,0
72,1.0,16400,2019,10,8,0,0,1,0,0
61,1.0,15300,2019,10,9,0,0,1,0,0
75,1.0,12200,2019,10,10,0,0,1,0,0
17,1.0,13800,2019,10,11,0,0,1,0,0
55,1.0,15200,2019,10,14,0,0,1,0,0
26,1.0,10600,2019,10,15,0,0,1,0,0
27,1.0,12900,2019,10,16,0,0,1,0,0
20,1.0,6700,2019,10,17,0,0,1,0,0
37,1.0,6200,2019,10,18,0,0,1,0,0
45,1.0,9800,2019,10,19,0,0,1,0,0
79,1.0,18500,2019,10,21,0,0,1,0,0
32,1.0,7700,2019,10,22,0,0,1,0,0
59,1.0,9300,2019,10,23,0,0,1,0,0
46,1.0,9600,2019,10,24,0,0,1,0,0
46,1.0,11900,2019,10,25,0,0,1,0,0
205,1.0,11500,2019,10,26,0,0,1,0,0
101,1.0,14100,2019,10,28,0,0,1,0,0
52,1.0,9200,2019,10,29,0,0,1,0,0
12,1.0,10700,2019,10,30,0,0,1,0,0
49,1.0,9500,2019,10,31,0,0,1,0,0
40,1.0,9600,2019,11,1,0,0,1,0,0
52,1.0,9300,2019,11,2,0,0,1,0,0
19,1.0,12900,2019,11,4,0,0,1,0,0
8,1.0,13500,2019,11,5,0,0,1,0,0
25,1.0,12400,2019,11,6,0,0,1,0,0
40,1.0,17300,2019,11,7,0,0,1,0,0
60,1.0,14400,2019,11,11,0,0,1,0,0
45,1.0,15000,2019,11,12,0,0,1,0,0
42,1.0,15400,2019,11,13,0,0,1,0,0
46,1.0,14300,2019,11,14,0,0,1,0,0
113,1.0,10700,2019,11,15,0,0,1,0,0
32,1.0,14500,2019,11,16,0,0,1,0,0
33,1.0,15300,2019,11,18,0,0,1,0,0
54,1.0,6600,2019,11,19,0,0,1,0,0
27,1.0,13700,2019,11,20,0,0,1,0,0
44,1.0,7200,2019,11,21,0,0,1,0,0
15,1.0,13100,2019,11,22,0,0,1,0,0
29,1.0,5700,2019,11,25,0,0,1,0,0
20,1.0,6900,2019,11,27,0,0,1,0,0
44,1.0,12200,2019,11,28,0,0,1,0,0
37,1.0,13200,2019,11,30,0,0,1,0,0
18,1.0,11500,2019,12,3,0,0,1,0,0
247,1.0,5100,2019,12,4,0,0,1,0,0
205,1.0,7000,2019,12,5,0,0,1,0,0
203,1.0,4100,2019,12,6,0,0,1,0,0
13,1.0,4000,2019,12,7,0,0,1,0,0
6,1.0,6500,2019,12,11,0,0,1,0,0
45,1.0,6200,2019,12,12,0,0,1,0,0
68,1.0,7900,2019,12,13,0,0,1,0,0
12,1.0,8700,2019,12,16,0,0,1,0,0
14,1.0,5500,2019,12,17,0,0,1,0,0
63,1.0,8100,2019,12,18,0,0,1,0,0
47,1.0,6400,2019,12,19,0,0,1,0,0
78,1.0,8800,2019,12,20,0,0,1,0,0
54,1.0,13800,2019,12,21,0,0,1,0,0
55,1.0,15700,2019,12,25,0,0,1,0,0
53,1.0,14700,2019,12,27,0,0,1,0,0
22,1.0,11300,2019,12,28,0,0,1,0,0
134,1.0,14100,2019,12,30,0,0,1,0,0
13,1.0,7300,2019,12,31,0,0,1,0,0
191,1.0,9700,2020,1,2,0,0,1,0,0
68,1.0,6600,2020,1,3,0,0,1,0,0
156,1.0,7300,2020,1,4,0,0,1,0,0
22,1.0,10700,2020,1,6,0,0,1,0,0
32,1.0,5200,2020,1,7,0,0,1,0,0
8,1.0,7000,2020,1,9,0,0,1,0,0
36,1.0,5500,2020,1,10,0,0,1,0,0
66,1.0,6400,2020,1,11,0,0,1,0,0
48,1.0,10500,2020,1,14,0,0,1,0,0
41,1.0,7800,2020,1,15,0,0,1,0,0
22,1.0,8700,2020,1,16,0,0,1,0,0
15,1.0,10100,2020,1,17,0,0,1,0,0
16,1.0,4000,2020,1,18,0,0,1,0,0
24,1.0,6800,2020,1,21,0,0,1,0,0
22,1.0,10500,2020,1,22,0,0,1,0,0
70,1.0,12400,2020,1,24,0,0,1,0,0
154,1.0,10500,2020,1,28,0,0,1,0,0
66,1.0,7800,2020,1,29,0,0,1,0,0
480,1.0,14300,2020,1,30,0,0,1,0,0
32,1.0,9800,2020,1,31,0,0,1,0,0
26,1.0,9600,2020,2,3,0,0,1,0,0
229,1.0,6600,2020,2,4,0,0,1,0,0
12,1.0,9000,2020,2,5,0,0,1,0,0
43,1.0,8500,2020,2,6,0,0,1,0,0
45,1.0,7800,2020,2,7,0,0,1,0,0
39,1.0,10900,2020,2,10,0,0,1,0,0
57,1.0,9100,2020,2,11,0,0,1,0,0
34,1.0,8200,2020,3,24,0,0,1,0,0
92,1.0,9000,2020,8,6,0,0,1,0,0
19,1.0,8000,2020,8,7,0,0,1,0,0
67,1.0,14000,2020,8,8,0,0,1,0,0
109,1.0,15800,2020,9,18,0,0,1,0,0
174,1.0,14200,2020,9,19,0,0,1,0,0
616,1.0,16400,2020,10,5,0,0,1,0,0
8,1.0,8000,2020,10,26,0,0,1,0,0
100,1.0,13700,2020,11,18,0,0,1,0,0
15,1.0,12400,2020,12,3,0,0,1,0,0
10,1.0,10500,2020,12,4,0,0,1,0,0
19,1.0,5500,2020,12,5,0,0,1,0,0
36,1.0,18300,2020,12,25,0,0,1,0,0
22,1.0,17900,2021,1,23,0,0,1,0,0
14,1.0,13800,2021,4,12,0,0,1,0,0
43,1.0,19500,2021,5,10,0,0,1,0,0
19,1.0,14400,2021,7,3,0,0,1,0,0
30,1.0,11400,2021,7,10,0,0,1,0,0
34,1.0,9900,2021,7,17,0,0,1,0,0
4,1.0,14500,2021,8,3,0,0,1,0,0
4,1.0,16000,2021,8,20,0,0,1,0,0
13,1.0,20100,2017,1,4,0,1,0,0,0
46,1.0,18100,2017,1,5,0,1,0,0,0
1118,1.0,8200,2017,1,6,0,1,0,0,0
40,1.0,9500,2017,1,23,0,1,0,0,0
14,1.0,18100,2017,1,24,0,1,0,0,0
33,1.0,15500,2017,2,7,0,1,0,0,0
94,1.0,16400,2017,2,11,0,1,0,0,0
45,1.0,22400,2017,3,9,0,1,0,0,0
8,1.0,23100,2017,3,15,0,1,0,0,0
9,1.0,23300,2017,3,25,0,1,0,0,0
93,1.0,7600,2017,3,27,0,1,0,0,0
9,1.0,9100,2017,4,1,0,1,0,0,0
11,1.0,13800,2017,4,8,0,1,0,0,0
56,1.0,14300,2017,4,24,0,1,0,0,0
32,1.0,11000,2017,5,18,0,1,0,0,0
26,1.0,19000,2017,5,22,0,1,0,0,0
54,1.0,15500,2017,5,25,0,1,0,0,0
33,1.0,19000,2017,5,27,0,1,0,0,0
40,1.0,16300,2017,6,5,0,1,0,0,0
28,1.0,15700,2017,6,10,0,1,0,0,0
46,1.0,16400,2017,6,23,0,1,0,0,0
39,1.0,16200,2017,7,19,0,1,0,0,0
18,1.0,15500,2017,7,22,0,1,0,0,0
9,1.0,17100,2017,10,28,0,1,0,0,0
10,1.0,18000,2017,11,11,0,1,0,0,0
21,1.0,25600,2017,11,15,0,1,0,0,0
98,1.0,9500,2017,11,17,0,1,0,0,0
11,1.0,19700,2017,11,18,0,1,0,0,0
80,1.0,20000,2017,11,30,0,1,0,0,0
45,1.0,11700,2017,12,5,0,1,0,0,0
26,1.0,11100,2017,12,6,0,1,0,0,0
14,1.0,11800,2017,12,16,0,1,0,0,0
7,1.0,9900,2017,12,18,0,1,0,0,0
36,1.0,23400,2017,12,19,0,1,0,0,0
43,1.0,12800,2017,12,20,0,1,0,0,0
20,1.0,12900,2017,12,21,0,1,0,0,0
175,1.0,11800,2017,12,23,0,1,0,0,0
68,1.0,12800,2017,12,27,0,1,0,0,0
82,1.0,10100,2018,1,2,0,1,0,0,0
135,1.0,13000,2018,1,9,0,1,0,0,0
143,1.0,9100,2018,3,17,0,1,0,0,0
140,1.0,7300,2018,4,12,0,1,0,0,0
73,1.0,10600,2018,4,18,0,1,0,0,0
493,1.0,6000,2018,5,15,0,1,0,0,0
203,1.0,4800,2018,8,17,0,1,0,0,0
241,1.0,12900,2018,12,29,0,1,0,0,0
203,1.0,20500,2019,1,5,0,1,0,0,0
207,1.0,8500,2019,1,7,0,1,0,0,0
178,1.0,9100,2019,1,9,0,1,0,0,0
42,1.0,10000,2019,1,10,0,1,0,0,0
22,1.0,16800,2019,1,12,0,1,0,0,0
24,1.0,12200,2019,1,14,0,1,0,0,0
78,1.0,16000,2019,1,16,0,1,0,0,0
217,1.0,17400,2019,1,17,0,1,0,0,0
203,1.0,18100,2019,1,18,0,1,0,0,0
40,1.0,15400,2019,1,19,0,1,0,0,0
124,1.0,12300,2019,1,23,0,1,0,0,0
74,1.0,14100,2019,2,20,0,1,0,0,0
91,1.0,8400,2019,2,25,0,1,0,0,0
133,1.0,11900,2019,3,4,0,1,0,0,0
59,1.0,10000,2019,3,8,0,1,0,0,0
45,1.0,14100,2019,4,6,0,1,0,0,0
3,1.0,16000,2019,5,15,0,1,0,0,0
11,1.0,9800,2019,5,17,0,1,0,0,0
7,1.0,13600,2019,6,4,0,1,0,0,0
20,1.0,19900,2019,6,5,0,1,0,0,0
12,1.0,23900,2019,6,15,0,1,0,0,0
17,1.0,17200,2019,6,17,0,1,0,0,0
27,1.0,15200,2019,6,18,0,1,0,0,0
18,1.0,24100,2019,6,24,0,1,0,0,0
27,1.0,15300,2019,6,26,0,1,0,0,0
10,1.0,18000,2019,6,27,0,1,0,0,0
31,1.0,14800,2019,6,28,0,1,0,0,0
76,1.0,16000,2019,6,29,0,1,0,0,0
27,1.0,22000,2019,10,23,0,1,0,0,0
17,1.0,27200,2019,11,12,0,1,0,0,0
9,1.0,18700,2019,11,19,0,1,0,0,0
15,1.0,18900,2019,11,23,0,1,0,0,0
20,1.0,3700,2019,11,25,0,1,0,0,0
18,1.0,16800,2019,11,26,0,1,0,0,0
351,1.0,7200,2019,12,7,0,1,0,0,0
528,1.0,6700,2019,12,18,0,1,0,0,0
265,1.0,10100,2019,12,21,0,1,0,0,0
11,1.0,22000,2019,12,27,0,1,0,0,0
4,1.0,14500,2019,12,28,0,1,0,0,0
40,1.0,15600,2020,1,8,0,1,0,0,0
62,1.0,18900,2020,1,10,0,1,0,0,0
20,1.0,13200,2020,1,31,0,1,0,0,0
146,1.0,8000,2020,2,4,0,1,0,0,0
9,1.0,15000,2020,2,5,0,1,0,0,0
401,1.0,5400,2020,2,20,0,1,0,0,0
320,1.0,5700,2020,2,22,0,1,0,0,0
19,1.0,21000,2020,3,6,0,1,0,0,0
45,1.0,16700,2020,3,9,0,1,0,0,0
16,1.0,7700,2020,3,11,0,1,0,0,0
60,1.0,17200,2020,3,13,0,1,0,0,0
51,1.0,17800,2020,3,14,0,1,0,0,0
34,1.0,7900,2020,3,16,0,1,0,0,0
99,1.0,17500,2020,3,23,0,1,0,0,0
30,1.0,17800,2020,3,27,0,1,0,0,0
10,1.0,20000,2020,4,10,0,1,0,0,0
11,1.0,22800,2020,4,13,0,1,0,0,0
5,1.0,10200,2020,4,15,0,1,0,0,0
20,1.0,18400,2020,4,23,0,1,0,0,0
11,1.0,20000,2020,5,19,0,1,0,0,0
12,1.0,23100,2020,5,28,0,1,0,0,0
21,1.0,5000,2020,6,3,0,1,0,0,0
90,1.0,8400,2020,6,4,0,1,0,0,0
57,1.0,16900,2020,6,6,0,1,0,0,0
115,1.0,6000,2020,6,13,0,1,0,0,0
25,1.0,5500,2020,6,16,0,1,0,0,0
12,1.0,16900,2020,6,17,0,1,0,0,0
13,1.0,29100,2020,7,15,0,1,0,0,0
10,1.0,30000,2020,7,18,0,1,0,0,0
6,1.0,30000,2020,7,20,0,1,0,0,0
78,1.0,9500,2020,7,21,0,1,0,0,0
187,1.0,8700,2020,7,22,0,1,0,0,0
148,1.0,9100,2020,7,23,0,1,0,0,0
170,1.0,8700,2020,7,27,0,1,0,0,0
97,1.0,8100,2020,8,1,0,1,0,0,0
66,1.0,8100,2020,8,4,0,1,0,0,0
27,1.0,8000,2020,8,5,0,1,0,0,0
105,1.0,11000,2020,8,6,0,1,0,0,0
100,1.0,10500,2020,8,7,0,1,0,0,0
41,1.0,12500,2020,8,8,0,1,0,0,0
157,1.0,9700,2020,8,10,0,1,0,0,0
89,1.0,9700,2020,8,12,0,1,0,0,0
204,1.0,8600,2020,8,13,0,1,0,0,0
94,1.0,9400,2020,8,14,0,1,0,0,0
89,1.0,9500,2020,8,15,0,1,0,0,0
76,1.0,9800,2020,8,18,0,1,0,0,0
81,1.0,8700,2020,8,19,0,1,0,0,0
27,1.0,8000,2020,8,20,0,1,0,0,0
63,1.0,9500,2020,8,24,0,1,0,0,0
247,1.0,6700,2020,8,25,0,1,0,0,0
72,1.0,9000,2020,8,27,0,1,0,0,0
43,1.0,10400,2020,8,28,0,1,0,0,0
19,1.0,13000,2020,8,29,0,1,0,0,0
92,1.0,11000,2020,8,31,0,1,0,0,0
95,1.0,11000,2020,9,1,0,1,0,0,0
51,1.0,8700,2020,9,2,0,1,0,0,0
22,1.0,12200,2020,9,3,0,1,0,0,0
19,1.0,11000,2020,9,4,0,1,0,0,0
24,1.0,12000,2020,9,5,0,1,0,0,0
35,1.0,12700,2020,9,7,0,1,0,0,0
53,1.0,10400,2020,9,8,0,1,0,0,0
86,1.0,10300,2020,9,9,0,1,0,0,0
41,1.0,10700,2020,9,10,0,1,0,0,0
40,1.0,13000,2020,9,11,0,1,0,0,0
51,1.0,13700,2020,9,12,0,1,0,0,0
56,1.0,13100,2020,9,14,0,1,0,0,0
49,1.0,11700,2020,9,15,0,1,0,0,0
45,1.0,11700,2020,9,17,0,1,0,0,0
50,1.0,11100,2020,9,18,0,1,0,0,0
31,1.0,12900,2020,9,19,0,1,0,0,0
34,1.0,12700,2020,9,21,0,1,0,0,0
48,1.0,12600,2020,9,22,0,1,0,0,0
53,1.0,11000,2020,9,23,0,1,0,0,0
26,1.0,7700,2020,9,25,0,1,0,0,0
39,1.0,12400,2020,9,26,0,1,0,0,0
72,1.0,12300,2020,9,28,0,1,0,0,0
96,1.0,13200,2020,9,29,0,1,0,0,0
64,1.0,10100,2020,9,30,0,1,0,0,0
78,1.0,9000,2020,10,5,0,1,0,0,0
54,1.0,10600,2020,10,7,0,1,0,0,0
66,1.0,11300,2020,10,8,0,1,0,0,0
44,1.0,12100,2020,10,9,0,1,0,0,0
54,1.0,12400,2020,10,10,0,1,0,0,0
70,1.0,11100,2020,10,12,0,1,0,0,0
32,1.0,10800,2020,10,13,0,1,0,0,0
41,1.0,3000,2020,10,14,0,1,0,0,0
43,1.0,10500,2020,10,20,0,1,0,0,0
28,1.0,11500,2020,10,22,0,1,0,0,0
39,1.0,10800,2020,11,16,0,1,0,0,0
64,1.0,12900,2020,11,28,0,1,0,0,0
2,1.0,13000,2020,12,3,0,1,0,0,0
5,1.0,20900,2020,12,4,0,1,0,0,0
10,1.0,16100,2020,12,5,0,1,0,0,0
10,1.0,16800,2020,12,8,0,1,0,0,0
3,1.0,25000,2020,12,16,0,1,0,0,0
11,1.0,14200,2020,12,31,0,1,0,0,0
20,1.0,10300,2021,1,6,0,1,0,0,0
308,1.0,11000,2021,1,7,0,1,0,0,0
270,1.0,14200,2021,1,9,0,1,0,0,0
126,1.0,14500,2021,1,11,0,1,0,0,0
13,1.0,20700,2021,1,13,0,1,0,0,0
203,1.0,21100,2021,1,16,0,1,0,0,0
38,1.0,16400,2021,1,19,0,1,0,0,0
337,1.0,11100,2021,1,23,0,1,0,0,0
75,1.0,15400,2021,1,27,0,1,0,0,0
106,1.0,17700,2021,1,28,0,1,0,0,0
204,1.0,14100,2021,1,29,0,1,0,0,0
30,1.0,16500,2021,1,30,0,1,0,0,0
3,1.0,15000,2021,3,18,0,1,0,0,0
19,1.0,20200,2021,3,27,0,1,0,0,0
266,1.0,11700,2021,4,3,0,1,0,0,0
12,1.0,28100,2021,4,7,0,1,0,0,0
9,1.0,21900,2021,5,21,0,1,0,0,0
43,1.0,17700,2021,6,24,0,1,0,0,0
8,1.0,18000,2021,7,1,0,1,0,0,0
75,1.0,7700,2021,7,6,0,1,0,0,0
5,1.0,24600,2021,11,16,0,1,0,0,0
11,1.0,26100,2021,11,17,0,1,0,0,0
6,1.0,28200,2021,11,19,0,1,0,0,0
8,1.0,25200,2021,11,29,0,1,0,0,0
18,1.0,26900,2021,12,1,0,1,0,0,0
10,1.0,25800,2021,12,2,0,1,0,0,0
8,1.0,18900,2021,12,8,0,1,0,0,0
7,1.0,26200,2021,12,10,0,1,0,0,0
4,1.0,15000,2021,12,11,0,1,0,0,0
2,1.0,22000,2021,12,15,0,1,0,0,0
4,1.0,19000,2017,4,15,1,0,0,0,0
14,1.0,10000,2017,4,26,1,0,0,0,0
90,1.0,9500,2017,5,1,1,0,0,0,0
52,1.0,5700,2017,5,11,1,0,0,0,0
59,1.0,7900,2017,5,16,1,0,0,0,0
19,1.0,8600,2017,5,17,1,0,0,0,0
18,1.0,8100,2017,5,19,1,0,0,0,0
132,1.0,8300,2017,5,22,1,0,0,0,0
48,1.0,7900,2017,5,29,1,0,0,0,0
44,1.0,8100,2017,6,3,1,0,0,0,0
24,1.0,9000,2017,6,7,1,0,0,0,0
13,1.0,5000,2017,6,9,1,0,0,0,0
8,1.0,9800,2017,6,12,1,0,0,0,0
25,1.0,12400,2017,6,14,1,0,0,0,0
10,1.0,9800,2017,6,30,1,0,0,0,0
4,1.0,22800,2017,7,5,1,0,0,0,0
7,1.0,15000,2017,9,2,1,0,0,0,0
1,1.0,8000,2017,10,26,1,0,0,0,0
16,1.0,11000,2018,4,12,1,0,0,0,0
75,1.0,10000,2018,5,2,1,0,0,0,0
70,1.0,8300,2018,5,12,1,0,0,0,0
174,1.0,10900,2018,5,15,1,0,0,0,0
33,1.0,9700,2018,5,16,1,0,0,0,0
50,1.0,8100,2018,5,17,1,0,0,0,0
60,1.0,8200,2018,5,21,1,0,0,0,0
17,1.0,9800,2018,5,23,1,0,0,0,0
4,1.0,10500,2018,5,24,1,0,0,0,0
22,1.0,12700,2018,5,26,1,0,0,0,0
8,1.0,12400,2018,5,31,1,0,0,0,0
19,1.0,12600,2018,6,4,1,0,0,0,0
12,1.0,13700,2018,6,14,1,0,0,0,0
6,1.0,13000,2018,6,30,1,0,0,0,0
3,1.0,13000,2018,7,7,1,0,0,0,0
2,1.0,25000,2018,9,28,1,0,0,0,0
1,1.0,12000,2018,10,10,1,0,0,0,0
24,1.0,14900,2018,10,11,1,0,0,0,0
2,1.0,16000,2018,10,17,1,0,0,0,0
3,1.0,11000,2018,10,18,1,0,0,0,0
7,1.0,16900,2018,10,25,1,0,0,0,0
6,1.0,15400,2019,4,13,1,0,0,0,0
84,1.0,7200,2019,5,8,1,0,0,0,0
35,1.0,12000,2019,6,5,1,0,0,0,0
12,1.0,15500,2019,6,6,1,0,0,0,0
21,1.0,11400,2019,6,7,1,0,0,0,0
42,1.0,11000,2019,6,8,1,0,0,0,0
17,1.0,8500,2019,6,10,1,0,0,0,0
36,1.0,13100,2019,6,15,1,0,0,0,0
12,1.0,8500,2019,6,17,1,0,0,0,0
31,1.0,10700,2019,6,18,1,0,0,0,0
2,1.0,11000,2019,6,19,1,0,0,0,0
4,1.0,11900,2019,6,22,1,0,0,0,0
12,1.0,11600,2019,6,24,1,0,0,0,0
8,1.0,22000,2019,6,28,1,0,0,0,0
4,1.0,8300,2019,9,27,1,0,0,0,0
2,1.0,17000,2020,4,30,1,0,0,0,0
105,1.0,8000,2020,5,11,1,0,0,0,0
13,1.0,7100,2020,5,15,1,0,0,0,0
16,1.0,8000,2020,5,18,1,0,0,0,0
64,1.0,7500,2020,5,19,1,0,0,0,0
23,1.0,12300,2020,5,20,1,0,0,0,0
53,1.0,8300,2020,5,22,1,0,0,0,0
45,1.0,9200,2020,5,23,1,0,0,0,0
18,1.0,10600,2020,5,28,1,0,0,0,0
16,1.0,16100,2020,5,29,1,0,0,0,0
32,1.0,13400,2020,5,30,1,0,0,0,0
25,1.0,12400,2020,6,3,1,0,0,0,0
43,1.0,10700,2020,6,5,1,0,0,0,0
67,1.0,10500,2020,6,8,1,0,0,0,0
43,1.0,13800,2020,6,9,1,0,0,0,0
11,1.0,6100,2020,6,10,1,0,0,0,0
4,1.0,17100,2020,6,11,1,0,0,0,0
11,1.0,13100,2020,6,13,1,0,0,0,0
16,1.0,14900,2020,6,20,1,0,0,0,0
12,1.0,17400,2020,6,24,1,0,0,0,0
5,1.0,6000,2020,7,1,1,0,0,0,0
55,1.0,8300,2020,10,30,1,0,0,0,0
22,1.0,20500,2020,11,16,1,0,0,0,0
62,1.0,5100,2020,11,17,1,0,0,0,0
58,1.0,19800,2020,11,21,1,0,0,0,0
21,1.0,15500,2020,11,27,1,0,0,0,0
2,1.0,18000,2020,12,18,1,0,0,0,0
112,1.0,19900,2021,1,25,1,0,0,0,0
106,1.0,19900,2021,2,1,1,0,0,0,0
15,1.0,17600,2021,4,17,1,0,0,0,0
63,1.0,8400,2021,4,28,1,0,0,0,0
55,1.0,9400,2021,4,29,1,0,0,0,0
76,1.0,11900,2021,5,1,1,0,0,0,0
79,1.0,16800,2021,5,3,1,0,0,0,0
64,1.0,17700,2021,5,4,1,0,0,0,0
50,1.0,16100,2021,5,7,1,0,0,0,0
86,1.0,13900,2021,5,10,1,0,0,0,0
138,1.0,13400,2021,5,11,1,0,0,0,0
197,1.0,14500,2021,5,12,1,0,0,0,0
11,1.0,16300,2021,5,13,1,0,0,0,0
46,1.0,16800,2021,5,14,1,0,0,0,0
60,1.0,19400,2021,5,15,1,0,0,0,0
101,1.0,13400,2021,5,17,1,0,0,0,0
69,1.0,17100,2021,5,19,1,0,0,0,0
90,1.0,15700,2021,5,20,1,0,0,0,0
23,1.0,19000,2021,5,22,1,0,0,0,0
138,1.0,13600,2021,5,24,1,0,0,0,0
79,1.0,11900,2021,5,25,1,0,0,0,0
77,1.0,12400,2021,5,26,1,0,0,0,0
32,1.0,13000,2021,5,27,1,0,0,0,0
24,1.0,15400,2021,5,28,1,0,0,0,0
118,1.0,17700,2021,5,29,1,0,0,0,0
67,1.0,14700,2021,5,31,1,0,0,0,0
78,1.0,14600,2021,6,1,1,0,0,0,0
42,1.0,14100,2021,6,2,1,0,0,0,0
43,1.0,16300,2021,6,3,1,0,0,0,0
35,1.0,16600,2021,6,4,1,0,0,0,0
38,1.0,24500,2021,6,5,1,0,0,0,0
12,1.0,15100,2021,6,7,1,0,0,0,0
51,1.0,15700,2021,6,8,1,0,0,0,0
38,1.0,15800,2021,6,9,1,0,0,0,0
37,1.0,14500,2021,6,11,1,0,0,0,0
26,1.0,16000,2021,6,12,1,0,0,0,0
7,1.0,8000,2021,6,15,1,0,0,0,0
32,1.0,21100,2021,6,19,1,0,0,0,0
8,1.0,15700,2021,6,21,1,0,0,0,0
9,1.0,18500,2021,6,25,1,0,0,0,0
110,1.0,7400,2021,7,3,1,0,0,0,0
2,1.0,25000,2021,9,6,1,0,0,0,0
3,1.0,27000,2021,9,14,1,0,0,0,0
2,1.0,14000,2021,11,23,1,0,0,0,0
3,1.0,10000,2021,12,8,1,0,0,0,0
11,1.0,23000,2021,12,20,1,0,0,0,0
2,1.0,8000,2021,12,29,1,0,0,0,0
358,1.0,8600,2017,3,2,0,0,0,0,1
374,1.0,8800,2017,3,9,0,0,0,0,1
104,1.0,10200,2017,3,17,0,0,0,0,1
84,1.0,12500,2017,3,18,0,0,0,0,1
169,1.0,8100,2017,4,3,0,0,0,0,1
14,1.0,7500,2017,4,6,0,0,0,0,1
90,1.0,8000,2017,4,10,0,0,0,0,1
84,1.0,6100,2017,4,29,0,0,0,0,1
158,1.0,13000,2017,6,30,0,0,0,0,1
183,1.0,5700,2017,7,5,0,0,0,0,1
70,1.0,6000,2017,7,28,0,0,0,0,1
220,1.0,8000,2017,8,21,0,0,0,0,1
328,1.0,7700,2017,8,22,0,0,0,0,1
458,1.0,7400,2017,8,23,0,0,0,0,1
224,1.0,7500,2017,8,24,0,0,0,0,1
71,1.0,9100,2017,8,25,0,0,0,0,1
317,1.0,9300,2017,8,30,0,0,0,0,1
212,1.0,16900,2017,10,9,0,0,0,0,1
144,1.0,10100,2017,10,10,0,0,0,0,1
35,1.0,5500,2017,10,20,0,0,0,0,1
103,1.0,6300,2017,10,23,0,0,0,0,1
409,1.0,12600,2017,11,17,0,0,0,0,1
260,1.0,7600,2017,11,18,0,0,0,0,1
115,1.0,8000,2017,11,22,0,0,0,0,1
181,1.0,8300,2017,11,24,0,0,0,0,1
127,1.0,8400,2017,11,25,0,0,0,0,1
294,1.0,9400,2017,12,4,0,0,0,0,1
845,1.0,8800,2017,12,16,0,0,0,0,1
254,1.0,7000,2017,12,18,0,0,0,0,1
147,1.0,8700,2017,12,19,0,0,0,0,1
210,1.0,11500,2017,12,26,0,0,0,0,1
67,1.0,11300,2017,12,27,0,0,0,0,1
333,1.0,10000,2017,12,29,0,0,0,0,1
30,1.0,8200,2017,12,30,0,0,0,0,1
437,1.0,7300,2018,1,2,0,0,0,0,1
35,1.0,8800,2018,1,3,0,0,0,0,1
118,1.0,8200,2018,1,4,0,0,0,0,1
275,1.0,5300,2018,1,5,0,0,0,0,1
565,1.0,9400,2018,1,6,0,0,0,0,1
60,1.0,6900,2018,1,9,0,0,0,0,1
51,1.0,6900,2018,1,11,0,0,0,0,1
36,1.0,4000,2018,1,12,0,0,0,0,1
58,1.0,9800,2018,1,13,0,0,0,0,1
44,1.0,6800,2018,1,15,0,0,0,0,1
49,1.0,5500,2018,1,17,0,0,0,0,1
72,1.0,9300,2018,1,18,0,0,0,0,1
89,1.0,6000,2018,1,19,0,0,0,0,1
88,1.0,6600,2018,1,20,0,0,0,0,1
80,1.0,6200,2018,1,23,0,0,0,0,1
49,1.0,6000,2018,1,24,0,0,0,0,1
133,1.0,6500,2018,1,25,0,0,0,0,1
71,1.0,7300,2018,1,26,0,0,0,0,1
87,1.0,7500,2018,1,27,0,0,0,0,1
88,1.0,7000,2018,1,30,0,0,0,0,1
67,1.0,7500,2018,1,31,0,0,0,0,1
87,1.0,7700,2018,2,1,0,0,0,0,1
166,1.0,7900,2018,2,3,0,0,0,0,1
36,1.0,5800,2018,2,6,0,0,0,0,1
523,1.0,4500,2018,2,24,0,0,0,0,1
31,1.0,5800,2018,3,1,0,0,0,0,1
284,1.0,6700,2018,3,17,0,0,0,0,1
320,1.0,8100,2018,6,9,0,0,0,0,1
284,1.0,12700,2018,7,10,0,0,0,0,1
195,1.0,13000,2018,8,30,0,0,0,0,1
132,1.0,23200,2018,9,21,0,0,0,0,1
15,1.0,19700,2018,9,27,0,0,0,0,1
95,1.0,10400,2018,9,29,0,0,0,0,1
171,1.0,16900,2018,11,5,0,0,0,0,1
326,1.0,20200,2018,11,21,0,0,0,0,1
154,1.0,13200,2018,11,24,0,0,0,0,1
143,1.0,12300,2018,12,12,0,0,0,0,1
200,1.0,3200,2019,4,15,0,0,0,0,1
333,1.0,3100,2019,4,16,0,0,0,0,1
125,1.0,7100,2019,9,7,0,0,0,0,1
30,1.0,15000,2019,9,10,0,0,0,0,1
28,1.0,15800,2019,11,15,0,0,0,0,1
102,1.0,16300,2019,11,22,0,0,0,0,1
376,1.0,4500,2019,12,7,0,0,0,0,1
188,1.0,6600,2019,12,10,0,0,0,0,1
1208,1.0,8000,2019,12,12,0,0,0,0,1
608,1.0,8900,2019,12,14,0,0,0,0,1
515,1.0,6800,2019,12,16,0,0,0,0,1
237,1.0,9100,2019,12,17,0,0,0,0,1
472,1.0,3400,2019,12,24,0,0,0,0,1
62,1.0,3000,2020,1,18,0,0,0,0,1
658,1.0,5600,2020,2,8,0,0,0,0,1
69,1.0,11900,2020,2,13,0,0,0,0,1
291,1.0,7600,2020,3,13,0,0,0,0,1
167,1.0,11800,2020,7,10,0,0,0,0,1
170,1.0,13000,2020,7,24,0,0,0,0,1
143,1.0,12500,2020,7,27,0,0,0,0,1
409,1.0,8700,2020,8,11,0,0,0,0,1
42,1.0,13500,2020,10,5,0,0,0,0,1
421,1.0,9500,2020,11,21,0,0,0,0,1
195,1.0,19300,2020,12,24,0,0,0,0,1
190,1.0,20000,2020,12,25,0,0,0,0,1
272,1.0,13800,2020,12,29,0,0,0,0,1
151,1.0,16400,2021,4,2,0,0,0,0,1
358,1.0,14400,2021,9,20,0,0,0,0,1
61,1.0,21100,2021,9,24,0,0,0,0,1
134,1.0,15100,2021,10,15,0,0,0,0,1
31,1.0,24200,2021,11,4,0,0,0,0,1
212,1.0,10800,2021,11,25,0,0,0,0,1
