수량,중량,평균가,yyyy,mm,dd,산지_군산,산지_보령,산지_여수,규격_10미,규격_대,규격_중
11,10.0,30000,2017,1,17,1,0,0,1,0,0
18,10.0,20000,2017,1,19,1,0,0,1,0,0
13,10.0,20000,2017,1,20,1,0,0,1,0,0
14,10.0,20000,2017,1,21,1,0,0,1,0,0
18,10.0,20000,2017,1,23,1,0,0,1,0,0
17,10.0,20000,2017,1,24,1,0,0,1,0,0
19,10.0,20000,2017,1,25,1,0,0,1,0,0
15,10.0,20000,2017,1,26,1,0,0,1,0,0
14,10.0,20000,2017,1,27,1,0,0,1,0,0
16,10.0,32900,2017,2,2,1,0,0,1,0,0
7,10.0,32000,2017,2,3,1,0,0,1,0,0
13,10.0,20000,2017,2,7,1,0,0,1,0,0
14,10.0,20000,2017,2,8,1,0,0,1,0,0
12,10.0,32400,2017,2,24,1,0,0,1,0,0
15,10.0,31100,2017,2,28,1,0,0,1,0,0
15,10.0,31000,2017,3,1,1,0,0,1,0,0
13,10.0,31000,2017,3,2,1,0,0,1,0,0
5,10.0,30000,2017,3,4,1,0,0,1,0,0
10,10.0,42500,2017,3,8,1,0,0,1,0,0
11,10.0,31000,2017,3,10,1,0,0,1,0,0
10,10.0,33100,2017,3,11,1,0,0,1,0,0
10,10.0,32200,2017,3,13,1,0,0,1,0,0
7,10.0,35000,2017,3,17,1,0,0,1,0,0
30,10.0,31500,2017,3,18,1,0,0,1,0,0
18,10.0,33100,2017,3,20,1,0,0,1,0,0
5,10.0,32200,2017,3,28,1,0,0,1,0,0
5,10.0,6700,2017,4,1,1,0,0,1,0,0
20,10.0,27300,2017,4,5,1,0,0,1,0,0
19,10.0,31500,2017,4,6,1,0,0,1,0,0
23,10.0,32800,2017,4,7,1,0,0,1,0,0
14,10.0,35000,2017,4,19,1,0,0,1,0,0
6,10.0,38100,2017,5,29,1,0,0,1,0,0
14,10.0,41500,2017,5,30,1,0,0,1,0,0
25,10.0,25800,2017,6,1,1,0,0,1,0,0
5,10.0,25600,2017,6,6,1,0,0,1,0,0
7,10.0,25500,2017,6,7,1,0,0,1,0,0
7,10.0,43700,2017,6,10,1,0,0,1,0,0
26,10.0,35100,2017,6,12,1,0,0,1,0,0
8,10.0,36300,2017,6,13,1,0,0,1,0,0
2,10.0,34000,2017,6,14,1,0,0,1,0,0
7,10.0,40000,2017,6,17,1,0,0,1,0,0
8,10.0,35000,2017,6,19,1,0,0,1,0,0
6,10.0,35000,2017,6,20,1,0,0,1,0,0
24,10.0,37700,2017,6,22,1,0,0,1,0,0
21,10.0,36400,2017,6,23,1,0,0,1,0,0
17,10.0,40200,2017,6,26,1,0,0,1,0,0
17,10.0,36000,2017,6,27,1,0,0,1,0,0
20,10.0,34500,2017,6,30,1,0,0,1,0,0
5,10.0,38200,2017,7,4,1,0,0,1,0,0
9,10.0,35200,2017,7,5,1,0,0,1,0,0
28,10.0,35400,2017,7,6,1,0,0,1,0,0
20,10.0,36300,2017,7,7,1,0,0,1,0,0
18,10.0,34300,2017,7,8,1,0,0,1,0,0
25,10.0,35400,2017,7,10,1,0,0,1,0,0
14,10.0,38600,2017,7,11,1,0,0,1,0,0
14,10.0,38100,2017,7,17,1,0,0,1,0,0
25,10.0,40200,2017,7,19,1,0,0,1,0,0
16,10.0,34400,2017,7,21,1,0,0,1,0,0
9,10.0,35700,2017,7,22,1,0,0,1,0,0
10,10.0,36300,2017,7,25,1,0,0,1,0,0
33,10.0,37300,2017,7,28,1,0,0,1,0,0
19,10.0,34700,2017,7,31,1,0,0,1,0,0
27,10.0,33400,2017,8,2,1,0,0,1,0,0
9,10.0,34500,2017,8,18,1,0,0,1,0,0
21,10.0,15000,2017,11,1,1,0,0,1,0,0
23,10.0,15000,2017,11,2,1,0,0,1,0,0
25,10.0,25000,2017,11,3,1,0,0,1,0,0
5,10.0,28000,2017,11,30,1,0,0,1,0,0
14,10.0,10700,2017,12,1,1,0,0,1,0,0
15,10.0,42000,2018,1,24,1,0,0,1,0,0
12,10.0,31600,2018,1,25,1,0,0,1,0,0
11,10.0,30000,2018,1,27,1,0,0,1,0,0
3,10.0,30000,2018,1,29,1,0,0,1,0,0
10,10.0,30000,2018,1,31,1,0,0,1,0,0
12,10.0,29000,2018,2,1,1,0,0,1,0,0
5,10.0,30000,2018,2,2,1,0,0,1,0,0
10,10.0,31500,2018,2,5,1,0,0,1,0,0
12,10.0,30000,2018,2,10,1,0,0,1,0,0
25,10.0,28100,2018,2,13,1,0,0,1,0,0
26,10.0,29800,2018,2,14,1,0,0,1,0,0
22,10.0,30000,2018,2,20,1,0,0,1,0,0
7,10.0,29500,2018,2,21,1,0,0,1,0,0
14,10.0,25000,2018,2,22,1,0,0,1,0,0
23,10.0,25800,2018,2,23,1,0,0,1,0,0
24,10.0,24200,2018,2,24,1,0,0,1,0,0
30,10.0,27000,2018,2,26,1,0,0,1,0,0
18,10.0,23100,2018,2,27,1,0,0,1,0,0
6,10.0,23000,2018,2,28,1,0,0,1,0,0
48,10.0,28600,2018,3,1,1,0,0,1,0,0
19,10.0,23000,2018,3,2,1,0,0,1,0,0
24,10.0,23800,2018,3,3,1,0,0,1,0,0
46,10.0,30000,2018,3,19,1,0,0,1,0,0
37,5.0,30000,2018,3,20,1,0,0,1,0,0
54,5.0,30000,2018,3,26,1,0,0,1,0,0
58,10.0,30000,2018,4,6,1,0,0,1,0,0
61,10.0,30000,2018,4,13,1,0,0,1,0,0
5,10.0,26000,2018,4,27,1,0,0,1,0,0
4,10.0,35000,2018,5,14,1,0,0,1,0,0
18,10.0,31100,2018,6,12,1,0,0,1,0,0
2,10.0,24500,2018,6,19,1,0,0,1,0,0
10,10.0,32200,2018,6,27,1,0,0,1,0,0
12,10.0,28000,2018,9,13,1,0,0,1,0,0
15,10.0,27000,2018,9,14,1,0,0,1,0,0
12,10.0,32000,2018,9,17,1,0,0,1,0,0
12,10.0,27100,2018,9,18,1,0,0,1,0,0
14,10.0,28100,2018,9,19,1,0,0,1,0,0
3,10.0,13300,2018,10,3,1,0,0,1,0,0
8,10.0,33200,2018,10,24,1,0,0,1,0,0
35,10.0,22600,2018,10,25,1,0,0,1,0,0
10,10.0,22900,2018,10,27,1,0,0,1,0,0
31,10.0,17900,2018,10,29,1,0,0,1,0,0
3,10.0,27700,2018,11,2,1,0,0,1,0,0
2,10.0,26000,2018,11,3,1,0,0,1,0,0
16,10.0,26800,2018,11,5,1,0,0,1,0,0
41,10.0,21700,2018,11,7,1,0,0,1,0,0
1,10.0,25500,2018,11,8,1,0,0,1,0,0
5,10.0,25300,2018,11,9,1,0,0,1,0,0
17,10.0,23100,2018,11,15,1,0,0,1,0,0
33,10.0,25800,2018,11,16,1,0,0,1,0,0
28,10.0,23500,2018,11,17,1,0,0,1,0,0
13,10.0,21800,2018,11,19,1,0,0,1,0,0
5,10.0,25300,2018,11,20,1,0,0,1,0,0
7,10.0,23000,2018,11,21,1,0,0,1,0,0
8,10.0,26100,2018,11,22,1,0,0,1,0,0
10,10.0,15500,2018,11,23,1,0,0,1,0,0
13,10.0,28300,2018,11,24,1,0,0,1,0,0
13,10.0,24700,2018,11,26,1,0,0,1,0,0
34,10.0,23300,2018,11,27,1,0,0,1,0,0
15,10.0,26000,2018,11,28,1,0,0,1,0,0
29,10.0,22200,2018,11,29,1,0,0,1,0,0
22,10.0,24400,2018,12,1,1,0,0,1,0,0
16,10.0,22800,2018,12,3,1,0,0,1,0,0
17,10.0,23500,2018,12,4,1,0,0,1,0,0
11,10.0,21300,2018,12,5,1,0,0,1,0,0
16,10.0,25900,2018,12,8,1,0,0,1,0,0
20,10.0,20000,2018,12,10,1,0,0,1,0,0
35,10.0,27400,2018,12,11,1,0,0,1,0,0
12,10.0,22800,2018,12,12,1,0,0,1,0,0
10,10.0,22300,2018,12,13,1,0,0,1,0,0
22,10.0,24400,2018,12,14,1,0,0,1,0,0
28,10.0,24200,2018,12,15,1,0,0,1,0,0
20,10.0,24800,2018,12,17,1,0,0,1,0,0
14,10.0,24400,2018,12,18,1,0,0,1,0,0
37,10.0,22000,2018,12,19,1,0,0,1,0,0
20,10.0,25000,2018,12,20,1,0,0,1,0,0
15,10.0,23500,2018,12,21,1,0,0,1,0,0
25,10.0,24500,2018,12,22,1,0,0,1,0,0
24,10.0,24100,2018,12,24,1,0,0,1,0,0
21,10.0,23800,2018,12,25,1,0,0,1,0,0
27,10.0,23700,2018,12,26,1,0,0,1,0,0
26,10.0,23600,2018,12,27,1,0,0,1,0,0
15,10.0,22500,2018,12,28,1,0,0,1,0,0
24,10.0,24100,2018,12,31,1,0,0,1,0,0
25,10.0,24700,2019,1,3,1,0,0,1,0,0
36,10.0,24200,2019,1,4,1,0,0,1,0,0
10,10.0,26000,2019,1,5,1,0,0,1,0,0
40,10.0,24400,2019,1,7,1,0,0,1,0,0
20,10.0,22800,2019,1,8,1,0,0,1,0,0
20,10.0,21700,2019,1,9,1,0,0,1,0,0
15,10.0,21300,2019,1,10,1,0,0,1,0,0
5,10.0,24300,2019,1,12,1,0,0,1,0,0
19,10.0,23700,2019,1,14,1,0,0,1,0,0
10,10.0,23000,2019,1,15,1,0,0,1,0,0
10,10.0,24200,2019,1,16,1,0,0,1,0,0
19,10.0,23100,2019,1,17,1,0,0,1,0,0
22,10.0,22900,2019,1,18,1,0,0,1,0,0
18,10.0,20300,2019,1,19,1,0,0,1,0,0
24,10.0,21800,2019,1,21,1,0,0,1,0,0
24,10.0,21000,2019,1,22,1,0,0,1,0,0
11,10.0,22000,2019,1,23,1,0,0,1,0,0
21,10.0,21200,2019,1,24,1,0,0,1,0,0
8,10.0,21000,2019,1,25,1,0,0,1,0,0
18,10.0,22700,2019,1,26,1,0,0,1,0,0
21,10.0,24100,2019,1,28,1,0,0,1,0,0
1,10.0,18500,2019,1,29,1,0,0,1,0,0
5,10.0,25200,2019,1,30,1,0,0,1,0,0
12,10.0,27600,2019,1,31,1,0,0,1,0,0
25,10.0,29600,2019,2,1,1,0,0,1,0,0
32,10.0,30600,2019,2,2,1,0,0,1,0,0
30,10.0,24300,2019,2,3,1,0,0,1,0,0
17,10.0,26400,2019,2,8,1,0,0,1,0,0
29,10.0,24800,2019,2,9,1,0,0,1,0,0
52,10.0,25300,2019,2,11,1,0,0,1,0,0
29,10.0,22400,2019,2,12,1,0,0,1,0,0
8,10.0,24000,2019,2,13,1,0,0,1,0,0
8,10.0,18500,2019,2,14,1,0,0,1,0,0
5,10.0,24000,2019,2,15,1,0,0,1,0,0
31,10.0,23100,2019,2,16,1,0,0,1,0,0
24,10.0,22500,2019,2,18,1,0,0,1,0,0
34,10.0,21200,2019,2,19,1,0,0,1,0,0
16,10.0,24000,2019,2,20,1,0,0,1,0,0
19,10.0,25000,2019,2,21,1,0,0,1,0,0
14,10.0,26000,2019,2,22,1,0,0,1,0,0
22,10.0,26600,2019,2,23,1,0,0,1,0,0
24,10.0,24500,2019,2,25,1,0,0,1,0,0
16,10.0,25100,2019,2,26,1,0,0,1,0,0
22,10.0,24500,2019,2,27,1,0,0,1,0,0
8,10.0,25900,2019,2,28,1,0,0,1,0,0
8,10.0,27900,2019,3,2,1,0,0,1,0,0
16,10.0,25400,2019,3,4,1,0,0,1,0,0
20,10.0,26100,2019,3,5,1,0,0,1,0,0
3,10.0,25000,2019,3,6,1,0,0,1,0,0
4,10.0,23700,2019,3,8,1,0,0,1,0,0
4,10.0,33000,2019,3,9,1,0,0,1,0,0
26,10.0,29700,2019,3,11,1,0,0,1,0,0
11,10.0,29400,2019,3,12,1,0,0,1,0,0
48,10.0,26400,2019,3,13,1,0,0,1,0,0
25,10.0,26200,2019,3,14,1,0,0,1,0,0
97,10.0,24100,2019,3,15,1,0,0,1,0,0
23,10.0,23300,2019,3,16,1,0,0,1,0,0
8,10.0,27800,2019,3,18,1,0,0,1,0,0
8,10.0,27500,2019,3,20,1,0,0,1,0,0
14,10.0,24900,2019,3,21,1,0,0,1,0,0
19,10.0,26300,2019,3,22,1,0,0,1,0,0
14,10.0,27100,2019,3,23,1,0,0,1,0,0
26,10.0,25200,2019,3,25,1,0,0,1,0,0
10,10.0,26500,2019,3,26,1,0,0,1,0,0
19,10.0,26100,2019,3,27,1,0,0,1,0,0
38,10.0,25000,2019,3,28,1,0,0,1,0,0
27,10.0,24900,2019,3,29,1,0,0,1,0,0
6,5.0,21700,2019,3,30,1,0,0,1,0,0
35,10.0,23400,2019,3,30,1,0,0,1,0,0
30,10.0,24000,2019,4,1,1,0,0,1,0,0
19,10.0,24600,2019,4,2,1,0,0,1,0,0
20,10.0,24200,2019,4,3,1,0,0,1,0,0
17,10.0,24600,2019,4,4,1,0,0,1,0,0
21,10.0,22300,2019,4,5,1,0,0,1,0,0
2,10.0,29200,2019,4,6,1,0,0,1,0,0
9,10.0,27900,2019,4,8,1,0,0,1,0,0
32,10.0,24200,2019,4,9,1,0,0,1,0,0
23,10.0,21500,2019,4,10,1,0,0,1,0,0
11,10.0,24500,2019,4,11,1,0,0,1,0,0
18,10.0,26000,2019,4,12,1,0,0,1,0,0
12,10.0,23200,2019,4,13,1,0,0,1,0,0
17,10.0,27100,2019,4,15,1,0,0,1,0,0
21,10.0,26500,2019,4,16,1,0,0,1,0,0
20,10.0,25300,2019,4,17,1,0,0,1,0,0
10,10.0,24000,2019,4,18,1,0,0,1,0,0
30,10.0,20700,2019,4,19,1,0,0,1,0,0
9,10.0,24800,2019,4,20,1,0,0,1,0,0
31,10.0,22600,2019,4,22,1,0,0,1,0,0
20,10.0,28300,2019,4,23,1,0,0,1,0,0
37,10.0,26700,2019,4,24,1,0,0,1,0,0
53,10.0,23500,2019,4,25,1,0,0,1,0,0
33,10.0,24700,2019,4,26,1,0,0,1,0,0
17,10.0,27500,2019,4,27,1,0,0,1,0,0
32,10.0,25100,2019,4,29,1,0,0,1,0,0
14,10.0,26600,2019,4,30,1,0,0,1,0,0
25,10.0,26700,2019,5,1,1,0,0,1,0,0
25,10.0,27000,2019,5,2,1,0,0,1,0,0
25,10.0,25800,2019,5,3,1,0,0,1,0,0
22,10.0,27200,2019,5,4,1,0,0,1,0,0
22,10.0,26200,2019,5,6,1,0,0,1,0,0
28,10.0,25400,2019,5,7,1,0,0,1,0,0
28,10.0,24100,2019,5,8,1,0,0,1,0,0
17,10.0,24900,2019,5,9,1,0,0,1,0,0
17,10.0,23800,2019,5,10,1,0,0,1,0,0
18,10.0,24300,2019,5,11,1,0,0,1,0,0
11,10.0,28000,2019,5,13,1,0,0,1,0,0
18,10.0,26700,2019,5,14,1,0,0,1,0,0
39,10.0,24700,2019,5,15,1,0,0,1,0,0
25,10.0,25200,2019,5,16,1,0,0,1,0,0
26,10.0,26000,2019,5,17,1,0,0,1,0,0
22,10.0,23900,2019,5,18,1,0,0,1,0,0
25,10.0,24700,2019,5,20,1,0,0,1,0,0
28,10.0,24900,2019,5,21,1,0,0,1,0,0
16,10.0,25400,2019,5,22,1,0,0,1,0,0
19,10.0,24800,2019,5,23,1,0,0,1,0,0
13,10.0,26200,2019,5,24,1,0,0,1,0,0
14,10.0,27600,2019,5,25,1,0,0,1,0,0
17,10.0,26200,2019,5,27,1,0,0,1,0,0
6,10.0,28000,2019,5,28,1,0,0,1,0,0
15,10.0,26100,2019,5,29,1,0,0,1,0,0
21,10.0,25600,2019,5,30,1,0,0,1,0,0
17,10.0,28100,2019,5,31,1,0,0,1,0,0
22,10.0,28300,2019,6,1,1,0,0,1,0,0
19,10.0,25600,2019,6,3,1,0,0,1,0,0
28,10.0,25500,2019,6,4,1,0,0,1,0,0
21,10.0,23900,2019,6,5,1,0,0,1,0,0
18,10.0,24400,2019,6,6,1,0,0,1,0,0
18,10.0,24300,2019,6,7,1,0,0,1,0,0
15,10.0,25200,2019,6,8,1,0,0,1,0,0
36,10.0,25400,2019,6,10,1,0,0,1,0,0
36,10.0,22400,2019,6,11,1,0,0,1,0,0
14,10.0,26000,2019,6,12,1,0,0,1,0,0
32,10.0,19700,2019,6,13,1,0,0,1,0,0
21,10.0,17600,2019,6,14,1,0,0,1,0,0
23,10.0,20000,2019,6,15,1,0,0,1,0,0
10,10.0,27400,2019,6,17,1,0,0,1,0,0
16,10.0,29400,2019,6,18,1,0,0,1,0,0
27,10.0,25400,2019,6,19,1,0,0,1,0,0
21,10.0,23600,2019,6,20,1,0,0,1,0,0
7,10.0,28900,2019,6,21,1,0,0,1,0,0
7,10.0,31600,2019,6,22,1,0,0,1,0,0
15,10.0,31900,2019,6,24,1,0,0,1,0,0
25,10.0,27700,2019,6,25,1,0,0,1,0,0
20,10.0,27000,2019,6,26,1,0,0,1,0,0
21,10.0,28000,2019,6,27,1,0,0,1,0,0
19,10.0,27100,2019,6,28,1,0,0,1,0,0
18,10.0,27400,2019,6,29,1,0,0,1,0,0
18,10.0,27500,2019,7,1,1,0,0,1,0,0
17,10.0,27400,2019,7,2,1,0,0,1,0,0
28,10.0,26000,2019,7,3,1,0,0,1,0,0
12,12.0,26000,2019,7,3,1,0,0,1,0,0
5,10.0,27000,2019,7,4,1,0,0,1,0,0
16,10.0,26200,2019,7,5,1,0,0,1,0,0
9,10.0,25000,2019,7,6,1,0,0,1,0,0
11,10.0,28500,2019,7,8,1,0,0,1,0,0
33,10.0,21900,2019,7,9,1,0,0,1,0,0
16,10.0,28400,2019,7,10,1,0,0,1,0,0
32,10.0,26600,2019,7,11,1,0,0,1,0,0
44,10.0,25900,2019,7,12,1,0,0,1,0,0
16,10.0,28200,2019,7,13,1,0,0,1,0,0
33,10.0,23500,2019,7,15,1,0,0,1,0,0
22,10.0,26500,2019,7,16,1,0,0,1,0,0
37,10.0,20100,2019,7,17,1,0,0,1,0,0
20,10.0,24500,2019,7,18,1,0,0,1,0,0
10,10.0,25700,2019,7,19,1,0,0,1,0,0
13,10.0,23400,2019,7,20,1,0,0,1,0,0
3,10.0,28000,2019,7,22,1,0,0,1,0,0
16,10.0,28700,2019,7,23,1,0,0,1,0,0
17,10.0,26700,2019,7,24,1,0,0,1,0,0
11,10.0,28100,2019,7,25,1,0,0,1,0,0
7,10.0,30900,2019,7,26,1,0,0,1,0,0
14,10.0,27300,2019,7,29,1,0,0,1,0,0
13,10.0,26800,2019,7,30,1,0,0,1,0,0
13,10.0,27000,2019,7,31,1,0,0,1,0,0
20,10.0,26300,2019,8,1,1,0,0,1,0,0
10,10.0,30200,2019,8,2,1,0,0,1,0,0
17,10.0,28200,2019,8,3,1,0,0,1,0,0
13,10.0,30500,2019,8,5,1,0,0,1,0,0
20,10.0,26900,2019,8,6,1,0,0,1,0,0
28,10.0,24400,2019,8,7,1,0,0,1,0,0
15,10.0,24200,2019,8,8,1,0,0,1,0,0
11,10.0,25800,2019,8,9,1,0,0,1,0,0
19,10.0,27300,2019,8,10,1,0,0,1,0,0
24,10.0,26400,2019,8,12,1,0,0,1,0,0
19,10.0,26600,2019,8,13,1,0,0,1,0,0
18,10.0,26600,2019,8,14,1,0,0,1,0,0
21,10.0,26800,2019,8,15,1,0,0,1,0,0
8,10.0,24600,2019,8,16,1,0,0,1,0,0
12,12.0,25400,2019,8,16,1,0,0,1,0,0
12,10.0,29800,2019,8,17,1,0,0,1,0,0
22,10.0,26900,2019,8,20,1,0,0,1,0,0
17,10.0,23500,2019,8,21,1,0,0,1,0,0
15,10.0,24700,2019,8,22,1,0,0,1,0,0
5,10.0,24800,2019,8,23,1,0,0,1,0,0
8,10.0,26300,2019,8,24,1,0,0,1,0,0
12,10.0,27200,2019,8,26,1,0,0,1,0,0
14,10.0,27600,2019,8,27,1,0,0,1,0,0
7,10.0,27900,2019,8,28,1,0,0,1,0,0
16,10.0,27700,2019,8,29,1,0,0,1,0,0
17,10.0,27300,2019,8,30,1,0,0,1,0,0
23,10.0,26500,2019,8,31,1,0,0,1,0,0
17,10.0,26200,2019,9,2,1,0,0,1,0,0
18,10.0,23400,2019,9,3,1,0,0,1,0,0
25,10.0,24700,2019,9,4,1,0,0,1,0,0
17,10.0,25700,2019,9,5,1,0,0,1,0,0
1,10.0,25000,2019,9,6,1,0,0,1,0,0
17,10.0,25800,2019,9,7,1,0,0,1,0,0
15,10.0,27000,2019,9,9,1,0,0,1,0,0
25,10.0,27500,2019,9,10,1,0,0,1,0,0
19,10.0,28800,2019,9,11,1,0,0,1,0,0
19,10.0,29900,2019,9,16,1,0,0,1,0,0
19,10.0,25100,2019,9,17,1,0,0,1,0,0
7,10.0,29100,2019,9,18,1,0,0,1,0,0
22,10.0,27600,2019,9,19,1,0,0,1,0,0
10,5.0,27200,2019,9,20,1,0,0,1,0,0
6,10.0,26000,2019,9,20,1,0,0,1,0,0
23,10.0,24900,2019,9,21,1,0,0,1,0,0
17,10.0,27700,2019,9,23,1,0,0,1,0,0
26,10.0,27000,2019,9,24,1,0,0,1,0,0
31,10.0,22800,2019,9,25,1,0,0,1,0,0
16,10.0,23000,2019,9,26,1,0,0,1,0,0
15,10.0,23900,2019,9,27,1,0,0,1,0,0
5,10.0,27500,2019,9,28,1,0,0,1,0,0
13,10.0,25900,2019,9,30,1,0,0,1,0,0
9,10.0,29600,2019,10,1,1,0,0,1,0,0
13,10.0,27600,2019,10,2,1,0,0,1,0,0
16,10.0,26100,2019,10,3,1,0,0,1,0,0
19,10.0,24700,2019,10,4,1,0,0,1,0,0
18,10.0,25600,2019,10,5,1,0,0,1,0,0
16,10.0,28900,2019,10,7,1,0,0,1,0,0
13,10.0,29600,2019,10,8,1,0,0,1,0,0
25,10.0,25500,2019,10,9,1,0,0,1,0,0
12,10.0,27000,2019,10,10,1,0,0,1,0,0
16,10.0,28600,2019,10,11,1,0,0,1,0,0
20,10.0,26100,2019,10,12,1,0,0,1,0,0
27,10.0,26300,2019,10,14,1,0,0,1,0,0
22,10.0,26300,2019,10,15,1,0,0,1,0,0
25,10.0,25400,2019,10,16,1,0,0,1,0,0
16,10.0,26000,2019,10,17,1,0,0,1,0,0
19,10.0,26200,2019,10,18,1,0,0,1,0,0
16,10.0,28300,2019,10,19,1,0,0,1,0,0
17,10.0,28600,2019,10,21,1,0,0,1,0,0
26,10.0,27300,2019,10,22,1,0,0,1,0,0
31,10.0,25100,2019,10,23,1,0,0,1,0,0
25,10.0,23300,2019,10,24,1,0,0,1,0,0
17,10.0,24000,2019,10,25,1,0,0,1,0,0
9,10.0,23400,2019,10,26,1,0,0,1,0,0
20,10.0,25600,2019,10,28,1,0,0,1,0,0
7,10.0,24400,2019,10,29,1,0,0,1,0,0
29,10.0,24000,2019,10,30,1,0,0,1,0,0
14,10.0,20900,2019,10,31,1,0,0,1,0,0
13,10.0,23500,2019,11,1,1,0,0,1,0,0
16,10.0,23800,2019,11,2,1,0,0,1,0,0
25,10.0,27300,2019,11,4,1,0,0,1,0,0
18,10.0,24700,2019,11,5,1,0,0,1,0,0
36,10.0,24300,2019,11,6,1,0,0,1,0,0
31,10.0,25900,2019,11,7,1,0,0,1,0,0
12,10.0,25300,2019,11,8,1,0,0,1,0,0
26,10.0,25000,2019,11,9,1,0,0,1,0,0
20,10.0,23600,2019,11,11,1,0,0,1,0,0
19,10.0,24300,2019,11,13,1,0,0,1,0,0
18,10.0,25300,2019,11,14,1,0,0,1,0,0
19,10.0,23100,2019,11,15,1,0,0,1,0,0
18,10.0,26500,2019,11,16,1,0,0,1,0,0
25,10.0,24500,2019,11,18,1,0,0,1,0,0
26,10.0,24000,2019,11,19,1,0,0,1,0,0
24,10.0,21400,2019,11,20,1,0,0,1,0,0
15,10.0,24100,2019,11,21,1,0,0,1,0,0
22,10.0,21500,2019,11,22,1,0,0,1,0,0
14,10.0,25900,2019,11,23,1,0,0,1,0,0
28,10.0,24000,2019,11,25,1,0,0,1,0,0
27,10.0,23800,2019,11,26,1,0,0,1,0,0
17,10.0,24600,2019,11,27,1,0,0,1,0,0
52,10.0,22700,2019,11,28,1,0,0,1,0,0
33,10.0,21800,2019,11,29,1,0,0,1,0,0
31,10.0,21800,2019,11,30,1,0,0,1,0,0
24,10.0,20800,2019,12,2,1,0,0,1,0,0
20,10.0,24700,2019,12,3,1,0,0,1,0,0
33,10.0,24300,2019,12,4,1,0,0,1,0,0
27,10.0,23400,2019,12,5,1,0,0,1,0,0
34,10.0,23100,2019,12,6,1,0,0,1,0,0
25,10.0,23600,2019,12,7,1,0,0,1,0,0
27,10.0,22600,2019,12,9,1,0,0,1,0,0
4,10.0,23000,2019,12,10,1,0,0,1,0,0
27,10.0,22400,2019,12,11,1,0,0,1,0,0
33,10.0,23400,2019,12,12,1,0,0,1,0,0
34,10.0,23200,2019,12,13,1,0,0,1,0,0
25,10.0,24800,2019,12,14,1,0,0,1,0,0
46,10.0,22400,2019,12,16,1,0,0,1,0,0
29,10.0,22000,2019,12,17,1,0,0,1,0,0
10,10.0,24800,2019,12,18,1,0,0,1,0,0
34,10.0,21900,2019,12,19,1,0,0,1,0,0
48,10.0,23300,2019,12,20,1,0,0,1,0,0
26,10.0,20400,2019,12,21,1,0,0,1,0,0
20,10.0,23400,2019,12,23,1,0,0,1,0,0
29,10.0,22200,2019,12,24,1,0,0,1,0,0
42,10.0,20700,2019,12,25,1,0,0,1,0,0
30,10.0,22200,2019,12,26,1,0,0,1,0,0
37,10.0,20800,2019,12,27,1,0,0,1,0,0
30,10.0,19400,2019,12,28,1,0,0,1,0,0
35,10.0,22500,2019,12,30,1,0,0,1,0,0
46,10.0,18700,2019,12,31,1,0,0,1,0,0
15,10.0,27100,2020,1,2,1,0,0,1,0,0
33,10.0,24000,2020,1,3,1,0,0,1,0,0
37,10.0,22700,2020,1,4,1,0,0,1,0,0
43,10.0,21400,2020,1,6,1,0,0,1,0,0
42,10.0,23100,2020,1,7,1,0,0,1,0,0
49,10.0,21000,2020,1,8,1,0,0,1,0,0
32,10.0,20500,2020,1,9,1,0,0,1,0,0
40,10.0,22500,2020,1,10,1,0,0,1,0,0
50,10.0,23500,2020,1,11,1,0,0,1,0,0
24,10.0,25100,2020,1,13,1,0,0,1,0,0
34,10.0,23800,2020,1,14,1,0,0,1,0,0
19,10.0,23600,2020,1,15,1,0,0,1,0,0
35,10.0,23300,2020,1,16,1,0,0,1,0,0
36,10.0,22900,2020,1,17,1,0,0,1,0,0
26,10.0,23200,2020,1,18,1,0,0,1,0,0
24,10.0,23500,2020,1,20,1,0,0,1,0,0
41,10.0,24000,2020,1,21,1,0,0,1,0,0
50,10.0,25300,2020,1,22,1,0,0,1,0,0
34,10.0,26300,2020,1,23,1,0,0,1,0,0
47,10.0,24300,2020,1,28,1,0,0,1,0,0
64,10.0,23900,2020,1,29,1,0,0,1,0,0
58,10.0,22900,2020,1,30,1,0,0,1,0,0
70,10.0,22000,2020,1,31,1,0,0,1,0,0
41,10.0,23900,2020,2,1,1,0,0,1,0,0
53,10.0,24000,2020,2,3,1,0,0,1,0,0
74,10.0,21000,2020,2,4,1,0,0,1,0,0
10,10.0,24000,2020,2,5,1,0,0,1,0,0
24,10.0,20600,2020,2,6,1,0,0,1,0,0
38,10.0,22200,2020,2,7,1,0,0,1,0,0
42,10.0,25100,2020,2,8,1,0,0,1,0,0
55,10.0,24200,2020,2,10,1,0,0,1,0,0
59,10.0,24800,2020,2,11,1,0,0,1,0,0
45,10.0,26000,2020,2,12,1,0,0,1,0,0
70,10.0,26000,2020,2,13,1,0,0,1,0,0
69,10.0,25500,2020,2,14,1,0,0,1,0,0
68,10.0,23200,2020,2,15,1,0,0,1,0,0
86,10.0,23100,2020,2,17,1,0,0,1,0,0
38,10.0,21400,2020,2,18,1,0,0,1,0,0
55,10.0,23100,2020,2,19,1,0,0,1,0,0
40,10.0,22600,2020,2,20,1,0,0,1,0,0
39,10.0,26200,2020,2,21,1,0,0,1,0,0
50,10.0,26900,2020,2,22,1,0,0,1,0,0
37,10.0,25700,2020,2,24,1,0,0,1,0,0
82,10.0,23700,2020,2,25,1,0,0,1,0,0
25,5.0,23100,2020,2,26,1,0,0,1,0,0
57,10.0,23100,2020,2,26,1,0,0,1,0,0
49,10.0,22700,2020,2,27,1,0,0,1,0,0
25,5.0,21800,2020,2,28,1,0,0,1,0,0
23,10.0,24100,2020,2,28,1,0,0,1,0,0
25,5.0,22700,2020,2,29,1,0,0,1,0,0
35,10.0,23800,2020,2,29,1,0,0,1,0,0
63,10.0,24600,2020,3,2,1,0,0,1,0,0
70,10.0,22200,2020,3,3,1,0,0,1,0,0
61,10.0,20800,2020,3,4,1,0,0,1,0,0
30,10.0,23700,2020,3,5,1,0,0,1,0,0
21,10.0,26100,2020,3,6,1,0,0,1,0,0
46,10.0,24900,2020,3,7,1,0,0,1,0,0
48,10.0,27900,2020,3,9,1,0,0,1,0,0
48,10.0,29900,2020,3,10,1,0,0,1,0,0
48,10.0,25500,2020,3,11,1,0,0,1,0,0
35,10.0,24900,2020,3,12,1,0,0,1,0,0
44,10.0,25000,2020,3,13,1,0,0,1,0,0
64,10.0,25700,2020,3,14,1,0,0,1,0,0
58,10.0,29100,2020,3,16,1,0,0,1,0,0
76,10.0,22900,2020,3,17,1,0,0,1,0,0
73,10.0,24100,2020,3,18,1,0,0,1,0,0
48,10.0,24000,2020,3,19,1,0,0,1,0,0
47,10.0,21700,2020,3,20,1,0,0,1,0,0
48,10.0,25600,2020,3,21,1,0,0,1,0,0
60,10.0,24700,2020,3,23,1,0,0,1,0,0
44,10.0,24400,2020,3,24,1,0,0,1,0,0
58,10.0,23400,2020,3,25,1,0,0,1,0,0
45,10.0,23600,2020,3,26,1,0,0,1,0,0
21,10.0,26800,2020,3,27,1,0,0,1,0,0
30,10.0,24800,2020,3,28,1,0,0,1,0,0
56,10.0,24200,2020,3,30,1,0,0,1,0,0
37,10.0,25600,2020,3,31,1,0,0,1,0,0
56,10.0,24200,2020,4,1,1,0,0,1,0,0
30,10.0,26200,2020,4,2,1,0,0,1,0,0
70,10.0,24700,2020,4,3,1,0,0,1,0,0
25,10.0,28500,2020,4,4,1,0,0,1,0,0
9,10.0,29600,2020,4,6,1,0,0,1,0,0
14,10.0,30300,2020,4,7,1,0,0,1,0,0
14,10.0,30000,2020,4,8,1,0,0,1,0,0
38,10.0,29300,2020,4,9,1,0,0,1,0,0
28,10.0,27400,2020,4,10,1,0,0,1,0,0
19,10.0,29500,2020,4,11,1,0,0,1,0,0
14,10.0,34600,2020,4,14,1,0,0,1,0,0
58,10.0,31500,2020,4,15,1,0,0,1,0,0
47,10.0,27900,2020,4,16,1,0,0,1,0,0
16,10.0,32700,2020,4,18,1,0,0,1,0,0
16,5.0,32200,2020,4,20,1,0,0,1,0,0
9,10.0,36200,2020,4,20,1,0,0,1,0,0
54,10.0,28500,2020,4,21,1,0,0,1,0,0
41,10.0,30600,2020,4,22,1,0,0,1,0,0
39,10.0,28100,2020,4,23,1,0,0,1,0,0
33,10.0,27800,2020,4,24,1,0,0,1,0,0
21,10.0,30100,2020,4,25,1,0,0,1,0,0
25,10.0,28900,2020,4,27,1,0,0,1,0,0
34,10.0,29400,2020,4,28,1,0,0,1,0,0
34,10.0,30200,2020,4,29,1,0,0,1,0,0
57,10.0,27500,2020,4,30,1,0,0,1,0,0
30,10.0,31800,2020,5,1,1,0,0,1,0,0
66,10.0,25700,2020,5,4,1,0,0,1,0,0
5,10.0,31500,2020,5,5,1,0,0,1,0,0
35,10.0,27700,2020,5,6,1,0,0,1,0,0
93,10.0,22600,2020,5,7,1,0,0,1,0,0
35,10.0,25500,2020,5,8,1,0,0,1,0,0
44,10.0,27200,2020,5,9,1,0,0,1,0,0
63,10.0,25300,2020,5,11,1,0,0,1,0,0
41,10.0,25500,2020,5,12,1,0,0,1,0,0
47,10.0,25600,2020,5,13,1,0,0,1,0,0
32,10.0,26500,2020,5,14,1,0,0,1,0,0
28,10.0,24400,2020,5,15,1,0,0,1,0,0
14,10.0,25100,2020,5,16,1,0,0,1,0,0
51,10.0,28200,2020,5,18,1,0,0,1,0,0
43,10.0,24300,2020,5,19,1,0,0,1,0,0
42,10.0,26600,2020,5,20,1,0,0,1,0,0
30,10.0,27500,2020,5,21,1,0,0,1,0,0
45,10.0,26500,2020,5,22,1,0,0,1,0,0
22,10.0,30100,2020,5,23,1,0,0,1,0,0
35,10.0,29600,2020,5,25,1,0,0,1,0,0
56,10.0,26000,2020,5,26,1,0,0,1,0,0
43,10.0,24600,2020,5,27,1,0,0,1,0,0
52,10.0,23600,2020,5,28,1,0,0,1,0,0
26,10.0,26500,2020,5,29,1,0,0,1,0,0
18,10.0,24600,2020,5,30,1,0,0,1,0,0
17,10.0,26300,2020,6,1,1,0,0,1,0,0
52,10.0,22200,2020,6,2,1,0,0,1,0,0
5,10.0,27300,2020,6,3,1,0,0,1,0,0
1,10.0,28000,2020,6,5,1,0,0,1,0,0
5,10.0,28300,2020,6,6,1,0,0,1,0,0
24,10.0,23300,2020,6,9,1,0,0,1,0,0
5,10.0,23000,2020,6,10,1,0,0,1,0,0
12,10.0,29900,2020,6,11,1,0,0,1,0,0
31,10.0,24400,2020,6,12,1,0,0,1,0,0
10,10.0,32500,2020,6,13,1,0,0,1,0,0
20,10.0,27500,2020,6,15,1,0,0,1,0,0
26,10.0,24400,2020,6,16,1,0,0,1,0,0
25,10.0,24300,2020,6,17,1,0,0,1,0,0
16,10.0,23000,2020,6,18,1,0,0,1,0,0
25,10.0,23800,2020,6,19,1,0,0,1,0,0
12,10.0,30600,2020,6,20,1,0,0,1,0,0
43,10.0,27500,2020,6,22,1,0,0,1,0,0
22,10.0,32000,2020,6,23,1,0,0,1,0,0
42,10.0,28400,2020,6,24,1,0,0,1,0,0
11,10.0,7000,2020,6,25,1,0,0,1,0,0
21,10.0,29700,2020,6,26,1,0,0,1,0,0
21,10.0,40300,2020,6,27,1,0,0,1,0,0
12,10.0,35500,2020,6,29,1,0,0,1,0,0
26,10.0,37600,2020,6,30,1,0,0,1,0,0
28,10.0,34200,2020,7,1,1,0,0,1,0,0
28,10.0,38900,2020,7,2,1,0,0,1,0,0
9,10.0,30100,2020,7,3,1,0,0,1,0,0
10,10.0,31100,2020,7,4,1,0,0,1,0,0
10,10.0,38000,2020,7,6,1,0,0,1,0,0
1,10.0,34000,2020,7,7,1,0,0,1,0,0
10,10.0,36700,2020,7,8,1,0,0,1,0,0
8,10.0,41800,2020,7,11,1,0,0,1,0,0
20,10.0,42100,2020,7,13,1,0,0,1,0,0
3,10.0,44700,2020,7,14,1,0,0,1,0,0
8,10.0,43300,2020,7,15,1,0,0,1,0,0
10,10.0,44500,2020,7,16,1,0,0,1,0,0
8,10.0,45800,2020,7,17,1,0,0,1,0,0
15,10.0,48700,2020,7,18,1,0,0,1,0,0
10,10.0,42000,2020,7,20,1,0,0,1,0,0
14,10.0,48800,2020,7,21,1,0,0,1,0,0
20,10.0,49700,2020,7,22,1,0,0,1,0,0
24,10.0,43100,2020,7,23,1,0,0,1,0,0
26,10.0,50000,2020,7,24,1,0,0,1,0,0
8,10.0,51100,2020,7,27,1,0,0,1,0,0
22,10.0,42000,2020,7,28,1,0,0,1,0,0
16,10.0,46500,2020,7,29,1,0,0,1,0,0
18,10.0,46000,2020,7,30,1,0,0,1,0,0
20,10.0,48600,2020,7,31,1,0,0,1,0,0
12,10.0,51600,2020,8,1,1,0,0,1,0,0
13,10.0,48800,2020,8,5,1,0,0,1,0,0
12,10.0,48800,2020,8,7,1,0,0,1,0,0
11,10.0,52600,2020,8,10,1,0,0,1,0,0
13,10.0,49600,2020,8,11,1,0,0,1,0,0
11,10.0,46500,2020,8,12,1,0,0,1,0,0
10,10.0,52300,2020,8,14,1,0,0,1,0,0
15,10.0,51200,2020,8,20,1,0,0,1,0,0
18,10.0,45900,2020,8,21,1,0,0,1,0,0
16,10.0,39700,2020,8,22,1,0,0,1,0,0
18,10.0,43300,2020,8,24,1,0,0,1,0,0
16,10.0,39400,2020,8,25,1,0,0,1,0,0
20,10.0,30800,2020,8,26,1,0,0,1,0,0
10,1.0,33300,2020,8,27,1,0,0,1,0,0
10,10.0,34000,2020,8,29,1,0,0,1,0,0
11,10.0,41200,2020,8,31,1,0,0,1,0,0
10,10.0,41500,2020,9,1,1,0,0,1,0,0
17,10.0,33800,2020,9,2,1,0,0,1,0,0
13,10.0,36600,2020,9,3,1,0,0,1,0,0
8,10.0,39300,2020,9,4,1,0,0,1,0,0
17,10.0,40600,2020,9,5,1,0,0,1,0,0
17,10.0,41200,2020,9,7,1,0,0,1,0,0
19,10.0,40800,2020,9,8,1,0,0,1,0,0
13,10.0,39600,2020,9,9,1,0,0,1,0,0
15,10.0,30200,2020,9,10,1,0,0,1,0,0
15,10.0,30300,2020,9,11,1,0,0,1,0,0
14,10.0,31600,2020,9,12,1,0,0,1,0,0
12,10.0,33200,2020,9,14,1,0,0,1,0,0
16,10.0,29400,2020,9,15,1,0,0,1,0,0
16,10.0,26700,2020,9,16,1,0,0,1,0,0
5,10.0,31600,2020,9,17,1,0,0,1,0,0
11,10.0,35300,2020,9,18,1,0,0,1,0,0
15,10.0,30600,2020,9,19,1,0,0,1,0,0
7,10.0,32600,2020,9,21,1,0,0,1,0,0
6,10.0,33500,2020,9,22,1,0,0,1,0,0
10,10.0,35300,2020,9,23,1,0,0,1,0,0
5,10.0,38200,2020,9,24,1,0,0,1,0,0
10,10.0,40000,2020,9,25,1,0,0,1,0,0
11,10.0,37500,2020,9,26,1,0,0,1,0,0
13,10.0,32400,2020,10,5,1,0,0,1,0,0
19,10.0,36200,2020,10,6,1,0,0,1,0,0
20,10.0,32200,2020,10,7,1,0,0,1,0,0
19,10.0,34800,2020,10,9,1,0,0,1,0,0
13,10.0,33700,2020,10,10,1,0,0,1,0,0
18,10.0,32400,2020,10,12,1,0,0,1,0,0
22,10.0,23900,2020,10,13,1,0,0,1,0,0
8,10.0,33500,2020,10,14,1,0,0,1,0,0
10,10.0,32200,2020,10,15,1,0,0,1,0,0
7,10.0,34100,2020,10,16,1,0,0,1,0,0
10,10.0,34600,2020,10,17,1,0,0,1,0,0
27,10.0,29400,2020,10,19,1,0,0,1,0,0
24,10.0,24100,2020,10,20,1,0,0,1,0,0
14,10.0,31700,2020,10,21,1,0,0,1,0,0
28,10.0,27300,2020,10,22,1,0,0,1,0,0
26,10.0,25900,2020,10,23,1,0,0,1,0,0
18,10.0,25800,2020,10,24,1,0,0,1,0,0
18,10.0,27500,2020,10,26,1,0,0,1,0,0
1,10.0,32000,2020,10,29,1,0,0,1,0,0
10,10.0,30200,2020,10,30,1,0,0,1,0,0
8,10.0,33700,2020,10,31,1,0,0,1,0,0
8,10.0,31300,2020,11,2,1,0,0,1,0,0
10,10.0,31500,2020,11,3,1,0,0,1,0,0
11,10.0,33000,2020,11,4,1,0,0,1,0,0
14,10.0,30000,2020,11,5,1,0,0,1,0,0
12,10.0,28400,2020,11,6,1,0,0,1,0,0
9,10.0,27700,2020,11,7,1,0,0,1,0,0
2,10.0,30000,2020,11,9,1,0,0,1,0,0
22,10.0,28300,2020,11,10,1,0,0,1,0,0
10,10.0,32200,2020,11,11,1,0,0,1,0,0
6,10.0,29300,2020,11,12,1,0,0,1,0,0
12,10.0,28100,2020,11,13,1,0,0,1,0,0
11,10.0,27300,2020,11,14,1,0,0,1,0,0
8,10.0,28900,2020,11,16,1,0,0,1,0,0
5,10.0,31000,2020,11,17,1,0,0,1,0,0
2,10.0,28000,2020,11,18,1,0,0,1,0,0
6,10.0,33500,2020,11,19,1,0,0,1,0,0
11,10.0,33200,2020,11,20,1,0,0,1,0,0
15,10.0,26500,2020,11,21,1,0,0,1,0,0
12,10.0,26600,2020,11,23,1,0,0,1,0,0
10,10.0,29000,2020,11,24,1,0,0,1,0,0
5,10.0,29000,2020,11,25,1,0,0,1,0,0
19,10.0,27000,2020,11,26,1,0,0,1,0,0
9,10.0,25600,2020,11,27,1,0,0,1,0,0
8,10.0,27000,2020,11,28,1,0,0,1,0,0
3,10.0,32000,2020,11,30,1,0,0,1,0,0
10,10.0,29100,2020,12,1,1,0,0,1,0,0
10,10.0,27400,2020,12,2,1,0,0,1,0,0
7,10.0,27100,2020,12,3,1,0,0,1,0,0
24,10.0,25900,2020,12,4,1,0,0,1,0,0
5,10.0,30000,2020,12,5,1,0,0,1,0,0
8,10.0,28800,2020,12,7,1,0,0,1,0,0
22,10.0,27800,2020,12,8,1,0,0,1,0,0
5,10.0,25600,2020,12,9,1,0,0,1,0,0
5,10.0,23400,2020,12,10,1,0,0,1,0,0
4,10.0,28000,2020,12,11,1,0,0,1,0,0
3,10.0,26000,2020,12,12,1,0,0,1,0,0
5,10.0,28500,2020,12,14,1,0,0,1,0,0
4,10.0,30000,2020,12,15,1,0,0,1,0,0
17,10.0,28900,2020,12,16,1,0,0,1,0,0
20,10.0,28500,2020,12,17,1,0,0,1,0,0
15,10.0,29000,2020,12,18,1,0,0,1,0,0
18,10.0,29800,2020,12,19,1,0,0,1,0,0
5,10.0,26900,2020,12,21,1,0,0,1,0,0
5,10.0,26500,2020,12,22,1,0,0,1,0,0
4,10.0,27500,2020,12,23,1,0,0,1,0,0
5,10.0,28900,2020,12,24,1,0,0,1,0,0
10,10.0,26600,2020,12,25,1,0,0,1,0,0
6,10.0,26400,2020,12,26,1,0,0,1,0,0
8,10.0,27000,2020,12,28,1,0,0,1,0,0
10,10.0,27000,2020,12,29,1,0,0,1,0,0
8,10.0,27500,2020,12,30,1,0,0,1,0,0
9,10.0,28700,2020,12,31,1,0,0,1,0,0
7,1.0,29000,2021,1,2,1,0,0,1,0,0
10,10.0,28700,2021,1,4,1,0,0,1,0,0
2,10.0,29000,2021,1,5,1,0,0,1,0,0
10,10.0,25000,2021,1,7,1,0,0,1,0,0
2,10.0,25000,2021,1,8,1,0,0,1,0,0
5,10.0,30000,2021,1,11,1,0,0,1,0,0
10,10.0,26700,2021,1,12,1,0,0,1,0,0
2,10.0,31000,2021,1,13,1,0,0,1,0,0
10,10.0,26700,2021,1,14,1,0,0,1,0,0
10,10.0,26600,2021,1,15,1,0,0,1,0,0
7,10.0,29700,2021,1,16,1,0,0,1,0,0
10,10.0,28200,2021,1,18,1,0,0,1,0,0
10,10.0,27600,2021,1,19,1,0,0,1,0,0
10,10.0,26800,2021,1,20,1,0,0,1,0,0
10,10.0,28200,2021,1,21,1,0,0,1,0,0
7,10.0,28900,2021,1,22,1,0,0,1,0,0
2,10.0,33300,2021,1,23,1,0,0,1,0,0
15,10.0,26200,2021,1,25,1,0,0,1,0,0
12,10.0,26700,2021,1,26,1,0,0,1,0,0
5,10.0,27900,2021,1,27,1,0,0,1,0,0
12,10.0,26100,2021,1,28,1,0,0,1,0,0
9,10.0,27400,2021,1,29,1,0,0,1,0,0
10,10.0,26000,2021,1,30,1,0,0,1,0,0
8,10.0,27900,2021,2,1,1,0,0,1,0,0
4,10.0,28800,2021,2,2,1,0,0,1,0,0
11,10.0,26300,2021,2,3,1,0,0,1,0,0
4,10.0,27500,2021,2,4,1,0,0,1,0,0
13,10.0,25700,2021,2,5,1,0,0,1,0,0
4,10.0,26100,2021,2,6,1,0,0,1,0,0
5,10.0,30000,2021,2,8,1,0,0,1,0,0
12,10.0,26300,2021,2,9,1,0,0,1,0,0
15,10.0,26500,2021,2,10,1,0,0,1,0,0
7,10.0,26700,2021,2,11,1,0,0,1,0,0
10,10.0,25700,2021,2,15,1,0,0,1,0,0
9,10.0,27000,2021,2,16,1,0,0,1,0,0
1,10.0,27000,2021,2,17,1,0,0,1,0,0
7,10.0,26600,2021,2,18,1,0,0,1,0,0
15,10.0,26100,2021,2,19,1,0,0,1,0,0
10,10.0,30100,2021,2,20,1,0,0,1,0,0
6,10.0,28300,2021,2,22,1,0,0,1,0,0
14,10.0,28300,2021,2,23,1,0,0,1,0,0
16,10.0,28100,2021,2,24,1,0,0,1,0,0
33,10.0,23300,2021,2,25,1,0,0,1,0,0
19,10.0,27200,2021,2,26,1,0,0,1,0,0
21,10.0,25900,2021,2,27,1,0,0,1,0,0
10,10.0,28000,2021,3,1,1,0,0,1,0,0
12,10.0,28700,2021,3,2,1,0,0,1,0,0
12,10.0,25500,2021,3,3,1,0,0,1,0,0
22,10.0,25600,2021,3,4,1,0,0,1,0,0
3,10.0,28300,2021,3,5,1,0,0,1,0,0
21,10.0,25800,2021,3,6,1,0,0,1,0,0
15,10.0,27300,2021,3,8,1,0,0,1,0,0
19,10.0,26400,2021,3,9,1,0,0,1,0,0
9,10.0,26100,2021,3,10,1,0,0,1,0,0
14,10.0,28400,2021,3,11,1,0,0,1,0,0
8,10.0,27800,2021,3,12,1,0,0,1,0,0
11,10.0,26900,2021,3,13,1,0,0,1,0,0
8,10.0,28600,2021,3,15,1,0,0,1,0,0
15,10.0,26700,2021,3,16,1,0,0,1,0,0
9,10.0,26900,2021,3,17,1,0,0,1,0,0
5,10.0,26900,2021,3,18,1,0,0,1,0,0
7,10.0,26300,2021,3,19,1,0,0,1,0,0
11,10.0,28200,2021,3,20,1,0,0,1,0,0
7,10.0,26000,2021,3,22,1,0,0,1,0,0
17,10.0,24000,2021,3,23,1,0,0,1,0,0
7,10.0,28400,2021,3,24,1,0,0,1,0,0
11,10.0,27900,2021,3,25,1,0,0,1,0,0
15,10.0,27400,2021,3,26,1,0,0,1,0,0
18,10.0,29200,2021,3,27,1,0,0,1,0,0
11,10.0,28900,2021,3,29,1,0,0,1,0,0
18,10.0,27500,2021,3,30,1,0,0,1,0,0
16,10.0,27200,2021,3,31,1,0,0,1,0,0
9,10.0,26100,2021,4,1,1,0,0,1,0,0
17,10.0,25700,2021,4,2,1,0,0,1,0,0
15,10.0,28200,2021,4,3,1,0,0,1,0,0
8,10.0,30200,2021,4,5,1,0,0,1,0,0
15,10.0,27100,2021,4,6,1,0,0,1,0,0
15,10.0,26500,2021,4,7,1,0,0,1,0,0
15,10.0,25500,2021,4,8,1,0,0,1,0,0
23,10.0,22000,2021,4,9,1,0,0,1,0,0
22,10.0,24000,2021,4,10,1,0,0,1,0,0
9,10.0,27300,2021,4,12,1,0,0,1,0,0
12,10.0,26200,2021,4,13,1,0,0,1,0,0
24,10.0,22900,2021,4,14,1,0,0,1,0,0
42,10.0,23900,2021,4,15,1,0,0,1,0,0
51,10.0,21600,2021,4,16,1,0,0,1,0,0
10,10.0,25400,2021,4,17,1,0,0,1,0,0
3,10.0,30000,2021,4,19,1,0,0,1,0,0
19,10.0,24700,2021,4,20,1,0,0,1,0,0
23,10.0,25500,2021,4,21,1,0,0,1,0,0
21,10.0,23700,2021,4,22,1,0,0,1,0,0
20,10.0,25500,2021,4,23,1,0,0,1,0,0
7,10.0,30100,2021,4,24,1,0,0,1,0,0
19,10.0,24000,2021,4,26,1,0,0,1,0,0
14,10.0,24700,2021,4,27,1,0,0,1,0,0
20,10.0,23900,2021,4,28,1,0,0,1,0,0
15,10.0,24800,2021,4,29,1,0,0,1,0,0
13,10.0,25500,2021,4,30,1,0,0,1,0,0
22,10.0,25800,2021,5,1,1,0,0,1,0,0
16,10.0,26100,2021,5,3,1,0,0,1,0,0
40,10.0,21200,2021,5,4,1,0,0,1,0,0
23,10.0,25000,2021,5,5,1,0,0,1,0,0
18,10.0,25200,2021,5,6,1,0,0,1,0,0
20,10.0,28000,2021,5,7,1,0,0,1,0,0
30,10.0,24200,2021,5,8,1,0,0,1,0,0
14,10.0,26600,2021,5,10,1,0,0,1,0,0
16,10.0,27100,2021,5,11,1,0,0,1,0,0
10,10.0,28400,2021,5,12,1,0,0,1,0,0
23,10.0,26000,2021,5,13,1,0,0,1,0,0
22,10.0,25200,2021,5,14,1,0,0,1,0,0
8,10.0,24300,2021,5,15,1,0,0,1,0,0
6,10.0,27300,2021,5,17,1,0,0,1,0,0
6,10.0,29300,2021,5,18,1,0,0,1,0,0
16,10.0,24400,2021,5,19,1,0,0,1,0,0
10,10.0,24000,2021,5,20,1,0,0,1,0,0
16,10.0,24800,2021,5,21,1,0,0,1,0,0
23,10.0,28900,2021,5,22,1,0,0,1,0,0
8,10.0,31400,2021,5,24,1,0,0,1,0,0
11,10.0,27300,2021,5,25,1,0,0,1,0,0
15,10.0,23800,2021,5,26,1,0,0,1,0,0
3,10.0,25300,2021,5,27,1,0,0,1,0,0
5,10.0,27400,2021,5,28,1,0,0,1,0,0
14,10.0,27400,2021,5,29,1,0,0,1,0,0
13,10.0,25900,2021,5,31,1,0,0,1,0,0
4,10.0,23300,2021,6,1,1,0,0,1,0,0
13,10.0,20300,2021,6,2,1,0,0,1,0,0
4,10.0,30000,2021,6,3,1,0,0,1,0,0
6,10.0,24300,2021,6,4,1,0,0,1,0,0
11,10.0,25400,2021,6,5,1,0,0,1,0,0
6,10.0,25900,2021,6,7,1,0,0,1,0,0
8,10.0,27600,2021,6,8,1,0,0,1,0,0
7,10.0,25600,2021,6,9,1,0,0,1,0,0
8,10.0,28000,2021,6,10,1,0,0,1,0,0
9,10.0,26800,2021,6,11,1,0,0,1,0,0
11,10.0,26400,2021,6,12,1,0,0,1,0,0
7,10.0,27500,2021,6,14,1,0,0,1,0,0
11,10.0,24300,2021,6,15,1,0,0,1,0,0
4,10.0,26300,2021,6,16,1,0,0,1,0,0
7,10.0,28400,2021,6,17,1,0,0,1,0,0
22,10.0,26700,2021,6,18,1,0,0,1,0,0
15,10.0,25300,2021,6,19,1,0,0,1,0,0
7,10.0,26400,2021,6,21,1,0,0,1,0,0
8,10.0,23200,2021,6,22,1,0,0,1,0,0
7,10.0,25300,2021,6,23,1,0,0,1,0,0
2,10.0,26600,2021,6,24,1,0,0,1,0,0
9,10.0,26600,2021,6,25,1,0,0,1,0,0
11,10.0,27200,2021,6,26,1,0,0,1,0,0
10,10.0,27400,2021,6,28,1,0,0,1,0,0
10,10.0,23100,2021,6,29,1,0,0,1,0,0
5,10.0,23900,2021,6,30,1,0,0,1,0,0
3,10.0,23000,2021,7,1,1,0,0,1,0,0
3,10.0,25000,2021,7,2,1,0,0,1,0,0
4,10.0,30300,2021,7,5,1,0,0,1,0,0
10,10.0,28800,2021,7,6,1,0,0,1,0,0
10,10.0,27800,2021,7,7,1,0,0,1,0,0
11,10.0,27400,2021,7,8,1,0,0,1,0,0
13,10.0,25600,2021,7,9,1,0,0,1,0,0
10,10.0,27100,2021,7,10,1,0,0,1,0,0
10,10.0,26400,2021,7,12,1,0,0,1,0,0
10,10.0,24400,2021,7,13,1,0,0,1,0,0
10,10.0,24300,2021,7,15,1,0,0,1,0,0
10,10.0,24100,2021,7,17,1,0,0,1,0,0
7,10.0,25100,2021,7,19,1,0,0,1,0,0
8,10.0,24100,2021,7,20,1,0,0,1,0,0
8,10.0,25500,2021,7,21,1,0,0,1,0,0
7,10.0,26500,2021,7,23,1,0,0,1,0,0
7,10.0,28400,2021,7,26,1,0,0,1,0,0
3,10.0,28200,2021,8,5,1,0,0,1,0,0
5,10.0,28300,2021,8,9,1,0,0,1,0,0
4,10.0,28400,2021,8,10,1,0,0,1,0,0
4,10.0,24000,2021,8,11,1,0,0,1,0,0
5,10.0,30300,2021,8,16,1,0,0,1,0,0
5,10.0,26700,2021,8,17,1,0,0,1,0,0
4,10.0,28600,2021,8,18,1,0,0,1,0,0
16,10.0,18300,2021,8,19,1,0,0,1,0,0
5,10.0,30300,2021,8,20,1,0,0,1,0,0
5,10.0,31300,2021,8,21,1,0,0,1,0,0
10,10.0,26700,2021,8,23,1,0,0,1,0,0
5,10.0,30500,2021,8,24,1,0,0,1,0,0
5,10.0,30800,2021,8,25,1,0,0,1,0,0
5,10.0,30300,2021,8,26,1,0,0,1,0,0
3,10.0,31500,2021,8,27,1,0,0,1,0,0
8,10.0,26000,2021,8,28,1,0,0,1,0,0
4,10.0,28500,2021,8,30,1,0,0,1,0,0
4,10.0,28600,2021,8,31,1,0,0,1,0,0
6,10.0,26600,2021,9,1,1,0,0,1,0,0
7,10.0,26800,2021,9,2,1,0,0,1,0,0
6,10.0,27000,2021,9,3,1,0,0,1,0,0
6,10.0,29000,2021,9,4,1,0,0,1,0,0
9,10.0,26300,2021,9,6,1,0,0,1,0,0
9,10.0,27500,2021,9,7,1,0,0,1,0,0
9,10.0,26000,2021,9,8,1,0,0,1,0,0
8,10.0,25800,2021,9,9,1,0,0,1,0,0
7,10.0,27500,2021,9,10,1,0,0,1,0,0
7,10.0,27500,2021,9,13,1,0,0,1,0,0
7,10.0,28100,2021,9,14,1,0,0,1,0,0
5,10.0,30400,2021,9,15,1,0,0,1,0,0
8,10.0,28500,2021,9,16,1,0,0,1,0,0
7,10.0,30500,2021,9,24,1,0,0,1,0,0
10,10.0,26600,2021,9,25,1,0,0,1,0,0
2,10.0,27000,2021,9,27,1,0,0,1,0,0
7,10.0,24600,2021,9,28,1,0,0,1,0,0
4,10.0,26900,2021,9,30,1,0,0,1,0,0
4,10.0,33000,2021,10,2,1,0,0,1,0,0
8,10.0,28200,2021,10,4,1,0,0,1,0,0
5,10.0,26400,2021,10,5,1,0,0,1,0,0
11,10.0,24500,2021,10,6,1,0,0,1,0,0
5,10.0,28200,2021,10,7,1,0,0,1,0,0
5,10.0,28500,2021,10,8,1,0,0,1,0,0
8,10.0,27300,2021,10,9,1,0,0,1,0,0
4,10.0,27000,2021,10,12,1,0,0,1,0,0
6,10.0,27200,2021,10,13,1,0,0,1,0,0
8,10.0,26300,2021,10,14,1,0,0,1,0,0
7,10.0,26500,2021,10,15,1,0,0,1,0,0
3,10.0,27000,2021,10,18,1,0,0,1,0,0
5,10.0,27500,2021,10,19,1,0,0,1,0,0
10,10.0,25100,2021,10,21,1,0,0,1,0,0
5,10.0,28100,2021,10,22,1,0,0,1,0,0
10,10.0,27300,2021,10,23,1,0,0,1,0,0
9,10.0,29100,2021,10,25,1,0,0,1,0,0
13,10.0,28000,2021,10,26,1,0,0,1,0,0
10,10.0,26400,2021,10,27,1,0,0,1,0,0
10,10.0,27100,2021,10,28,1,0,0,1,0,0
11,10.0,24500,2021,10,29,1,0,0,1,0,0
15,10.0,25100,2021,10,30,1,0,0,1,0,0
10,10.0,26300,2021,11,1,1,0,0,1,0,0
9,10.0,25700,2021,11,2,1,0,0,1,0,0
2,10.0,26000,2021,11,3,1,0,0,1,0,0
6,10.0,27000,2021,11,5,1,0,0,1,0,0
7,10.0,24200,2021,11,6,1,0,0,1,0,0
11,10.0,23200,2021,11,8,1,0,0,1,0,0
8,10.0,24500,2021,11,9,1,0,0,1,0,0
5,10.0,28900,2021,11,10,1,0,0,1,0,0
4,10.0,25100,2021,11,11,1,0,0,1,0,0
4,10.0,27500,2021,11,12,1,0,0,1,0,0
5,10.0,29700,2021,11,13,1,0,0,1,0,0
1,10.0,26000,2021,11,15,1,0,0,1,0,0
5,10.0,23300,2021,11,17,1,0,0,1,0,0
5,10.0,26800,2021,11,19,1,0,0,1,0,0
7,10.0,27300,2021,11,20,1,0,0,1,0,0
3,10.0,23000,2021,11,22,1,0,0,1,0,0
1,10.0,26600,2021,11,23,1,0,0,1,0,0
3,10.0,23200,2021,11,24,1,0,0,1,0,0
7,10.0,20700,2021,11,25,1,0,0,1,0,0
5,10.0,30000,2021,11,26,1,0,0,1,0,0
7,10.0,22800,2021,11,27,1,0,0,1,0,0
5,10.0,16800,2021,11,30,1,0,0,1,0,0
8,10.0,21500,2021,12,3,1,0,0,1,0,0
5,10.0,20300,2021,12,4,1,0,0,1,0,0
2,10.0,28500,2021,12,6,1,0,0,1,0,0
4,10.0,26300,2021,12,7,1,0,0,1,0,0
2,10.0,27500,2021,12,8,1,0,0,1,0,0
42,10.0,18900,2021,12,10,1,0,0,1,0,0
5,10.0,25400,2021,12,11,1,0,0,1,0,0
5,10.0,26000,2021,12,13,1,0,0,1,0,0
5,10.0,26200,2021,12,14,1,0,0,1,0,0
6,10.0,26700,2021,12,15,1,0,0,1,0,0
6,10.0,25200,2021,12,16,1,0,0,1,0,0
7,10.0,25100,2021,12,17,1,0,0,1,0,0
3,10.0,24000,2021,12,18,1,0,0,1,0,0
5,10.0,25700,2021,12,20,1,0,0,1,0,0
6,10.0,20900,2021,12,22,1,0,0,1,0,0
5,10.0,26600,2021,12,24,1,0,0,1,0,0
1,10.0,25000,2021,12,27,1,0,0,1,0,0
5,10.0,20800,2021,12,28,1,0,0,1,0,0
3,10.0,25500,2021,12,30,1,0,0,1,0,0
3,10.0,28000,2021,12,31,1,0,0,1,0,0
3,10.0,58000,2017,3,22,0,0,1,1,0,0
2,10.0,58000,2017,3,30,0,0,1,1,0,0
5,5.0,30000,2017,4,5,0,0,1,1,0,0
1,10.0,58000,2017,4,6,0,0,1,1,0,0
3,10.0,30000,2017,6,15,0,0,1,1,0,0
5,10.0,40000,2017,7,6,0,0,1,1,0,0
3,10.0,40000,2017,7,7,0,0,1,1,0,0
3,10.0,57000,2017,7,24,0,0,1,1,0,0
8,10.0,40000,2017,7,28,0,0,1,1,0,0
5,10.0,32000,2017,8,1,0,0,1,1,0,0
1,10.0,57000,2017,8,2,0,0,1,1,0,0
3,10.0,32000,2017,8,19,0,0,1,1,0,0
6,10.0,46000,2017,8,23,0,0,1,1,0,0
3,10.0,54000,2017,8,24,0,0,1,1,0,0
4,10.0,57000,2017,8,25,0,0,1,1,0,0
9,10.0,48700,2017,8,26,0,0,1,1,0,0
7,10.0,46300,2017,8,28,0,0,1,1,0,0
4,10.0,57000,2017,8,29,0,0,1,1,0,0
2,10.0,57000,2017,8,30,0,0,1,1,0,0
4,10.0,57000,2017,9,2,0,0,1,1,0,0
3,10.0,40000,2017,9,5,0,0,1,1,0,0
3,10.0,57000,2017,9,6,0,0,1,1,0,0
3,10.0,57000,2017,9,7,0,0,1,1,0,0
3,10.0,57000,2017,9,8,0,0,1,1,0,0
5,10.0,57000,2017,9,9,0,0,1,1,0,0
3,10.0,57000,2017,9,11,0,0,1,1,0,0
2,10.0,57000,2017,9,12,0,0,1,1,0,0
2,10.0,57000,2017,9,13,0,0,1,1,0,0
2,10.0,57000,2017,9,14,0,0,1,1,0,0
3,10.0,57000,2017,9,15,0,0,1,1,0,0
5,10.0,57000,2017,9,16,0,0,1,1,0,0
3,10.0,57000,2017,9,18,0,0,1,1,0,0
3,10.0,57000,2017,9,19,0,0,1,1,0,0
7,10.0,44900,2017,9,20,0,0,1,1,0,0
3,10.0,57000,2017,9,22,0,0,1,1,0,0
4,10.0,57000,2017,9,23,0,0,1,1,0,0
2,10.0,57000,2017,9,25,0,0,1,1,0,0
4,10.0,57000,2017,9,26,0,0,1,1,0,0
3,10.0,57000,2017,9,27,0,0,1,1,0,0
3,10.0,57000,2017,9,28,0,0,1,1,0,0
4,10.0,57000,2017,9,29,0,0,1,1,0,0
6,10.0,36200,2017,10,1,0,0,1,1,0,0
7,10.0,57000,2017,10,2,0,0,1,1,0,0
5,10.0,57000,2017,10,3,0,0,1,1,0,0
6,10.0,57000,2017,10,9,0,0,1,1,0,0
2,10.0,57000,2017,10,11,0,0,1,1,0,0
2,10.0,57000,2017,10,12,0,0,1,1,0,0
4,10.0,57000,2017,10,13,0,0,1,1,0,0
2,10.0,57000,2017,10,16,0,0,1,1,0,0
2,10.0,57000,2017,10,17,0,0,1,1,0,0
3,10.0,57000,2017,10,18,0,0,1,1,0,0
2,10.0,57000,2017,10,19,0,0,1,1,0,0
3,10.0,57000,2017,10,20,0,0,1,1,0,0
4,10.0,57000,2017,10,21,0,0,1,1,0,0
3,10.0,57000,2017,10,24,0,0,1,1,0,0
3,10.0,57000,2017,10,25,0,0,1,1,0,0
6,10.0,57000,2017,10,28,0,0,1,1,0,0
3,10.0,57000,2017,10,30,0,0,1,1,0,0
3,10.0,57000,2017,10,31,0,0,1,1,0,0
3,10.0,57000,2017,11,3,0,0,1,1,0,0
10,10.0,48500,2017,11,4,0,0,1,1,0,0
8,10.0,38300,2017,11,6,0,0,1,1,0,0
3,10.0,57000,2017,11,7,0,0,1,1,0,0
3,10.0,57000,2017,11,8,0,0,1,1,0,0
4,10.0,47500,2017,11,10,0,0,1,1,0,0
2,10.0,47500,2017,11,11,0,0,1,1,0,0
3,10.0,47500,2017,11,14,0,0,1,1,0,0
3,10.0,47500,2017,11,15,0,0,1,1,0,0
2,10.0,47500,2017,11,16,0,0,1,1,0,0
5,10.0,47500,2017,11,18,0,0,1,1,0,0
3,10.0,47500,2017,11,20,0,0,1,1,0,0
3,10.0,40000,2017,11,21,0,0,1,1,0,0
4,10.0,47500,2017,11,22,0,0,1,1,0,0
3,10.0,47500,2017,11,23,0,0,1,1,0,0
7,10.0,47500,2017,11,25,0,0,1,1,0,0
2,10.0,47500,2017,11,27,0,0,1,1,0,0
6,10.0,45000,2017,11,29,0,0,1,1,0,0
3,10.0,47500,2017,11,30,0,0,1,1,0,0
2,10.0,47500,2017,12,1,0,0,1,1,0,0
7,10.0,47500,2017,12,2,0,0,1,1,0,0
3,10.0,47500,2017,12,4,0,0,1,1,0,0
3,10.0,47500,2017,12,5,0,0,1,1,0,0
2,10.0,47500,2017,12,6,0,0,1,1,0,0
2,10.0,47500,2017,12,7,0,0,1,1,0,0
3,10.0,47500,2017,12,8,0,0,1,1,0,0
8,10.0,47500,2017,12,9,0,0,1,1,0,0
4,10.0,47500,2017,12,11,0,0,1,1,0,0
2,10.0,47500,2017,12,12,0,0,1,1,0,0
4,10.0,40000,2017,12,13,0,0,1,1,0,0
1,10.0,47500,2017,12,14,0,0,1,1,0,0
3,10.0,47500,2017,12,15,0,0,1,1,0,0
8,10.0,47500,2017,12,16,0,0,1,1,0,0
10,10.0,47500,2017,12,18,0,0,1,1,0,0
2,10.0,47500,2017,12,19,0,0,1,1,0,0
2,10.0,47500,2017,12,21,0,0,1,1,0,0
9,10.0,40000,2017,12,22,0,0,1,1,0,0
8,10.0,47500,2017,12,23,0,0,1,1,0,0
5,10.0,47500,2017,12,25,0,0,1,1,0,0
5,10.0,43000,2017,12,27,0,0,1,1,0,0
3,10.0,47500,2017,12,28,0,0,1,1,0,0
5,10.0,47500,2017,12,29,0,0,1,1,0,0
5,10.0,47500,2017,12,30,0,0,1,1,0,0
5,12.0,47500,2018,1,2,0,0,1,1,0,0
2,12.0,47500,2018,1,3,0,0,1,1,0,0
2,12.0,47500,2018,1,5,0,0,1,1,0,0
4,12.0,47500,2018,1,8,0,0,1,1,0,0
9,12.0,47500,2018,1,12,0,0,1,1,0,0
3,12.0,47500,2018,1,13,0,0,1,1,0,0
3,12.0,47500,2018,1,20,0,0,1,1,0,0
3,12.0,47500,2018,1,29,0,0,1,1,0,0
2,12.0,47500,2018,1,30,0,0,1,1,0,0
2,12.0,47500,2018,1,31,0,0,1,1,0,0
2,12.0,47500,2018,2,2,0,0,1,1,0,0
2,12.0,47500,2018,2,3,0,0,1,1,0,0
2,12.0,47500,2018,2,5,0,0,1,1,0,0
2,12.0,47500,2018,2,9,0,0,1,1,0,0
3,12.0,47500,2018,2,10,0,0,1,1,0,0
4,12.0,47500,2018,2,13,0,0,1,1,0,0
15,12.0,41200,2018,2,20,0,0,1,1,0,0
4,12.0,38000,2018,2,28,0,0,1,1,0,0
10,10.0,31500,2018,3,22,0,0,1,1,0,0
10,10.0,26500,2018,3,23,0,0,1,1,0,0
10,10.0,29000,2018,3,24,0,0,1,1,0,0
10,10.0,27000,2018,3,26,0,0,1,1,0,0
5,10.0,28000,2018,3,27,0,0,1,1,0,0
7,10.0,30000,2018,3,28,0,0,1,1,0,0
9,10.0,30000,2018,3,29,0,0,1,1,0,0
4,10.0,30000,2018,3,31,0,0,1,1,0,0
5,10.0,28100,2018,4,2,0,0,1,1,0,0
5,10.0,30000,2018,4,3,0,0,1,1,0,0
5,10.0,30000,2018,4,9,0,0,1,1,0,0
5,10.0,30000,2018,4,10,0,0,1,1,0,0
5,10.0,28100,2018,4,11,0,0,1,1,0,0
5,10.0,30000,2018,4,12,0,0,1,1,0,0
5,10.0,30000,2018,4,13,0,0,1,1,0,0
10,10.0,30000,2018,4,14,0,0,1,1,0,0
5,10.0,28800,2018,4,16,0,0,1,1,0,0
5,10.0,36100,2018,4,18,0,0,1,1,0,0
6,10.0,30000,2018,4,19,0,0,1,1,0,0
5,10.0,30000,2018,4,20,0,0,1,1,0,0
2,10.0,30000,2018,4,21,0,0,1,1,0,0
5,10.0,30000,2018,4,23,0,0,1,1,0,0
5,10.0,30100,2018,4,24,0,0,1,1,0,0
5,10.0,30000,2018,4,26,0,0,1,1,0,0
3,10.0,29100,2018,4,27,0,0,1,1,0,0
3,10.0,30000,2018,4,28,0,0,1,1,0,0
5,10.0,30100,2018,4,30,0,0,1,1,0,0
10,10.0,30600,2018,5,1,0,0,1,1,0,0
5,10.0,30000,2018,5,2,0,0,1,1,0,0
10,10.0,30000,2018,5,3,0,0,1,1,0,0
5,10.0,30000,2018,5,4,0,0,1,1,0,0
5,10.0,30000,2018,5,5,0,0,1,1,0,0
5,10.0,30000,2018,5,7,0,0,1,1,0,0
8,10.0,30000,2018,5,8,0,0,1,1,0,0
10,10.0,30000,2018,5,9,0,0,1,1,0,0
2,10.0,30000,2018,5,11,0,0,1,1,0,0
8,10.0,30000,2018,5,14,0,0,1,1,0,0
6,10.0,30000,2018,5,16,0,0,1,1,0,0
4,10.0,30000,2018,5,17,0,0,1,1,0,0
8,10.0,30000,2018,5,18,0,0,1,1,0,0
5,10.0,30000,2018,5,19,0,0,1,1,0,0
7,10.0,30000,2018,5,21,0,0,1,1,0,0
5,10.0,30000,2018,5,22,0,0,1,1,0,0
5,10.0,30000,2018,5,23,0,0,1,1,0,0
11,10.0,30000,2018,5,24,0,0,1,1,0,0
8,10.0,30000,2018,5,25,0,0,1,1,0,0
3,10.0,30000,2018,5,29,0,0,1,1,0,0
6,10.0,30000,2018,5,30,0,0,1,1,0,0
1,10.0,30000,2018,5,31,0,0,1,1,0,0
6,10.0,30000,2018,6,1,0,0,1,1,0,0
2,10.0,30000,2018,6,2,0,0,1,1,0,0
9,10.0,30000,2018,6,4,0,0,1,1,0,0
4,10.0,30000,2018,6,5,0,0,1,1,0,0
5,10.0,30000,2018,6,6,0,0,1,1,0,0
5,5.0,30000,2018,6,15,0,0,1,1,0,0
5,10.0,30000,2018,6,15,0,0,1,1,0,0
2,10.0,30000,2018,6,16,0,0,1,1,0,0
10,10.0,30000,2018,6,18,0,0,1,1,0,0
5,10.0,30400,2018,6,20,0,0,1,1,0,0
5,10.0,30000,2018,6,21,0,0,1,1,0,0
7,10.0,30000,2018,6,22,0,0,1,1,0,0
6,10.0,30000,2018,6,23,0,0,1,1,0,0
2,10.0,51000,2018,7,30,0,0,1,1,0,0
11,10.0,25000,2018,11,1,0,0,1,1,0,0
5,10.0,25000,2018,11,3,0,0,1,1,0,0
5,10.0,30000,2019,2,20,0,0,1,1,0,0
5,5.0,28500,2019,2,22,0,0,1,1,0,0
5,10.0,25000,2019,2,25,0,0,1,1,0,0
5,10.0,25000,2019,2,26,0,0,1,1,0,0
4,5.0,24500,2019,2,27,0,0,1,1,0,0
5,5.0,25300,2019,2,28,0,0,1,1,0,0
5,10.0,27000,2019,3,1,0,0,1,1,0,0
5,10.0,28000,2019,3,2,0,0,1,1,0,0
10,10.0,25000,2019,3,4,0,0,1,1,0,0
10,5.0,26000,2019,3,5,0,0,1,1,0,0
15,5.0,21500,2019,3,6,0,0,1,1,0,0
3,5.0,29500,2019,3,23,0,0,1,1,0,0
3,5.0,28000,2019,3,25,0,0,1,1,0,0
2,5.0,30000,2019,3,26,0,0,1,1,0,0
2,5.0,30200,2019,3,27,0,0,1,1,0,0
2,10.0,20000,2019,3,30,0,0,1,1,0,0
2,5.0,25600,2019,4,1,0,0,1,1,0,0
2,5.0,26000,2019,4,2,0,0,1,1,0,0
2,5.0,23000,2019,4,3,0,0,1,1,0,0
2,5.0,23300,2019,4,4,0,0,1,1,0,0
5,5.0,31000,2019,4,6,0,0,1,1,0,0
7,5.0,27000,2019,4,8,0,0,1,1,0,0
5,5.0,24000,2019,4,9,0,0,1,1,0,0
5,5.0,25500,2019,4,12,0,0,1,1,0,0
5,5.0,26500,2019,4,15,0,0,1,1,0,0
5,5.0,26000,2019,4,17,0,0,1,1,0,0
10,5.0,24600,2019,5,29,0,0,1,1,0,0
5,5.0,22000,2019,6,20,0,0,1,1,0,0
10,10.0,31000,2019,4,3,0,1,0,1,0,0
10,10.0,31300,2019,4,4,0,1,0,1,0,0
10,10.0,30500,2019,4,5,0,1,0,1,0,0
10,10.0,30800,2019,4,9,0,1,0,1,0,0
25,10.0,29400,2020,5,4,0,1,0,1,0,0
5,5.0,30500,2021,8,2,0,1,0,1,0,0
5,10.0,28500,2021,8,6,0,1,0,1,0,0
77,10.0,19700,2017,1,2,1,0,0,0,0,1
4,10.0,5000,2017,2,27,1,0,0,0,0,1
1,10.0,2000,2017,3,4,1,0,0,0,0,1
4,10.0,32100,2017,5,31,1,0,0,0,0,1
3,10.0,31300,2017,6,1,1,0,0,0,0,1
3,10.0,27000,2017,6,2,1,0,0,0,0,1
11,10.0,25500,2017,6,3,1,0,0,0,0,1
3,4.0,3000,2017,8,29,1,0,0,0,0,1
2,3.0,5000,2017,8,30,1,0,0,0,0,1
4,4.0,2100,2017,8,30,1,0,0,0,0,1
11,4.0,2700,2017,9,6,1,0,0,0,0,1
10,10.0,20000,2017,9,8,1,0,0,0,0,1
18,10.0,19300,2017,9,14,1,0,0,0,0,1
15,10.0,25100,2017,9,15,1,0,0,0,0,1
29,10.0,22400,2017,9,16,1,0,0,0,0,1
23,10.0,25300,2017,9,18,1,0,0,0,0,1
50,10.0,15900,2017,9,29,1,0,0,0,0,1
49,10.0,16800,2017,10,2,1,0,0,0,0,1
1,10.0,2000,2017,10,14,1,0,0,0,0,1
30,10.0,17100,2017,10,16,1,0,0,0,0,1
2,10.0,25000,2017,10,17,1,0,0,0,0,1
6,10.0,15000,2017,10,20,1,0,0,0,0,1
35,10.0,25000,2017,11,13,1,0,0,0,0,1
28,10.0,17100,2017,11,16,1,0,0,0,0,1
16,5.0,10000,2017,11,17,1,0,0,0,0,1
5,10.0,25000,2017,11,17,1,0,0,0,0,1
3,10.0,3000,2017,11,23,1,0,0,0,0,1
42,10.0,24100,2017,11,27,1,0,0,0,0,1
1,4.0,6000,2017,12,2,1,0,0,0,0,1
25,5.0,29200,2017,12,5,1,0,0,0,0,1
12,10.0,21900,2017,12,19,1,0,0,0,0,1
52,10.0,18900,2017,12,29,1,0,0,0,0,1
50,10.0,19000,2017,12,30,1,0,0,0,0,1
14,5.0,20000,2018,1,30,1,0,0,0,0,1
17,5.0,25000,2018,2,21,1,0,0,0,0,1
44,5.0,30000,2018,3,14,1,0,0,0,0,1
78,5.0,30000,2018,3,15,1,0,0,0,0,1
52,5.0,30000,2018,3,17,1,0,0,0,0,1
45,5.0,28700,2018,3,24,1,0,0,0,0,1
56,5.0,30000,2018,3,29,1,0,0,0,0,1
31,10.0,30100,2018,4,13,1,0,0,0,0,1
54,5.0,32000,2018,4,20,1,0,0,0,0,1
29,10.0,41200,2018,4,20,1,0,0,0,0,1
40,5.0,32000,2018,4,25,1,0,0,0,0,1
42,10.0,32000,2018,4,25,1,0,0,0,0,1
30,10.0,32000,2018,4,26,1,0,0,0,0,1
27,10.0,32000,2018,4,27,1,0,0,0,0,1
28,10.0,30900,2018,4,28,1,0,0,0,0,1
44,10.0,39500,2018,5,1,1,0,0,0,0,1
60,10.0,32000,2018,5,4,1,0,0,0,0,1
60,5.0,35000,2018,5,7,1,0,0,0,0,1
40,5.0,35000,2018,5,9,1,0,0,0,0,1
61,10.0,29000,2018,5,12,1,0,0,0,0,1
44,10.0,32000,2018,5,21,1,0,0,0,0,1
53,10.0,36600,2018,5,29,1,0,0,0,0,1
47,10.0,35500,2018,5,30,1,0,0,0,0,1
50,10.0,32000,2018,6,2,1,0,0,0,0,1
55,10.0,32000,2018,6,4,1,0,0,0,0,1
59,10.0,37600,2018,6,5,1,0,0,0,0,1
44,10.0,39500,2018,6,7,1,0,0,0,0,1
40,10.0,32000,2018,6,9,1,0,0,0,0,1
26,10.0,30800,2018,6,15,1,0,0,0,0,1
50,10.0,35000,2018,6,20,1,0,0,0,0,1
20,10.0,32000,2018,6,23,1,0,0,0,0,1
5,10.0,33000,2018,6,28,1,0,0,0,0,1
4,5.0,4100,2018,9,15,1,0,0,0,0,1
3,5.0,3300,2018,9,17,1,0,0,0,0,1
2,5.0,3000,2018,9,19,1,0,0,0,0,1
31,5.0,16600,2018,9,28,1,0,0,0,0,1
4,5.0,2600,2018,10,1,1,0,0,0,0,1
17,10.0,20100,2018,10,1,1,0,0,0,0,1
12,5.0,24800,2018,10,2,1,0,0,0,0,1
5,5.0,4000,2018,10,4,1,0,0,0,0,1
36,10.0,18800,2018,10,4,1,0,0,0,0,1
3,5.0,2500,2018,10,5,1,0,0,0,0,1
10,10.0,18000,2018,10,5,1,0,0,0,0,1
2,5.0,35300,2018,10,6,1,0,0,0,0,1
10,10.0,20000,2018,10,12,1,0,0,0,0,1
32,5.0,24400,2018,10,15,1,0,0,0,0,1
30,5.0,19000,2018,10,16,1,0,0,0,0,1
3,10.0,3500,2018,10,20,1,0,0,0,0,1
30,5.0,19000,2018,10,22,1,0,0,0,0,1
30,5.0,23900,2018,10,24,1,0,0,0,0,1
156,10.0,21700,2018,10,26,1,0,0,0,0,1
116,10.0,22600,2018,10,29,1,0,0,0,0,1
15,10.0,26000,2018,10,30,1,0,0,0,0,1
77,5.0,25200,2018,11,3,1,0,0,0,0,1
84,10.0,23700,2018,11,5,1,0,0,0,0,1
20,10.0,19000,2018,11,8,1,0,0,0,0,1
110,10.0,22700,2018,11,10,1,0,0,0,0,1
51,10.0,23600,2018,11,13,1,0,0,0,0,1
292,10.0,22500,2018,11,16,1,0,0,0,0,1
80,10.0,23800,2018,11,17,1,0,0,0,0,1
150,10.0,22700,2018,11,20,1,0,0,0,0,1
120,10.0,26700,2018,11,24,1,0,0,0,0,1
30,10.0,30000,2018,12,4,1,0,0,0,0,1
30,10.0,30000,2018,12,17,1,0,0,0,0,1
40,10.0,25000,2018,12,21,1,0,0,0,0,1
63,10.0,24800,2019,1,31,1,0,0,0,0,1
9,5.0,18000,2019,2,22,1,0,0,0,0,1
70,10.0,24300,2019,3,5,1,0,0,0,0,1
2,10.0,1700,2019,6,10,1,0,0,0,0,1
5,5.0,1100,2019,6,26,1,0,0,0,0,1
3,5.0,1000,2019,6,27,1,0,0,0,0,1
3,5.0,1100,2019,6,28,1,0,0,0,0,1
5,5.0,1100,2019,6,29,1,0,0,0,0,1
2,5.0,1100,2019,7,1,1,0,0,0,0,1
2,5.0,1500,2019,7,2,1,0,0,0,0,1
3,5.0,1600,2019,7,3,1,0,0,0,0,1
6,5.0,2300,2019,7,4,1,0,0,0,0,1
5,5.0,2300,2019,7,5,1,0,0,0,0,1
8,5.0,2300,2019,7,6,1,0,0,0,0,1
4,5.0,3500,2019,7,10,1,0,0,0,0,1
5,5.0,3200,2019,7,11,1,0,0,0,0,1
4,5.0,3200,2019,7,12,1,0,0,0,0,1
10,5.0,3100,2019,7,13,1,0,0,0,0,1
7,5.0,3100,2019,7,16,1,0,0,0,0,1
4,5.0,3100,2019,7,17,1,0,0,0,0,1
6,5.0,4000,2019,7,22,1,0,0,0,0,1
5,5.0,3500,2019,7,23,1,0,0,0,0,1
1,5.0,4000,2019,7,24,1,0,0,0,0,1
8,5.0,4000,2019,7,25,1,0,0,0,0,1
5,5.0,4500,2019,7,26,1,0,0,0,0,1
5,5.0,4000,2019,7,29,1,0,0,0,0,1
1,5.0,3200,2019,7,31,1,0,0,0,0,1
1,5.0,3100,2019,8,1,1,0,0,0,0,1
6,5.0,3100,2019,8,2,1,0,0,0,0,1
1,5.0,3000,2019,8,3,1,0,0,0,0,1
10,5.0,3500,2019,8,8,1,0,0,0,0,1
5,5.0,3200,2019,8,10,1,0,0,0,0,1
3,5.0,4200,2019,8,13,1,0,0,0,0,1
5,5.0,3200,2019,8,14,1,0,0,0,0,1
1,5.0,3000,2019,8,15,1,0,0,0,0,1
1,5.0,3000,2019,8,16,1,0,0,0,0,1
1,5.0,3000,2019,8,17,1,0,0,0,0,1
11,5.0,2600,2019,8,20,1,0,0,0,0,1
10,5.0,2200,2019,8,21,1,0,0,0,0,1
10,5.0,2100,2019,8,22,1,0,0,0,0,1
8,5.0,2200,2019,8,23,1,0,0,0,0,1
7,5.0,2100,2019,8,24,1,0,0,0,0,1
6,5.0,2200,2019,8,26,1,0,0,0,0,1
10,5.0,1700,2019,8,27,1,0,0,0,0,1
9,5.0,1700,2019,8,28,1,0,0,0,0,1
10,5.0,2200,2019,8,29,1,0,0,0,0,1
13,5.0,2600,2019,8,30,1,0,0,0,0,1
12,5.0,1500,2019,8,31,1,0,0,0,0,1
10,5.0,1400,2019,9,2,1,0,0,0,0,1
10,5.0,1700,2019,9,3,1,0,0,0,0,1
15,5.0,1300,2019,9,4,1,0,0,0,0,1
15,5.0,1500,2019,9,5,1,0,0,0,0,1
10,5.0,1200,2019,9,6,1,0,0,0,0,1
10,5.0,800,2019,9,7,1,0,0,0,0,1
9,5.0,1700,2019,9,16,1,0,0,0,0,1
5,5.0,1500,2019,9,17,1,0,0,0,0,1
10,5.0,1600,2019,9,18,1,0,0,0,0,1
10,5.0,1600,2019,9,19,1,0,0,0,0,1
8,5.0,1700,2019,9,21,1,0,0,0,0,1
10,5.0,2200,2019,9,23,1,0,0,0,0,1
10,5.0,2500,2019,9,24,1,0,0,0,0,1
1,5.0,1300,2019,9,25,1,0,0,0,0,1
8,5.0,2000,2019,9,26,1,0,0,0,0,1
3,5.0,2500,2019,9,27,1,0,0,0,0,1
6,5.0,2500,2019,10,15,1,0,0,0,0,1
1,5.0,800,2019,10,24,1,0,0,0,0,1
1,5.0,1100,2019,10,25,1,0,0,0,0,1
1,5.0,1500,2019,11,2,1,0,0,0,0,1
2,5.0,1500,2019,11,16,1,0,0,0,0,1
3,5.0,1500,2019,11,20,1,0,0,0,0,1
2,5.0,1500,2019,11,21,1,0,0,0,0,1
2,5.0,1500,2019,11,22,1,0,0,0,0,1
3,5.0,1500,2019,11,25,1,0,0,0,0,1
3,5.0,1100,2019,11,28,1,0,0,0,0,1
3,5.0,500,2019,11,29,1,0,0,0,0,1
4,5.0,300,2019,11,30,1,0,0,0,0,1
26,10.0,25900,2019,12,10,1,0,0,0,0,1
3,5.0,1100,2019,12,12,1,0,0,0,0,1
5,5.0,1500,2019,12,13,1,0,0,0,0,1
4,5.0,1000,2019,12,14,1,0,0,0,0,1
28,5.0,27400,2019,12,17,1,0,0,0,0,1
31,5.0,24200,2019,12,24,1,0,0,0,0,1
2,5.0,1000,2019,12,25,1,0,0,0,0,1
1,5.0,1000,2019,12,27,1,0,0,0,0,1
1,5.0,1000,2020,1,4,1,0,0,0,0,1
1,5.0,1500,2020,1,14,1,0,0,0,0,1
4,5.0,3000,2020,1,16,1,0,0,0,0,1
3,5.0,1500,2020,1,17,1,0,0,0,0,1
2,5.0,1300,2020,1,22,1,0,0,0,0,1
2,5.0,1200,2020,1,23,1,0,0,0,0,1
3,5.0,1500,2020,1,29,1,0,0,0,0,1
15,10.0,23200,2020,1,29,1,0,0,0,0,1
2,5.0,1000,2020,1,30,1,0,0,0,0,1
2,5.0,3000,2020,1,31,1,0,0,0,0,1
1,5.0,4000,2020,2,1,1,0,0,0,0,1
3,5.0,1500,2020,2,4,1,0,0,0,0,1
3,5.0,4000,2020,2,5,1,0,0,0,0,1
3,5.0,1500,2020,2,14,1,0,0,0,0,1
4,5.0,1600,2020,2,15,1,0,0,0,0,1
1,5.0,1500,2020,2,19,1,0,0,0,0,1
2,5.0,2100,2020,2,21,1,0,0,0,0,1
2,5.0,1500,2020,2,22,1,0,0,0,0,1
2,5.0,1500,2020,2,24,1,0,0,0,0,1
3,5.0,1000,2020,2,26,1,0,0,0,0,1
3,5.0,1000,2020,2,27,1,0,0,0,0,1
3,5.0,1100,2020,2,28,1,0,0,0,0,1
3,5.0,1000,2020,2,29,1,0,0,0,0,1
2,5.0,1600,2020,3,6,1,0,0,0,0,1
3,5.0,1500,2020,3,7,1,0,0,0,0,1
3,5.0,1800,2020,3,9,1,0,0,0,0,1
1,5.0,2100,2020,3,11,1,0,0,0,0,1
1,5.0,2100,2020,3,14,1,0,0,0,0,1
1,5.0,2500,2020,3,18,1,0,0,0,0,1
6,5.0,3100,2020,3,20,1,0,0,0,0,1
4,5.0,2800,2020,3,21,1,0,0,0,0,1
1,5.0,2500,2020,3,23,1,0,0,0,0,1
1,5.0,2500,2020,3,25,1,0,0,0,0,1
1,5.0,2500,2020,4,8,1,0,0,0,0,1
8,5.0,2000,2020,6,16,1,0,0,0,0,1
10,5.0,3000,2020,11,30,1,0,0,0,0,1
10,5.0,1600,2020,12,1,1,0,0,0,0,1
2,5.0,2500,2020,12,2,1,0,0,0,0,1
1,5.0,2500,2020,12,3,1,0,0,0,0,1
1,5.0,3000,2020,12,4,1,0,0,0,0,1
3,5.0,3000,2020,12,5,1,0,0,0,0,1
3,5.0,2500,2020,12,7,1,0,0,0,0,1
1,5.0,2500,2020,12,9,1,0,0,0,0,1
1,5.0,2000,2020,12,15,1,0,0,0,0,1
1,5.0,2000,2020,12,16,1,0,0,0,0,1
1,5.0,1500,2020,12,18,1,0,0,0,0,1
1,5.0,2000,2020,12,24,1,0,0,0,0,1
1,5.0,2000,2020,12,26,1,0,0,0,0,1
43,10.0,16700,2020,12,26,1,0,0,0,0,1
1,5.0,1500,2020,12,29,1,0,0,0,0,1
2,5.0,1500,2020,12,31,1,0,0,0,0,1
1,5.0,1500,2021,1,2,1,0,0,0,0,1
3,4.0,5500,2021,1,7,1,0,0,0,0,1
1,5.0,1500,2021,1,7,1,0,0,0,0,1
30,5.0,13300,2021,1,8,1,0,0,0,0,1
2,5.0,2100,2021,1,14,1,0,0,0,0,1
2,5.0,2500,2021,1,19,1,0,0,0,0,1
2,5.0,2000,2021,1,22,1,0,0,0,0,1
1,5.0,1500,2021,1,29,1,0,0,0,0,1
1,5.0,1500,2021,2,1,1,0,0,0,0,1
1,5.0,1500,2021,2,5,1,0,0,0,0,1
1,5.0,1500,2021,2,8,1,0,0,0,0,1
1,5.0,1500,2021,2,9,1,0,0,0,0,1
1,5.0,1500,2021,2,16,1,0,0,0,0,1
10,10.0,27800,2021,2,19,1,0,0,0,0,1
2,5.0,2000,2021,2,20,1,0,0,0,0,1
6,10.0,26600,2021,2,23,1,0,0,0,0,1
1,5.0,3000,2021,3,15,1,0,0,0,0,1
1,5.0,2000,2021,3,19,1,0,0,0,0,1
1,5.0,2000,2021,4,1,1,0,0,0,0,1
1,5.0,1500,2021,4,3,1,0,0,0,0,1
1,5.0,2000,2021,4,6,1,0,0,0,0,1
1,5.0,2000,2021,4,7,1,0,0,0,0,1
11,5.0,18500,2021,4,26,1,0,0,0,0,1
2,4.0,11000,2021,5,17,1,0,0,0,0,1
2,4.0,13500,2021,5,18,1,0,0,0,0,1
9,4.0,3800,2021,5,28,1,0,0,0,0,1
3,4.0,10000,2021,5,31,1,0,0,0,0,1
7,4.0,4800,2021,6,1,1,0,0,0,0,1
1,4.0,2000,2021,6,4,1,0,0,0,0,1
3,5.0,2000,2021,6,22,1,0,0,0,0,1
4,5.0,1500,2021,6,23,1,0,0,0,0,1
2,5.0,2500,2021,6,26,1,0,0,0,0,1
1,5.0,2600,2021,6,28,1,0,0,0,0,1
2,5.0,3000,2021,7,6,1,0,0,0,0,1
2,5.0,3000,2021,7,7,1,0,0,0,0,1
1,5.0,3000,2021,7,8,1,0,0,0,0,1
1,4.0,2000,2021,7,9,1,0,0,0,0,1
1,5.0,3000,2021,7,12,1,0,0,0,0,1
2,5.0,3000,2021,7,14,1,0,0,0,0,1
4,5.0,4000,2021,7,17,1,0,0,0,0,1
2,5.0,3000,2021,7,19,1,0,0,0,0,1
2,5.0,3000,2021,7,20,1,0,0,0,0,1
3,5.0,3000,2021,7,21,1,0,0,0,0,1
2,5.0,3000,2021,7,22,1,0,0,0,0,1
2,5.0,3000,2021,7,24,1,0,0,0,0,1
3,5.0,3000,2021,7,26,1,0,0,0,0,1
2,5.0,2500,2021,7,27,1,0,0,0,0,1
2,5.0,2000,2021,7,28,1,0,0,0,0,1
1,5.0,2000,2021,7,29,1,0,0,0,0,1
2,5.0,1500,2021,8,2,1,0,0,0,0,1
2,5.0,1500,2021,8,3,1,0,0,0,0,1
1,5.0,3000,2021,8,4,1,0,0,0,0,1
3,5.0,2000,2021,8,5,1,0,0,0,0,1
1,5.0,2000,2021,8,6,1,0,0,0,0,1
1,5.0,2000,2021,8,10,1,0,0,0,0,1
1,5.0,2000,2021,8,11,1,0,0,0,0,1
1,5.0,2000,2021,8,12,1,0,0,0,0,1
1,5.0,2000,2021,8,13,1,0,0,0,0,1
2,5.0,2000,2021,9,2,1,0,0,0,0,1
44,5.0,16000,2021,9,27,1,0,0,0,0,1
13,10.0,25400,2021,10,18,1,0,0,0,0,1
12,5.0,32800,2017,2,20,0,0,1,0,0,1
10,10.0,30600,2017,2,27,0,0,1,0,0,1
10,10.0,35000,2017,2,28,0,0,1,0,0,1
10,10.0,32300,2017,3,1,0,0,1,0,0,1
3,10.0,57000,2017,9,1,0,0,1,0,0,1
10,3.0,27000,2017,11,2,0,0,1,0,0,1
10,10.0,40000,2017,11,20,0,0,1,0,0,1
12,5.0,30000,2019,2,20,0,0,1,0,0,1
24,5.0,29500,2019,2,22,0,0,1,0,0,1
23,5.0,28700,2019,2,27,0,0,1,0,0,1
16,5.0,29300,2019,2,28,0,0,1,0,0,1
20,5.0,30000,2019,3,5,0,0,1,0,0,1
23,5.0,28400,2019,3,6,0,0,1,0,0,1
5,5.0,30000,2019,3,8,0,0,1,0,0,1
10,5.0,1000,2019,3,9,0,0,1,0,0,1
10,5.0,18400,2019,3,12,0,0,1,0,0,1
10,5.0,30000,2019,3,13,0,0,1,0,0,1
10,5.0,30000,2019,3,14,0,0,1,0,0,1
10,5.0,31200,2019,3,18,0,0,1,0,0,1
10,5.0,25300,2019,3,19,0,0,1,0,0,1
5,5.0,24000,2019,4,10,0,0,1,0,0,1
15,5.0,28000,2019,4,13,0,0,1,0,0,1
5,5.0,25000,2019,4,15,0,0,1,0,0,1
15,5.0,22400,2019,4,16,0,0,1,0,0,1
15,5.0,23200,2019,4,18,0,0,1,0,0,1
14,5.0,22900,2019,4,19,0,0,1,0,0,1
10,5.0,23100,2019,4,20,0,0,1,0,0,1
15,5.0,21200,2019,4,22,0,0,1,0,0,1
5,5.0,22700,2019,4,29,0,0,1,0,0,1
10,5.0,26700,2019,4,30,0,0,1,0,0,1
4,5.0,28800,2019,5,1,0,0,1,0,0,1
8,5.0,24900,2019,5,2,0,0,1,0,0,1
15,5.0,27900,2019,5,3,0,0,1,0,0,1
15,5.0,25300,2019,5,4,0,0,1,0,0,1
15,5.0,23500,2019,5,6,0,0,1,0,0,1
8,5.0,23100,2019,5,7,0,0,1,0,0,1
6,5.0,22400,2019,5,9,0,0,1,0,0,1
5,5.0,26200,2019,5,10,0,0,1,0,0,1
6,5.0,21300,2019,5,11,0,0,1,0,0,1
4,5.0,24500,2019,5,13,0,0,1,0,0,1
3,5.0,24300,2019,5,14,0,0,1,0,0,1
5,5.0,25200,2019,5,17,0,0,1,0,0,1
4,5.0,18600,2019,5,22,0,0,1,0,0,1
10,5.0,23200,2019,5,24,0,0,1,0,0,1
5,5.0,24500,2019,5,25,0,0,1,0,0,1
10,5.0,23200,2019,5,27,0,0,1,0,0,1
10,5.0,24500,2019,5,28,0,0,1,0,0,1
10,5.0,20300,2019,5,30,0,0,1,0,0,1
10,5.0,23500,2019,6,1,0,0,1,0,0,1
5,5.0,18700,2019,6,4,0,0,1,0,0,1
5,5.0,19800,2019,6,10,0,0,1,0,0,1
10,5.0,26900,2019,6,22,0,0,1,0,0,1
8,5.0,25500,2019,6,24,0,0,1,0,0,1
5,5.0,27700,2019,6,28,0,0,1,0,0,1
4,5.0,27500,2019,6,29,0,0,1,0,0,1
7,5.0,28100,2019,7,1,0,0,1,0,0,1
5,5.0,27000,2019,7,2,0,0,1,0,0,1
2,5.0,28000,2019,7,3,0,0,1,0,0,1
5,5.0,22500,2019,7,5,0,0,1,0,0,1
5,5.0,24000,2019,7,8,0,0,1,0,0,1
5,5.0,26200,2019,7,11,0,0,1,0,0,1
5,5.0,22000,2019,7,12,0,0,1,0,0,1
5,5.0,25000,2019,7,15,0,0,1,0,0,1
4,5.0,26500,2019,7,16,0,0,1,0,0,1
5,5.0,23600,2019,7,17,0,0,1,0,0,1
5,5.0,22900,2019,7,18,0,0,1,0,0,1
4,5.0,20200,2019,7,24,0,0,1,0,0,1
5,5.0,20000,2019,7,25,0,0,1,0,0,1
6,5.0,23500,2019,8,22,0,0,1,0,0,1
10,5.0,31000,2021,12,18,0,0,1,0,0,1
5,5.0,27700,2021,12,20,0,0,1,0,0,1
9,5.0,27900,2021,12,21,0,0,1,0,0,1
12,5.0,28500,2021,12,22,0,0,1,0,0,1
7,5.0,23600,2021,12,24,0,0,1,0,0,1
7,5.0,28500,2021,12,25,0,0,1,0,0,1
11,5.0,24300,2021,12,28,0,0,1,0,0,1
8,5.0,32700,2021,12,30,0,0,1,0,0,1
14,5.0,30900,2021,12,31,0,0,1,0,0,1
3,10.0,40000,2017,1,3,1,0,0,0,1,0
3,10.0,33300,2017,1,4,1,0,0,0,1,0
5,10.0,32000,2017,1,5,1,0,0,0,1,0
3,10.0,33300,2017,1,6,1,0,0,0,1,0
20,10.0,13600,2017,1,7,1,0,0,0,1,0
3,10.0,33300,2017,1,9,1,0,0,0,1,0
18,10.0,15000,2017,1,10,1,0,0,0,1,0
12,10.0,18300,2017,1,11,1,0,0,0,1,0
13,10.0,20000,2017,1,12,1,0,0,0,1,0
3,10.0,33300,2017,1,13,1,0,0,0,1,0
3,10.0,40000,2017,1,14,1,0,0,0,1,0
3,10.0,40000,2017,1,16,1,0,0,0,1,0
3,10.0,40000,2017,1,17,1,0,0,0,1,0
3,10.0,40000,2017,1,18,1,0,0,0,1,0
3,10.0,20000,2017,1,19,1,0,0,0,1,0
3,10.0,40000,2017,1,20,1,0,0,0,1,0
3,10.0,40000,2017,1,21,1,0,0,0,1,0
20,10.0,12000,2017,2,24,1,0,0,0,1,0
2,10.0,1500,2017,2,28,1,0,0,0,1,0
9,10.0,4800,2017,3,1,1,0,0,0,1,0
8,10.0,3100,2017,3,2,1,0,0,0,1,0
5,10.0,2100,2017,3,3,1,0,0,0,1,0
4,10.0,2100,2017,3,6,1,0,0,0,1,0
5,10.0,2100,2017,3,8,1,0,0,0,1,0
9,10.0,2100,2017,3,11,1,0,0,0,1,0
12,10.0,2100,2017,3,13,1,0,0,0,1,0
12,10.0,1100,2017,3,14,1,0,0,0,1,0
11,10.0,3500,2017,3,16,1,0,0,0,1,0
12,10.0,4100,2017,3,18,1,0,0,0,1,0
18,10.0,3200,2017,3,20,1,0,0,0,1,0
4,10.0,5000,2017,3,21,1,0,0,0,1,0
13,10.0,4100,2017,3,22,1,0,0,0,1,0
6,10.0,5100,2017,3,23,1,0,0,0,1,0
18,10.0,4600,2017,3,24,1,0,0,0,1,0
20,10.0,12900,2017,3,25,1,0,0,0,1,0
14,10.0,5600,2017,3,27,1,0,0,0,1,0
10,10.0,31000,2017,3,28,1,0,0,0,1,0
13,10.0,4600,2017,3,29,1,0,0,0,1,0
10,10.0,20100,2017,3,30,1,0,0,0,1,0
5,10.0,6000,2017,3,31,1,0,0,0,1,0
5,10.0,31000,2017,4,1,1,0,0,0,1,0
24,10.0,22500,2017,4,3,1,0,0,0,1,0
8,10.0,4600,2017,4,4,1,0,0,0,1,0
8,10.0,5100,2017,4,6,1,0,0,0,1,0
8,10.0,5500,2017,4,7,1,0,0,0,1,0
6,10.0,5600,2017,4,8,1,0,0,0,1,0
5,10.0,36500,2017,4,14,1,0,0,0,1,0
53,10.0,39900,2017,4,17,1,0,0,0,1,0
10,10.0,35000,2017,4,21,1,0,0,0,1,0
10,10.0,35000,2017,4,22,1,0,0,0,1,0
5,10.0,35000,2017,4,24,1,0,0,0,1,0
10,10.0,33000,2017,4,26,1,0,0,0,1,0
7,10.0,33000,2017,4,27,1,0,0,0,1,0
10,10.0,33000,2017,4,28,1,0,0,0,1,0
10,10.0,33000,2017,4,29,1,0,0,0,1,0
16,10.0,33000,2017,5,1,1,0,0,0,1,0
15,10.0,33000,2017,5,2,1,0,0,0,1,0
10,10.0,33000,2017,5,4,1,0,0,0,1,0
7,10.0,33000,2017,5,6,1,0,0,0,1,0
14,10.0,33000,2017,5,9,1,0,0,0,1,0
5,10.0,33000,2017,5,10,1,0,0,0,1,0
7,10.0,33000,2017,5,11,1,0,0,0,1,0
5,10.0,33000,2017,5,13,1,0,0,0,1,0
8,10.0,33000,2017,5,16,1,0,0,0,1,0
9,10.0,33000,2017,5,17,1,0,0,0,1,0
3,10.0,33000,2017,5,18,1,0,0,0,1,0
3,10.0,33000,2017,5,20,1,0,0,0,1,0
5,10.0,33000,2017,5,22,1,0,0,0,1,0
7,10.0,33000,2017,5,24,1,0,0,0,1,0
7,10.0,33000,2017,5,25,1,0,0,0,1,0
2,10.0,33000,2017,5,26,1,0,0,0,1,0
3,10.0,33000,2017,5,27,1,0,0,0,1,0
3,10.0,33000,2017,5,29,1,0,0,0,1,0
27,10.0,40500,2017,5,31,1,0,0,0,1,0
10,10.0,39000,2017,6,1,1,0,0,0,1,0
5,10.0,28600,2017,6,2,1,0,0,0,1,0
10,10.0,26200,2017,6,3,1,0,0,0,1,0
5,10.0,31200,2017,6,6,1,0,0,0,1,0
3,10.0,33000,2017,6,7,1,0,0,0,1,0
15,10.0,36800,2017,6,8,1,0,0,0,1,0
4,10.0,33000,2017,6,9,1,0,0,0,1,0
6,10.0,33000,2017,6,10,1,0,0,0,1,0
8,10.0,35300,2017,6,12,1,0,0,0,1,0
10,10.0,35200,2017,6,13,1,0,0,0,1,0
6,10.0,38000,2017,6,14,1,0,0,0,1,0
6,10.0,41000,2017,6,15,1,0,0,0,1,0
8,10.0,40800,2017,6,16,1,0,0,0,1,0
10,10.0,40600,2017,6,17,1,0,0,0,1,0
15,10.0,40200,2017,6,19,1,0,0,0,1,0
12,10.0,40200,2017,6,20,1,0,0,0,1,0
12,10.0,39300,2017,6,21,1,0,0,0,1,0
5,10.0,39000,2017,6,23,1,0,0,0,1,0
20,10.0,37900,2017,6,24,1,0,0,0,1,0
11,10.0,38100,2017,6,28,1,0,0,0,1,0
11,10.0,38600,2017,6,29,1,0,0,0,1,0
16,10.0,27400,2017,7,1,1,0,0,0,1,0
8,10.0,40100,2017,7,4,1,0,0,0,1,0
8,10.0,40900,2017,7,5,1,0,0,0,1,0
13,10.0,38100,2017,7,12,1,0,0,0,1,0
10,10.0,38200,2017,7,13,1,0,0,0,1,0
17,10.0,33500,2017,7,15,1,0,0,0,1,0
12,10.0,37000,2017,7,20,1,0,0,0,1,0
7,10.0,41000,2017,7,21,1,0,0,0,1,0
12,10.0,35700,2017,7,22,1,0,0,0,1,0
5,10.0,35800,2017,7,24,1,0,0,0,1,0
28,10.0,34900,2017,8,3,1,0,0,0,1,0
13,10.0,33100,2017,8,8,1,0,0,0,1,0
15,10.0,33500,2017,8,10,1,0,0,0,1,0
12,10.0,35500,2017,8,14,1,0,0,0,1,0
12,10.0,34200,2017,8,16,1,0,0,0,1,0
10,10.0,32300,2017,8,21,1,0,0,0,1,0
14,10.0,2600,2017,9,2,1,0,0,0,1,0
5,10.0,18000,2017,9,7,1,0,0,0,1,0
10,10.0,25000,2017,9,19,1,0,0,0,1,0
16,10.0,25800,2017,9,20,1,0,0,0,1,0
11,10.0,25000,2017,9,21,1,0,0,0,1,0
22,10.0,25700,2017,9,22,1,0,0,0,1,0
35,10.0,18500,2017,9,23,1,0,0,0,1,0
30,10.0,25300,2017,9,25,1,0,0,0,1,0
23,10.0,25000,2017,9,26,1,0,0,0,1,0
8,10.0,11300,2017,9,27,1,0,0,0,1,0
6,10.0,3300,2017,9,28,1,0,0,0,1,0
6,10.0,3100,2017,9,29,1,0,0,0,1,0
67,10.0,15500,2017,9,30,1,0,0,0,1,0
10,10.0,3600,2017,10,2,1,0,0,0,1,0
38,10.0,13300,2017,10,9,1,0,0,0,1,0
2,10.0,30000,2017,10,10,1,0,0,0,1,0
21,10.0,20100,2017,10,11,1,0,0,0,1,0
20,10.0,16800,2017,10,12,1,0,0,0,1,0
13,10.0,2100,2017,10,13,1,0,0,0,1,0
17,10.0,17300,2017,10,16,1,0,0,0,1,0
28,10.0,16300,2017,10,17,1,0,0,0,1,0
32,10.0,16100,2017,10,18,1,0,0,0,1,0
11,10.0,23000,2017,10,19,1,0,0,0,1,0
27,10.0,16000,2017,10,20,1,0,0,0,1,0
28,10.0,16600,2017,10,21,1,0,0,0,1,0
18,10.0,15600,2017,10,23,1,0,0,0,1,0
21,10.0,14200,2017,10,24,1,0,0,0,1,0
17,10.0,14000,2017,10,25,1,0,0,0,1,0
19,10.0,14900,2017,10,26,1,0,0,0,1,0
65,10.0,23400,2017,10,27,1,0,0,0,1,0
44,10.0,16800,2017,10,28,1,0,0,0,1,0
55,10.0,17500,2017,10,30,1,0,0,0,1,0
25,10.0,16200,2017,10,31,1,0,0,0,1,0
21,10.0,13500,2017,11,1,1,0,0,0,1,0
50,10.0,14700,2017,11,2,1,0,0,0,1,0
120,10.0,21200,2017,11,3,1,0,0,0,1,0
30,10.0,25000,2017,11,4,1,0,0,0,1,0
30,10.0,25000,2017,11,6,1,0,0,0,1,0
62,10.0,20700,2017,11,7,1,0,0,0,1,0
40,10.0,19100,2017,11,8,1,0,0,0,1,0
33,10.0,22900,2017,11,9,1,0,0,0,1,0
57,10.0,22100,2017,11,10,1,0,0,0,1,0
21,10.0,23900,2017,11,11,1,0,0,0,1,0
30,10.0,25000,2017,11,14,1,0,0,0,1,0
53,10.0,18700,2017,11,15,1,0,0,0,1,0
30,10.0,25000,2017,11,16,1,0,0,0,1,0
85,10.0,19300,2017,11,17,1,0,0,0,1,0
75,10.0,19400,2017,11,18,1,0,0,0,1,0
32,10.0,23500,2017,11,20,1,0,0,0,1,0
16,10.0,23500,2017,11,21,1,0,0,0,1,0
45,10.0,22500,2017,11,22,1,0,0,0,1,0
20,10.0,25200,2017,11,23,1,0,0,0,1,0
52,10.0,24200,2017,11,24,1,0,0,0,1,0
51,10.0,15000,2017,11,25,1,0,0,0,1,0
21,10.0,15800,2017,11,27,1,0,0,0,1,0
23,10.0,22100,2017,11,28,1,0,0,0,1,0
103,10.0,17600,2017,11,29,1,0,0,0,1,0
52,10.0,17000,2017,11,30,1,0,0,0,1,0
25,10.0,20200,2017,12,1,1,0,0,0,1,0
41,10.0,15700,2017,12,2,1,0,0,0,1,0
35,10.0,22900,2017,12,4,1,0,0,0,1,0
36,10.0,24900,2017,12,6,1,0,0,0,1,0
29,10.0,25800,2017,12,7,1,0,0,0,1,0
29,10.0,24200,2017,12,8,1,0,0,0,1,0
50,10.0,23800,2017,12,9,1,0,0,0,1,0
35,10.0,28600,2017,12,11,1,0,0,0,1,0
40,10.0,27000,2017,12,12,1,0,0,0,1,0
1,10.0,2000,2017,12,14,1,0,0,0,1,0
42,10.0,19000,2017,12,15,1,0,0,0,1,0
39,10.0,19900,2017,12,16,1,0,0,0,1,0
15,10.0,21100,2017,12,18,1,0,0,0,1,0
26,10.0,20500,2017,12,20,1,0,0,0,1,0
14,10.0,19000,2017,12,21,1,0,0,0,1,0
78,10.0,19700,2017,12,22,1,0,0,0,1,0
86,10.0,20000,2017,12,23,1,0,0,0,1,0
20,10.0,26000,2017,12,25,1,0,0,0,1,0
14,10.0,19000,2017,12,26,1,0,0,0,1,0
28,10.0,20900,2017,12,27,1,0,0,0,1,0
101,10.0,21000,2017,12,28,1,0,0,0,1,0
18,10.0,22100,2017,12,29,1,0,0,0,1,0
22,10.0,24800,2017,12,30,1,0,0,0,1,0
59,10.0,21200,2018,1,2,1,0,0,0,1,0
42,10.0,22100,2018,1,3,1,0,0,0,1,0
35,10.0,24000,2018,1,4,1,0,0,0,1,0
44,10.0,20700,2018,1,5,1,0,0,0,1,0
80,10.0,21000,2018,1,6,1,0,0,0,1,0
57,10.0,21100,2018,1,8,1,0,0,0,1,0
45,10.0,21100,2018,1,9,1,0,0,0,1,0
52,10.0,23300,2018,1,10,1,0,0,0,1,0
46,10.0,19800,2018,1,11,1,0,0,0,1,0
53,10.0,19300,2018,1,12,1,0,0,0,1,0
60,10.0,21700,2018,1,13,1,0,0,0,1,0
62,10.0,22600,2018,1,15,1,0,0,0,1,0
37,10.0,21900,2018,1,16,1,0,0,0,1,0
37,10.0,23400,2018,1,17,1,0,0,0,1,0
22,10.0,13900,2018,1,18,1,0,0,0,1,0
87,10.0,19500,2018,1,19,1,0,0,0,1,0
101,10.0,19900,2018,1,20,1,0,0,0,1,0
61,10.0,23600,2018,1,22,1,0,0,0,1,0
37,10.0,19100,2018,1,23,1,0,0,0,1,0
27,10.0,18300,2018,1,24,1,0,0,0,1,0
36,10.0,21400,2018,1,25,1,0,0,0,1,0
64,10.0,22300,2018,1,26,1,0,0,0,1,0
52,10.0,17600,2018,1,27,1,0,0,0,1,0
45,10.0,20000,2018,1,29,1,0,0,0,1,0
46,10.0,19900,2018,1,30,1,0,0,0,1,0
35,10.0,16600,2018,1,31,1,0,0,0,1,0
29,10.0,34300,2018,2,1,1,0,0,0,1,0
38,10.0,16600,2018,2,2,1,0,0,0,1,0
86,10.0,22900,2018,2,3,1,0,0,0,1,0
43,10.0,18900,2018,2,5,1,0,0,0,1,0
22,10.0,20400,2018,2,6,1,0,0,0,1,0
50,10.0,28500,2018,2,7,1,0,0,0,1,0
55,10.0,24400,2018,2,8,1,0,0,0,1,0
42,10.0,24400,2018,2,9,1,0,0,0,1,0
14,10.0,15800,2018,2,10,1,0,0,0,1,0
44,10.0,24000,2018,2,12,1,0,0,0,1,0
50,10.0,31700,2018,2,13,1,0,0,0,1,0
55,10.0,25500,2018,2,14,1,0,0,0,1,0
38,10.0,17900,2018,2,15,1,0,0,0,1,0
55,10.0,26100,2018,2,20,1,0,0,0,1,0
63,10.0,23500,2018,2,21,1,0,0,0,1,0
73,10.0,24900,2018,2,22,1,0,0,0,1,0
72,10.0,25000,2018,2,23,1,0,0,0,1,0
77,10.0,25700,2018,2,24,1,0,0,0,1,0
71,10.0,23300,2018,2,26,1,0,0,0,1,0
75,10.0,23900,2018,2,27,1,0,0,0,1,0
85,10.0,24700,2018,2,28,1,0,0,0,1,0
43,10.0,24700,2018,3,1,1,0,0,0,1,0
92,10.0,28300,2018,3,2,1,0,0,0,1,0
73,10.0,25100,2018,3,3,1,0,0,0,1,0
114,10.0,28900,2018,3,5,1,0,0,0,1,0
58,10.0,27900,2018,3,6,1,0,0,0,1,0
66,10.0,24600,2018,3,7,1,0,0,0,1,0
54,10.0,32900,2018,3,8,1,0,0,0,1,0
53,10.0,26100,2018,3,9,1,0,0,0,1,0
54,10.0,26600,2018,3,10,1,0,0,0,1,0
67,10.0,26900,2018,3,12,1,0,0,0,1,0
69,10.0,34900,2018,3,13,1,0,0,0,1,0
28,10.0,26400,2018,3,14,1,0,0,0,1,0
81,10.0,26700,2018,3,16,1,0,0,0,1,0
27,10.0,19100,2018,3,17,1,0,0,0,1,0
71,10.0,24600,2018,3,19,1,0,0,0,1,0
40,10.0,18200,2018,3,20,1,0,0,0,1,0
82,10.0,27100,2018,3,21,1,0,0,0,1,0
72,10.0,34700,2018,3,22,1,0,0,0,1,0
78,10.0,30000,2018,3,23,1,0,0,0,1,0
54,10.0,28100,2018,3,24,1,0,0,0,1,0
60,10.0,26700,2018,3,26,1,0,0,0,1,0
89,10.0,28300,2018,3,27,1,0,0,0,1,0
55,10.0,30000,2018,3,28,1,0,0,0,1,0
47,10.0,35000,2018,3,29,1,0,0,0,1,0
109,10.0,29100,2018,3,30,1,0,0,0,1,0
84,10.0,30000,2018,3,31,1,0,0,0,1,0
108,10.0,28600,2018,4,2,1,0,0,0,1,0
83,10.0,28800,2018,4,3,1,0,0,0,1,0
127,10.0,29600,2018,4,4,1,0,0,0,1,0
80,10.0,29700,2018,4,5,1,0,0,0,1,0
45,10.0,31100,2018,4,6,1,0,0,0,1,0
110,10.0,33200,2018,4,7,1,0,0,0,1,0
116,10.0,29700,2018,4,9,1,0,0,0,1,0
88,10.0,30000,2018,4,10,1,0,0,0,1,0
74,10.0,30200,2018,4,11,1,0,0,0,1,0
13,10.0,30000,2018,4,12,1,0,0,0,1,0
5,10.0,5500,2018,4,13,1,0,0,0,1,0
113,10.0,29800,2018,4,14,1,0,0,0,1,0
124,10.0,31000,2018,4,16,1,0,0,0,1,0
107,10.0,30700,2018,4,17,1,0,0,0,1,0
70,10.0,31100,2018,4,18,1,0,0,0,1,0
72,10.0,31200,2018,4,19,1,0,0,0,1,0
52,10.0,32000,2018,4,21,1,0,0,0,1,0
23,10.0,32000,2018,4,23,1,0,0,0,1,0
101,10.0,32000,2018,4,24,1,0,0,0,1,0
70,10.0,28700,2018,4,26,1,0,0,0,1,0
49,10.0,32000,2018,4,27,1,0,0,0,1,0
53,10.0,32000,2018,4,28,1,0,0,0,1,0
82,10.0,32000,2018,4,30,1,0,0,0,1,0
35,10.0,32000,2018,5,2,1,0,0,0,1,0
35,10.0,32000,2018,5,3,1,0,0,0,1,0
39,10.0,35800,2018,5,5,1,0,0,0,1,0
60,10.0,32000,2018,5,7,1,0,0,0,1,0
99,10.0,33200,2018,5,8,1,0,0,0,1,0
44,10.0,45000,2018,5,9,1,0,0,0,1,0
85,10.0,32000,2018,5,10,1,0,0,0,1,0
75,10.0,31100,2018,5,11,1,0,0,0,1,0
43,10.0,33600,2018,5,12,1,0,0,0,1,0
126,10.0,31900,2018,5,14,1,0,0,0,1,0
112,10.0,34600,2018,5,15,1,0,0,0,1,0
59,10.0,30600,2018,5,16,1,0,0,0,1,0
49,10.0,32400,2018,5,17,1,0,0,0,1,0
39,10.0,40400,2018,5,18,1,0,0,0,1,0
27,10.0,38100,2018,5,19,1,0,0,0,1,0
53,10.0,36600,2018,5,22,1,0,0,0,1,0
45,10.0,32000,2018,5,23,1,0,0,0,1,0
36,10.0,32000,2018,5,24,1,0,0,0,1,0
51,10.0,32000,2018,5,25,1,0,0,0,1,0
76,10.0,24100,2018,5,26,1,0,0,0,1,0
52,10.0,32300,2018,5,28,1,0,0,0,1,0
27,10.0,11600,2018,5,30,1,0,0,0,1,0
32,10.0,37100,2018,5,31,1,0,0,0,1,0
35,10.0,41400,2018,6,1,1,0,0,0,1,0
93,10.0,36600,2018,6,6,1,0,0,0,1,0
27,10.0,26500,2018,6,7,1,0,0,0,1,0
78,10.0,31300,2018,6,8,1,0,0,0,1,0
36,10.0,29400,2018,6,9,1,0,0,0,1,0
66,10.0,32100,2018,6,11,1,0,0,0,1,0
55,10.0,31600,2018,6,12,1,0,0,0,1,0
78,10.0,31100,2018,6,13,1,0,0,0,1,0
44,10.0,39500,2018,6,14,1,0,0,0,1,0
46,10.0,36700,2018,6,16,1,0,0,0,1,0
40,10.0,32000,2018,6,18,1,0,0,0,1,0
42,10.0,32000,2018,6,19,1,0,0,0,1,0
21,10.0,31700,2018,6,21,1,0,0,0,1,0
36,10.0,45700,2018,6,22,1,0,0,0,1,0
5,10.0,33000,2018,6,28,1,0,0,0,1,0
20,10.0,38200,2018,7,11,1,0,0,0,1,0
18,10.0,31000,2018,7,12,1,0,0,0,1,0
15,10.0,29800,2018,7,14,1,0,0,0,1,0
15,10.0,35000,2018,7,16,1,0,0,0,1,0
10,10.0,10000,2018,7,20,1,0,0,0,1,0
5,10.0,37000,2018,8,22,1,0,0,0,1,0
8,10.0,37000,2018,8,23,1,0,0,0,1,0
8,10.0,16000,2018,9,10,1,0,0,0,1,0
34,10.0,15400,2018,9,12,1,0,0,0,1,0
44,10.0,19900,2018,9,15,1,0,0,0,1,0
10,10.0,17300,2018,9,17,1,0,0,0,1,0
16,10.0,20000,2018,9,19,1,0,0,0,1,0
21,10.0,17500,2018,9,20,1,0,0,0,1,0
25,10.0,14200,2018,9,22,1,0,0,0,1,0
34,10.0,18500,2018,9,29,1,0,0,0,1,0
10,10.0,23000,2018,10,1,1,0,0,0,1,0
36,10.0,18300,2018,10,2,1,0,0,0,1,0
70,10.0,19900,2018,10,3,1,0,0,0,1,0
51,10.0,17500,2018,10,5,1,0,0,0,1,0
83,10.0,19400,2018,10,6,1,0,0,0,1,0
95,10.0,17500,2018,10,8,1,0,0,0,1,0
93,10.0,22900,2018,10,9,1,0,0,0,1,0
115,10.0,21800,2018,10,10,1,0,0,0,1,0
55,10.0,20100,2018,10,11,1,0,0,0,1,0
86,10.0,26000,2018,10,12,1,0,0,0,1,0
58,10.0,21000,2018,10,13,1,0,0,0,1,0
63,10.0,22100,2018,10,15,1,0,0,0,1,0
116,10.0,22300,2018,10,16,1,0,0,0,1,0
146,10.0,20200,2018,10,17,1,0,0,0,1,0
101,10.0,20500,2018,10,18,1,0,0,0,1,0
84,10.0,17300,2018,10,19,1,0,0,0,1,0
42,10.0,21800,2018,10,20,1,0,0,0,1,0
126,10.0,21100,2018,10,22,1,0,0,0,1,0
156,10.0,18800,2018,10,23,1,0,0,0,1,0
161,10.0,21900,2018,10,24,1,0,0,0,1,0
72,10.0,21000,2018,10,25,1,0,0,0,1,0
96,10.0,18900,2018,10,26,1,0,0,0,1,0
96,10.0,24400,2018,10,27,1,0,0,0,1,0
122,10.0,24100,2018,10,29,1,0,0,0,1,0
214,10.0,23800,2018,10,30,1,0,0,0,1,0
112,10.0,23100,2018,10,31,1,0,0,0,1,0
134,10.0,21100,2018,11,1,1,0,0,0,1,0
289,10.0,21600,2018,11,2,1,0,0,0,1,0
105,10.0,24600,2018,11,3,1,0,0,0,1,0
116,10.0,24800,2018,11,5,1,0,0,0,1,0
248,10.0,22300,2018,11,6,1,0,0,0,1,0
230,10.0,24200,2018,11,7,1,0,0,0,1,0
159,10.0,26700,2018,11,8,1,0,0,0,1,0
302,10.0,22300,2018,11,9,1,0,0,0,1,0
143,10.0,22900,2018,11,10,1,0,0,0,1,0
160,10.0,24200,2018,11,12,1,0,0,0,1,0
150,10.0,23600,2018,11,13,1,0,0,0,1,0
245,10.0,24700,2018,11,14,1,0,0,0,1,0
206,10.0,23000,2018,11,15,1,0,0,0,1,0
110,10.0,20200,2018,11,16,1,0,0,0,1,0
110,10.0,24900,2018,11,17,1,0,0,0,1,0
251,10.0,22600,2018,11,19,1,0,0,0,1,0
135,10.0,22200,2018,11,20,1,0,0,0,1,0
250,10.0,23800,2018,11,21,1,0,0,0,1,0
120,10.0,27100,2018,11,22,1,0,0,0,1,0
339,10.0,22300,2018,11,23,1,0,0,0,1,0
112,10.0,22300,2018,11,24,1,0,0,0,1,0
164,10.0,24600,2018,11,26,1,0,0,0,1,0
243,10.0,23700,2018,11,27,1,0,0,0,1,0
227,10.0,25000,2018,11,28,1,0,0,0,1,0
187,10.0,25000,2018,11,29,1,0,0,0,1,0
204,10.0,21300,2018,11,30,1,0,0,0,1,0
268,10.0,22600,2018,12,1,1,0,0,0,1,0
176,10.0,24100,2018,12,3,1,0,0,0,1,0
153,10.0,22500,2018,12,4,1,0,0,0,1,0
214,10.0,25400,2018,12,5,1,0,0,0,1,0
282,10.0,22100,2018,12,6,1,0,0,0,1,0
335,10.0,23800,2018,12,7,1,0,0,0,1,0
384,10.0,22100,2018,12,8,1,0,0,0,1,0
153,10.0,23200,2018,12,10,1,0,0,0,1,0
212,10.0,25100,2018,12,11,1,0,0,0,1,0
170,10.0,26300,2018,12,12,1,0,0,0,1,0
312,10.0,25000,2018,12,13,1,0,0,0,1,0
366,10.0,24500,2018,12,14,1,0,0,0,1,0
327,10.0,24900,2018,12,15,1,0,0,0,1,0
221,10.0,25100,2018,12,17,1,0,0,0,1,0
105,10.0,26000,2018,12,18,1,0,0,0,1,0
231,10.0,26500,2018,12,19,1,0,0,0,1,0
72,10.0,28100,2018,12,20,1,0,0,0,1,0
118,10.0,22900,2018,12,21,1,0,0,0,1,0
37,10.0,25400,2018,12,22,1,0,0,0,1,0
151,10.0,24000,2018,12,24,1,0,0,0,1,0
72,10.0,23100,2018,12,25,1,0,0,0,1,0
152,10.0,24700,2018,12,26,1,0,0,0,1,0
155,10.0,23500,2018,12,27,1,0,0,0,1,0
189,10.0,22600,2018,12,28,1,0,0,0,1,0
195,10.0,23200,2018,12,29,1,0,0,0,1,0
168,10.0,22900,2018,12,31,1,0,0,0,1,0
214,10.0,26900,2019,1,2,1,0,0,0,1,0
164,10.0,24700,2019,1,3,1,0,0,0,1,0
177,10.0,23800,2019,1,4,1,0,0,0,1,0
336,10.0,23000,2019,1,5,1,0,0,0,1,0
87,10.0,22700,2019,1,7,1,0,0,0,1,0
155,10.0,23700,2019,1,8,1,0,0,0,1,0
130,10.0,24100,2019,1,9,1,0,0,0,1,0
110,10.0,28000,2019,1,10,1,0,0,0,1,0
315,10.0,22900,2019,1,11,1,0,0,0,1,0
229,10.0,22000,2019,1,12,1,0,0,0,1,0
105,10.0,21900,2019,1,14,1,0,0,0,1,0
113,10.0,22300,2019,1,15,1,0,0,0,1,0
205,10.0,26200,2019,1,16,1,0,0,0,1,0
139,10.0,24700,2019,1,17,1,0,0,0,1,0
378,10.0,22500,2019,1,18,1,0,0,0,1,0
236,10.0,26100,2019,1,19,1,0,0,0,1,0
148,10.0,25200,2019,1,21,1,0,0,0,1,0
120,10.0,25700,2019,1,22,1,0,0,0,1,0
223,10.0,24100,2019,1,23,1,0,0,0,1,0
150,10.0,21200,2019,1,24,1,0,0,0,1,0
182,10.0,23800,2019,1,25,1,0,0,0,1,0
113,10.0,23800,2019,1,26,1,0,0,0,1,0
152,10.0,24700,2019,1,28,1,0,0,0,1,0
116,10.0,23100,2019,1,29,1,0,0,0,1,0
189,10.0,24500,2019,1,30,1,0,0,0,1,0
135,10.0,23300,2019,1,31,1,0,0,0,1,0
152,10.0,24700,2019,2,1,1,0,0,0,1,0
227,10.0,22800,2019,2,2,1,0,0,0,1,0
90,10.0,23300,2019,2,3,1,0,0,0,1,0
156,10.0,25000,2019,2,8,1,0,0,0,1,0
223,10.0,24400,2019,2,9,1,0,0,0,1,0
119,10.0,23000,2019,2,11,1,0,0,0,1,0
132,10.0,22500,2019,2,12,1,0,0,0,1,0
129,10.0,25400,2019,2,13,1,0,0,0,1,0
143,10.0,22800,2019,2,14,1,0,0,0,1,0
168,10.0,24500,2019,2,15,1,0,0,0,1,0
141,10.0,21800,2019,2,16,1,0,0,0,1,0
125,10.0,23800,2019,2,18,1,0,0,0,1,0
70,10.0,24300,2019,2,19,1,0,0,0,1,0
60,10.0,25000,2019,2,20,1,0,0,0,1,0
91,10.0,24700,2019,2,21,1,0,0,0,1,0
50,10.0,30000,2019,2,22,1,0,0,0,1,0
82,10.0,25800,2019,2,23,1,0,0,0,1,0
80,10.0,24000,2019,2,25,1,0,0,0,1,0
70,10.0,25700,2019,2,26,1,0,0,0,1,0
124,10.0,22700,2019,2,27,1,0,0,0,1,0
147,10.0,22200,2019,2,28,1,0,0,0,1,0
185,10.0,23400,2019,3,1,1,0,0,0,1,0
123,10.0,22000,2019,3,2,1,0,0,0,1,0
144,10.0,22900,2019,3,4,1,0,0,0,1,0
50,10.0,25100,2019,3,5,1,0,0,0,1,0
138,10.0,22100,2019,3,6,1,0,0,0,1,0
178,10.0,23200,2019,3,7,1,0,0,0,1,0
200,10.0,23100,2019,3,8,1,0,0,0,1,0
117,10.0,22000,2019,3,9,1,0,0,0,1,0
144,10.0,23200,2019,3,11,1,0,0,0,1,0
150,10.0,23800,2019,3,12,1,0,0,0,1,0
189,10.0,24100,2019,3,13,1,0,0,0,1,0
204,10.0,22900,2019,3,14,1,0,0,0,1,0
153,10.0,21700,2019,3,15,1,0,0,0,1,0
210,10.0,24000,2019,3,16,1,0,0,0,1,0
143,10.0,23500,2019,3,18,1,0,0,0,1,0
147,10.0,22800,2019,3,19,1,0,0,0,1,0
121,10.0,22000,2019,3,20,1,0,0,0,1,0
85,10.0,21800,2019,3,21,1,0,0,0,1,0
96,10.0,24200,2019,3,22,1,0,0,0,1,0
7,10.0,18000,2019,3,27,1,0,0,0,1,0
3,10.0,30000,2019,3,30,1,0,0,0,1,0
19,10.0,25300,2019,4,5,1,0,0,0,1,0
5,10.0,3000,2019,4,11,1,0,0,0,1,0
5,10.0,2500,2019,4,12,1,0,0,0,1,0
2,10.0,27300,2019,4,13,1,0,0,0,1,0
2,10.0,11600,2019,4,15,1,0,0,0,1,0
3,10.0,1100,2019,4,17,1,0,0,0,1,0
23,10.0,25700,2019,4,18,1,0,0,0,1,0
26,10.0,24000,2019,4,19,1,0,0,0,1,0
40,10.0,21600,2019,4,22,1,0,0,0,1,0
5,10.0,2000,2019,4,24,1,0,0,0,1,0
66,10.0,16800,2019,4,25,1,0,0,0,1,0
5,10.0,1500,2019,4,26,1,0,0,0,1,0
3,10.0,2500,2019,4,27,1,0,0,0,1,0
3,10.0,3100,2019,4,30,1,0,0,0,1,0
3,10.0,2100,2019,5,3,1,0,0,0,1,0
1,10.0,1800,2019,5,4,1,0,0,0,1,0
41,10.0,15200,2019,5,7,1,0,0,0,1,0
27,10.0,19200,2019,5,8,1,0,0,0,1,0
16,10.0,15400,2019,5,13,1,0,0,0,1,0
14,10.0,15000,2019,5,14,1,0,0,0,1,0
3,10.0,1700,2019,5,15,1,0,0,0,1,0
1,10.0,1800,2019,5,18,1,0,0,0,1,0
36,10.0,16000,2019,5,21,1,0,0,0,1,0
23,10.0,14000,2019,5,22,1,0,0,0,1,0
22,10.0,22300,2019,5,23,1,0,0,0,1,0
12,10.0,13900,2019,5,24,1,0,0,0,1,0
1,10.0,1700,2019,5,25,1,0,0,0,1,0
2,10.0,2100,2019,5,28,1,0,0,0,1,0
38,10.0,17500,2019,5,29,1,0,0,0,1,0
3,10.0,2500,2019,5,30,1,0,0,0,1,0
3,10.0,3100,2019,5,31,1,0,0,0,1,0
2,10.0,3100,2019,6,1,1,0,0,0,1,0
33,10.0,21500,2019,6,3,1,0,0,0,1,0
51,10.0,18200,2019,6,4,1,0,0,0,1,0
7,10.0,2600,2019,6,5,1,0,0,0,1,0
16,10.0,11000,2019,6,6,1,0,0,0,1,0
9,10.0,17900,2019,6,7,1,0,0,0,1,0
1,10.0,2500,2019,6,8,1,0,0,0,1,0
1,10.0,1000,2019,6,12,1,0,0,0,1,0
3,10.0,1500,2019,6,14,1,0,0,0,1,0
5,10.0,2500,2019,6,15,1,0,0,0,1,0
1,10.0,1900,2019,6,17,1,0,0,0,1,0
6,10.0,2200,2019,6,18,1,0,0,0,1,0
2,10.0,2200,2019,6,19,1,0,0,0,1,0
1,10.0,1800,2019,6,20,1,0,0,0,1,0
3,10.0,2000,2019,6,21,1,0,0,0,1,0
1,10.0,1000,2019,6,22,1,0,0,0,1,0
2,10.0,1000,2019,6,24,1,0,0,0,1,0
26,10.0,17500,2019,7,2,1,0,0,0,1,0
15,10.0,17600,2019,7,3,1,0,0,0,1,0
19,10.0,14500,2019,7,4,1,0,0,0,1,0
18,10.0,12100,2019,7,8,1,0,0,0,1,0
5,10.0,24500,2019,7,17,1,0,0,0,1,0
6,10.0,30100,2019,8,19,1,0,0,0,1,0
25,10.0,12200,2019,9,7,1,0,0,0,1,0
31,10.0,10600,2019,9,9,1,0,0,0,1,0
12,10.0,23500,2019,9,11,1,0,0,0,1,0
2,10.0,21000,2019,9,16,1,0,0,0,1,0
21,10.0,15900,2019,9,18,1,0,0,0,1,0
38,10.0,8200,2019,9,19,1,0,0,0,1,0
20,10.0,23500,2019,9,21,1,0,0,0,1,0
25,10.0,18200,2019,9,24,1,0,0,0,1,0
22,10.0,19500,2019,9,25,1,0,0,0,1,0
10,10.0,21000,2019,9,26,1,0,0,0,1,0
86,10.0,17300,2019,9,27,1,0,0,0,1,0
39,10.0,21300,2019,9,28,1,0,0,0,1,0
52,10.0,20800,2019,9,30,1,0,0,0,1,0
20,10.0,19600,2019,10,1,1,0,0,0,1,0
91,10.0,16300,2019,10,2,1,0,0,0,1,0
52,10.0,15100,2019,10,3,1,0,0,0,1,0
53,10.0,14000,2019,10,4,1,0,0,0,1,0
65,10.0,17700,2019,10,5,1,0,0,0,1,0
71,10.0,14600,2019,10,7,1,0,0,0,1,0
67,10.0,15700,2019,10,8,1,0,0,0,1,0
60,10.0,15600,2019,10,9,1,0,0,0,1,0
88,10.0,16700,2019,10,10,1,0,0,0,1,0
42,10.0,18300,2019,10,11,1,0,0,0,1,0
68,10.0,17000,2019,10,12,1,0,0,0,1,0
80,10.0,15100,2019,10,14,1,0,0,0,1,0
20,10.0,13300,2019,10,15,1,0,0,0,1,0
30,10.0,18900,2019,10,16,1,0,0,0,1,0
20,10.0,23400,2019,10,17,1,0,0,0,1,0
54,10.0,22800,2019,10,18,1,0,0,0,1,0
7,10.0,32200,2019,10,19,1,0,0,0,1,0
14,10.0,33000,2019,10,21,1,0,0,0,1,0
18,10.0,30300,2019,10,22,1,0,0,0,1,0
18,10.0,28600,2019,10,23,1,0,0,0,1,0
62,10.0,24400,2019,10,24,1,0,0,0,1,0
65,10.0,22600,2019,10,25,1,0,0,0,1,0
78,10.0,20100,2019,10,26,1,0,0,0,1,0
50,10.0,23100,2019,10,28,1,0,0,0,1,0
67,10.0,24000,2019,10,29,1,0,0,0,1,0
78,10.0,21500,2019,10,30,1,0,0,0,1,0
103,10.0,21900,2019,10,31,1,0,0,0,1,0
29,10.0,21400,2019,11,1,1,0,0,0,1,0
13,10.0,21000,2019,11,4,1,0,0,0,1,0
25,10.0,25200,2019,11,5,1,0,0,0,1,0
20,10.0,21400,2019,11,6,1,0,0,0,1,0
20,10.0,21600,2019,11,7,1,0,0,0,1,0
48,10.0,19400,2019,11,8,1,0,0,0,1,0
34,10.0,20200,2019,11,9,1,0,0,0,1,0
46,10.0,22600,2019,11,11,1,0,0,0,1,0
77,10.0,20500,2019,11,12,1,0,0,0,1,0
52,10.0,18700,2019,11,13,1,0,0,0,1,0
12,10.0,24300,2019,11,15,1,0,0,0,1,0
31,10.0,27900,2019,11,16,1,0,0,0,1,0
32,10.0,23600,2019,11,18,1,0,0,0,1,0
33,10.0,20700,2019,11,19,1,0,0,0,1,0
30,10.0,28300,2019,11,21,1,0,0,0,1,0
29,10.0,21500,2019,11,22,1,0,0,0,1,0
36,10.0,19900,2019,11,23,1,0,0,0,1,0
16,10.0,20700,2019,11,27,1,0,0,0,1,0
12,10.0,21300,2019,11,28,1,0,0,0,1,0
48,10.0,19500,2019,11,29,1,0,0,0,1,0
52,10.0,23200,2019,11,30,1,0,0,0,1,0
48,10.0,24100,2019,12,2,1,0,0,0,1,0
15,10.0,27300,2019,12,3,1,0,0,0,1,0
37,10.0,25000,2019,12,4,1,0,0,0,1,0
27,10.0,22900,2019,12,5,1,0,0,0,1,0
34,10.0,21200,2019,12,6,1,0,0,0,1,0
37,10.0,24800,2019,12,7,1,0,0,0,1,0
25,10.0,25100,2019,12,9,1,0,0,0,1,0
10,10.0,24200,2019,12,10,1,0,0,0,1,0
19,10.0,23600,2019,12,11,1,0,0,0,1,0
18,10.0,23400,2019,12,12,1,0,0,0,1,0
25,10.0,20600,2019,12,13,1,0,0,0,1,0
36,10.0,22200,2019,12,14,1,0,0,0,1,0
70,10.0,21400,2019,12,16,1,0,0,0,1,0
21,10.0,24600,2019,12,17,1,0,0,0,1,0
71,10.0,22200,2019,12,18,1,0,0,0,1,0
68,10.0,23200,2019,12,19,1,0,0,0,1,0
20,10.0,25500,2019,12,20,1,0,0,0,1,0
63,10.0,24000,2019,12,21,1,0,0,0,1,0
56,10.0,25800,2019,12,23,1,0,0,0,1,0
48,10.0,24600,2019,12,24,1,0,0,0,1,0
61,10.0,23200,2019,12,25,1,0,0,0,1,0
33,10.0,23700,2019,12,26,1,0,0,0,1,0
33,10.0,25900,2019,12,27,1,0,0,0,1,0
5,10.0,27400,2019,12,28,1,0,0,0,1,0
35,10.0,25600,2019,12,30,1,0,0,0,1,0
58,10.0,22000,2019,12,31,1,0,0,0,1,0
39,10.0,23000,2020,1,3,1,0,0,0,1,0
42,10.0,24300,2020,1,4,1,0,0,0,1,0
31,10.0,24900,2020,1,6,1,0,0,0,1,0
14,10.0,22100,2020,1,7,1,0,0,0,1,0
45,10.0,22100,2020,1,8,1,0,0,0,1,0
10,10.0,21000,2020,1,9,1,0,0,0,1,0
31,10.0,25400,2020,1,13,1,0,0,0,1,0
35,10.0,25200,2020,1,14,1,0,0,0,1,0
38,10.0,24900,2020,1,15,1,0,0,0,1,0
33,10.0,22400,2020,1,16,1,0,0,0,1,0
20,10.0,25100,2020,1,17,1,0,0,0,1,0
10,10.0,26300,2020,1,18,1,0,0,0,1,0
18,10.0,24900,2020,1,20,1,0,0,0,1,0
35,10.0,24800,2020,1,21,1,0,0,0,1,0
31,10.0,26400,2020,1,22,1,0,0,0,1,0
57,10.0,23100,2020,1,23,1,0,0,0,1,0
15,10.0,26300,2020,1,29,1,0,0,0,1,0
40,10.0,24700,2020,1,30,1,0,0,0,1,0
40,10.0,22900,2020,1,31,1,0,0,0,1,0
40,10.0,26400,2020,2,1,1,0,0,0,1,0
42,10.0,22000,2020,2,3,1,0,0,0,1,0
40,10.0,21300,2020,2,4,1,0,0,0,1,0
70,10.0,19000,2020,2,5,1,0,0,0,1,0
23,10.0,22200,2020,2,6,1,0,0,0,1,0
5,10.0,31600,2020,2,7,1,0,0,0,1,0
26,10.0,23400,2020,2,8,1,0,0,0,1,0
22,10.0,21600,2020,2,10,1,0,0,0,1,0
11,10.0,21100,2020,2,11,1,0,0,0,1,0
10,10.0,16600,2020,2,12,1,0,0,0,1,0
26,10.0,18700,2020,2,13,1,0,0,0,1,0
25,10.0,20400,2020,2,14,1,0,0,0,1,0
10,10.0,20000,2020,2,15,1,0,0,0,1,0
44,10.0,17900,2020,2,17,1,0,0,0,1,0
16,10.0,18200,2020,2,18,1,0,0,0,1,0
7,10.0,18500,2020,2,20,1,0,0,0,1,0
23,10.0,20900,2020,2,21,1,0,0,0,1,0
10,10.0,16200,2020,2,22,1,0,0,0,1,0
63,10.0,24400,2020,2,24,1,0,0,0,1,0
6,10.0,16300,2020,2,25,1,0,0,0,1,0
9,10.0,15200,2020,2,26,1,0,0,0,1,0
43,10.0,19600,2020,2,27,1,0,0,0,1,0
22,10.0,18200,2020,2,28,1,0,0,0,1,0
16,10.0,22200,2020,2,29,1,0,0,0,1,0
22,10.0,20000,2020,3,2,1,0,0,0,1,0
14,10.0,21600,2020,3,3,1,0,0,0,1,0
20,10.0,17800,2020,3,4,1,0,0,0,1,0
13,10.0,24200,2020,3,6,1,0,0,0,1,0
22,10.0,26200,2020,3,11,1,0,0,0,1,0
30,10.0,24900,2020,3,12,1,0,0,0,1,0
24,10.0,24400,2020,3,13,1,0,0,0,1,0
11,10.0,19300,2020,3,18,1,0,0,0,1,0
66,10.0,25500,2020,3,19,1,0,0,0,1,0
30,10.0,23100,2020,3,20,1,0,0,0,1,0
27,10.0,25600,2020,3,21,1,0,0,0,1,0
30,10.0,25900,2020,3,23,1,0,0,0,1,0
28,10.0,24500,2020,3,24,1,0,0,0,1,0
53,10.0,24800,2020,3,25,1,0,0,0,1,0
33,10.0,23000,2020,3,26,1,0,0,0,1,0
25,10.0,23500,2020,3,27,1,0,0,0,1,0
44,10.0,25300,2020,3,28,1,0,0,0,1,0
37,10.0,23000,2020,3,30,1,0,0,0,1,0
43,10.0,21600,2020,3,31,1,0,0,0,1,0
25,10.0,24000,2020,4,1,1,0,0,0,1,0
25,10.0,26700,2020,4,2,1,0,0,0,1,0
33,10.0,21900,2020,4,3,1,0,0,0,1,0
32,10.0,25200,2020,4,4,1,0,0,0,1,0
51,10.0,24500,2020,4,6,1,0,0,0,1,0
56,10.0,23700,2020,4,7,1,0,0,0,1,0
30,10.0,30300,2020,4,8,1,0,0,0,1,0
45,10.0,25900,2020,4,9,1,0,0,0,1,0
50,10.0,20400,2020,4,10,1,0,0,0,1,0
36,10.0,23700,2020,4,11,1,0,0,0,1,0
66,10.0,27700,2020,4,13,1,0,0,0,1,0
35,10.0,27100,2020,4,14,1,0,0,0,1,0
10,10.0,15600,2020,4,15,1,0,0,0,1,0
67,10.0,22500,2020,4,16,1,0,0,0,1,0
61,10.0,29300,2020,4,17,1,0,0,0,1,0
44,10.0,29100,2020,4,18,1,0,0,0,1,0
35,10.0,26900,2020,4,20,1,0,0,0,1,0
50,10.0,25300,2020,4,21,1,0,0,0,1,0
33,10.0,27000,2020,4,22,1,0,0,0,1,0
25,10.0,24900,2020,4,23,1,0,0,0,1,0
64,10.0,18000,2020,4,24,1,0,0,0,1,0
38,10.0,23800,2020,4,25,1,0,0,0,1,0
53,10.0,21100,2020,4,27,1,0,0,0,1,0
32,10.0,21300,2020,4,28,1,0,0,0,1,0
32,10.0,23700,2020,4,29,1,0,0,0,1,0
56,10.0,20100,2020,4,30,1,0,0,0,1,0
36,10.0,21000,2020,5,1,1,0,0,0,1,0
20,10.0,21300,2020,5,2,1,0,0,0,1,0
36,10.0,20900,2020,5,4,1,0,0,0,1,0
20,10.0,31100,2020,5,5,1,0,0,0,1,0
24,10.0,17400,2020,5,7,1,0,0,0,1,0
25,10.0,16800,2020,5,8,1,0,0,0,1,0
4,10.0,2000,2020,5,9,1,0,0,0,1,0
34,10.0,16300,2020,5,11,1,0,0,0,1,0
57,10.0,20700,2020,5,12,1,0,0,0,1,0
17,10.0,25500,2020,5,13,1,0,0,0,1,0
11,10.0,13100,2020,5,14,1,0,0,0,1,0
27,10.0,18900,2020,5,15,1,0,0,0,1,0
15,10.0,29000,2020,5,16,1,0,0,0,1,0
30,10.0,22600,2020,5,19,1,0,0,0,1,0
5,10.0,16200,2020,5,20,1,0,0,0,1,0
16,10.0,20700,2020,5,21,1,0,0,0,1,0
15,10.0,29000,2020,5,22,1,0,0,0,1,0
25,10.0,29300,2020,5,23,1,0,0,0,1,0
34,10.0,24700,2020,5,25,1,0,0,0,1,0
32,10.0,22500,2020,5,26,1,0,0,0,1,0
15,10.0,23500,2020,5,27,1,0,0,0,1,0
9,10.0,13300,2020,5,29,1,0,0,0,1,0
18,10.0,19700,2020,5,30,1,0,0,0,1,0
56,10.0,21200,2020,6,1,1,0,0,0,1,0
18,10.0,16600,2020,6,2,1,0,0,0,1,0
10,10.0,28700,2020,6,4,1,0,0,0,1,0
20,10.0,27800,2020,6,5,1,0,0,0,1,0
22,10.0,22300,2020,6,6,1,0,0,0,1,0
30,10.0,23900,2020,6,8,1,0,0,0,1,0
30,10.0,21500,2020,6,9,1,0,0,0,1,0
23,10.0,16600,2020,6,10,1,0,0,0,1,0
26,10.0,18700,2020,6,15,1,0,0,0,1,0
14,10.0,26900,2020,6,16,1,0,0,0,1,0
10,10.0,30000,2020,6,17,1,0,0,0,1,0
15,10.0,25000,2020,6,18,1,0,0,0,1,0
10,10.0,28100,2020,6,19,1,0,0,0,1,0
16,10.0,30300,2020,6,20,1,0,0,0,1,0
7,10.0,15200,2020,6,25,1,0,0,0,1,0
15,10.0,14200,2020,6,26,1,0,0,0,1,0
13,10.0,42000,2020,6,29,1,0,0,0,1,0
20,10.0,17900,2020,7,3,1,0,0,0,1,0
14,10.0,38200,2020,7,4,1,0,0,0,1,0
13,10.0,51200,2020,7,20,1,0,0,0,1,0
22,10.0,47400,2020,7,27,1,0,0,0,1,0
13,10.0,48900,2020,8,4,1,0,0,0,1,0
14,10.0,22300,2020,9,16,1,0,0,0,1,0
6,10.0,12200,2020,9,25,1,0,0,0,1,0
4,10.0,12000,2020,9,26,1,0,0,0,1,0
7,10.0,18500,2020,9,28,1,0,0,0,1,0
24,10.0,16700,2020,10,5,1,0,0,0,1,0
9,10.0,14200,2020,10,7,1,0,0,0,1,0
12,10.0,14600,2020,10,8,1,0,0,0,1,0
9,10.0,26400,2020,10,9,1,0,0,0,1,0
10,10.0,23000,2020,10,10,1,0,0,0,1,0
16,10.0,28100,2020,10,12,1,0,0,0,1,0
66,10.0,19300,2020,10,13,1,0,0,0,1,0
9,10.0,17100,2020,10,14,1,0,0,0,1,0
6,10.0,14200,2020,10,15,1,0,0,0,1,0
33,10.0,18200,2020,10,16,1,0,0,0,1,0
19,10.0,23900,2020,10,17,1,0,0,0,1,0
5,10.0,16000,2020,10,20,1,0,0,0,1,0
5,10.0,22200,2020,10,23,1,0,0,0,1,0
4,10.0,19000,2020,10,24,1,0,0,0,1,0
10,10.0,20500,2020,10,26,1,0,0,0,1,0
8,10.0,30000,2020,10,28,1,0,0,0,1,0
18,10.0,13700,2020,11,12,1,0,0,0,1,0
11,10.0,13100,2020,11,14,1,0,0,0,1,0
6,10.0,19700,2020,11,17,1,0,0,0,1,0
5,10.0,14000,2020,11,19,1,0,0,0,1,0
9,10.0,26700,2020,11,23,1,0,0,0,1,0
27,10.0,14800,2020,11,24,1,0,0,0,1,0
11,10.0,13000,2020,11,25,1,0,0,0,1,0
14,10.0,12600,2020,11,26,1,0,0,0,1,0
20,10.0,15300,2020,11,27,1,0,0,0,1,0
7,10.0,14100,2020,11,30,1,0,0,0,1,0
19,10.0,15000,2020,12,4,1,0,0,0,1,0
5,10.0,23000,2020,12,5,1,0,0,0,1,0
10,10.0,14500,2020,12,10,1,0,0,0,1,0
5,10.0,30000,2020,12,23,1,0,0,0,1,0
6,10.0,25500,2020,12,24,1,0,0,0,1,0
18,10.0,24900,2020,12,25,1,0,0,0,1,0
3,10.0,10000,2020,12,29,1,0,0,0,1,0
8,10.0,28500,2021,1,6,1,0,0,0,1,0
33,10.0,19100,2021,1,7,1,0,0,0,1,0
10,10.0,23200,2021,1,13,1,0,0,0,1,0
16,10.0,22300,2021,1,14,1,0,0,0,1,0
2,10.0,1500,2021,1,20,1,0,0,0,1,0
13,10.0,16000,2021,2,4,1,0,0,0,1,0
5,10.0,12000,2021,2,6,1,0,0,0,1,0
16,10.0,16400,2021,2,17,1,0,0,0,1,0
30,10.0,12300,2021,2,18,1,0,0,0,1,0
7,10.0,15100,2021,2,19,1,0,0,0,1,0
15,10.0,16900,2021,2,24,1,0,0,0,1,0
15,10.0,15600,2021,3,10,1,0,0,0,1,0
18,10.0,14000,2021,3,11,1,0,0,0,1,0
2,10.0,32000,2021,3,15,1,0,0,0,1,0
17,10.0,12700,2021,3,18,1,0,0,0,1,0
15,10.0,5000,2021,3,19,1,0,0,0,1,0
8,10.0,18500,2021,3,23,1,0,0,0,1,0
20,10.0,20500,2021,3,25,1,0,0,0,1,0
9,10.0,15500,2021,3,26,1,0,0,0,1,0
18,10.0,22100,2021,3,27,1,0,0,0,1,0
33,10.0,20600,2021,3,29,1,0,0,0,1,0
44,10.0,20700,2021,4,1,1,0,0,0,1,0
9,10.0,17000,2021,4,2,1,0,0,0,1,0
7,10.0,28200,2021,4,8,1,0,0,0,1,0
10,10.0,23200,2021,4,10,1,0,0,0,1,0
29,10.0,21100,2021,4,12,1,0,0,0,1,0
7,10.0,20000,2021,4,14,1,0,0,0,1,0
24,10.0,17800,2021,4,15,1,0,0,0,1,0
20,10.0,18900,2021,4,19,1,0,0,0,1,0
20,10.0,17800,2021,4,20,1,0,0,0,1,0
16,10.0,16700,2021,4,22,1,0,0,0,1,0
12,10.0,22300,2021,4,28,1,0,0,0,1,0
10,10.0,17000,2021,4,30,1,0,0,0,1,0
12,10.0,16200,2021,5,1,1,0,0,0,1,0
26,10.0,15100,2021,5,5,1,0,0,0,1,0
16,10.0,13500,2021,5,6,1,0,0,0,1,0
16,10.0,14000,2021,5,7,1,0,0,0,1,0
17,10.0,26000,2021,5,8,1,0,0,0,1,0
16,10.0,14300,2021,5,10,1,0,0,0,1,0
12,10.0,15100,2021,5,12,1,0,0,0,1,0
24,10.0,26800,2021,5,13,1,0,0,0,1,0
29,10.0,19300,2021,5,14,1,0,0,0,1,0
9,10.0,17100,2021,5,15,1,0,0,0,1,0
22,10.0,34100,2021,5,17,1,0,0,0,1,0
21,10.0,19500,2021,5,18,1,0,0,0,1,0
18,10.0,16500,2021,5,19,1,0,0,0,1,0
17,10.0,14600,2021,5,20,1,0,0,0,1,0
23,10.0,13600,2021,5,21,1,0,0,0,1,0
10,10.0,42300,2021,5,24,1,0,0,0,1,0
15,10.0,13400,2021,5,25,1,0,0,0,1,0
41,10.0,20500,2021,5,26,1,0,0,0,1,0
47,10.0,18800,2021,5,27,1,0,0,0,1,0
22,10.0,15500,2021,5,28,1,0,0,0,1,0
10,10.0,11000,2021,5,29,1,0,0,0,1,0
21,10.0,15600,2021,5,31,1,0,0,0,1,0
34,10.0,15500,2021,6,1,1,0,0,0,1,0
24,10.0,17100,2021,6,2,1,0,0,0,1,0
17,10.0,14600,2021,6,3,1,0,0,0,1,0
10,10.0,12600,2021,6,4,1,0,0,0,1,0
10,10.0,14700,2021,6,5,1,0,0,0,1,0
10,10.0,14900,2021,6,7,1,0,0,0,1,0
10,10.0,15100,2021,6,8,1,0,0,0,1,0
20,10.0,17000,2021,6,9,1,0,0,0,1,0
16,10.0,16300,2021,6,10,1,0,0,0,1,0
17,10.0,16100,2021,6,11,1,0,0,0,1,0
12,10.0,17100,2021,6,14,1,0,0,0,1,0
17,10.0,13400,2021,6,15,1,0,0,0,1,0
18,10.0,15200,2021,6,16,1,0,0,0,1,0
4,10.0,35800,2021,6,18,1,0,0,0,1,0
20,10.0,12300,2021,6,22,1,0,0,0,1,0
13,10.0,13800,2021,6,23,1,0,0,0,1,0
29,10.0,23000,2021,6,24,1,0,0,0,1,0
5,10.0,22300,2021,6,25,1,0,0,0,1,0
15,10.0,15100,2021,6,29,1,0,0,0,1,0
20,10.0,12300,2021,6,30,1,0,0,0,1,0
20,10.0,12500,2021,7,1,1,0,0,0,1,0
14,10.0,13400,2021,7,5,1,0,0,0,1,0
10,10.0,15000,2021,7,6,1,0,0,0,1,0
10,10.0,13700,2021,7,7,1,0,0,0,1,0
10,10.0,13300,2021,7,20,1,0,0,0,1,0
12,10.0,12200,2021,7,21,1,0,0,0,1,0
12,10.0,12300,2021,7,23,1,0,0,0,1,0
10,10.0,33000,2021,7,29,1,0,0,0,1,0
10,10.0,12000,2021,8,17,1,0,0,0,1,0
35,10.0,21500,2021,8,23,1,0,0,0,1,0
15,10.0,14700,2021,8,24,1,0,0,0,1,0
23,10.0,13800,2021,9,8,1,0,0,0,1,0
19,10.0,13700,2021,9,9,1,0,0,0,1,0
41,10.0,15300,2021,9,10,1,0,0,0,1,0
37,10.0,8100,2021,9,13,1,0,0,0,1,0
37,10.0,6500,2021,9,14,1,0,0,0,1,0
15,10.0,5500,2021,9,15,1,0,0,0,1,0
13,10.0,3000,2021,9,16,1,0,0,0,1,0
25,10.0,14500,2021,9,17,1,0,0,0,1,0
29,10.0,12300,2021,9,25,1,0,0,0,1,0
58,10.0,14900,2021,9,28,1,0,0,0,1,0
68,10.0,15400,2021,9,29,1,0,0,0,1,0
44,10.0,17900,2021,9,30,1,0,0,0,1,0
54,10.0,14700,2021,10,1,1,0,0,0,1,0
45,10.0,13500,2021,10,2,1,0,0,0,1,0
20,10.0,18700,2021,10,5,1,0,0,0,1,0
47,10.0,19400,2021,10,6,1,0,0,0,1,0
26,10.0,16800,2021,10,7,1,0,0,0,1,0
44,10.0,20500,2021,10,8,1,0,0,0,1,0
22,10.0,12200,2021,10,9,1,0,0,0,1,0
42,10.0,16600,2021,10,11,1,0,0,0,1,0
56,10.0,13300,2021,10,12,1,0,0,0,1,0
36,10.0,15400,2021,10,14,1,0,0,0,1,0
16,10.0,13800,2021,10,15,1,0,0,0,1,0
18,10.0,20400,2021,10,16,1,0,0,0,1,0
19,10.0,15100,2021,10,19,1,0,0,0,1,0
34,10.0,23500,2021,10,20,1,0,0,0,1,0
15,10.0,15500,2021,10,21,1,0,0,0,1,0
25,10.0,14300,2021,10,22,1,0,0,0,1,0
20,10.0,22400,2021,10,23,1,0,0,0,1,0
25,10.0,19000,2021,10,25,1,0,0,0,1,0
57,10.0,17600,2021,10,26,1,0,0,0,1,0
25,10.0,20100,2021,10,27,1,0,0,0,1,0
71,10.0,18600,2021,10,28,1,0,0,0,1,0
75,10.0,16600,2021,10,29,1,0,0,0,1,0
52,10.0,11900,2021,10,30,1,0,0,0,1,0
32,10.0,15900,2021,11,1,1,0,0,0,1,0
30,10.0,13000,2021,11,2,1,0,0,0,1,0
10,10.0,3300,2021,11,4,1,0,0,0,1,0
8,10.0,15500,2021,11,5,1,0,0,0,1,0
6,10.0,16400,2021,11,6,1,0,0,0,1,0
9,10.0,16500,2021,11,8,1,0,0,0,1,0
16,10.0,15300,2021,11,10,1,0,0,0,1,0
14,10.0,14000,2021,11,11,1,0,0,0,1,0
11,10.0,18400,2021,11,12,1,0,0,0,1,0
49,10.0,17800,2021,11,13,1,0,0,0,1,0
41,10.0,14500,2021,11,15,1,0,0,0,1,0
11,10.0,16900,2021,11,16,1,0,0,0,1,0
9,10.0,15200,2021,11,17,1,0,0,0,1,0
27,10.0,16700,2021,11,18,1,0,0,0,1,0
1,10.0,25000,2021,11,20,1,0,0,0,1,0
16,10.0,22300,2021,11,22,1,0,0,0,1,0
14,10.0,13100,2021,11,24,1,0,0,0,1,0
22,10.0,12700,2021,11,25,1,0,0,0,1,0
18,10.0,18100,2021,11,26,1,0,0,0,1,0
15,10.0,21900,2021,12,2,1,0,0,0,1,0
9,10.0,29100,2021,12,6,1,0,0,0,1,0
15,10.0,18400,2021,12,7,1,0,0,0,1,0
30,10.0,19000,2021,12,8,1,0,0,0,1,0
31,10.0,15700,2021,12,9,1,0,0,0,1,0
10,10.0,15200,2021,12,10,1,0,0,0,1,0
35,10.0,15500,2021,12,11,1,0,0,0,1,0
37,10.0,13400,2021,12,13,1,0,0,0,1,0
3,10.0,12200,2021,12,14,1,0,0,0,1,0
29,10.0,20200,2021,12,15,1,0,0,0,1,0
31,10.0,20800,2021,12,16,1,0,0,0,1,0
8,10.0,15600,2021,12,17,1,0,0,0,1,0
5,10.0,25000,2021,12,18,1,0,0,0,1,0
42,10.0,20600,2021,12,20,1,0,0,0,1,0
29,10.0,20500,2021,12,21,1,0,0,0,1,0
19,10.0,17600,2021,12,22,1,0,0,0,1,0
31,10.0,20900,2021,12,23,1,0,0,0,1,0
38,10.0,17700,2021,12,24,1,0,0,0,1,0
4,10.0,25600,2021,12,25,1,0,0,0,1,0
27,10.0,18100,2021,12,27,1,0,0,0,1,0
34,10.0,18500,2021,12,28,1,0,0,0,1,0
37,10.0,16500,2021,12,29,1,0,0,0,1,0
29,10.0,23800,2021,12,31,1,0,0,0,1,0
1,10.0,20000,2017,1,11,0,0,1,0,1,0
1,10.0,105000,2017,2,17,0,0,1,0,1,0
10,5.0,32400,2017,2,21,0,0,1,0,1,0
5,5.0,32800,2017,2,22,0,0,1,0,1,0
10,5.0,33500,2017,2,23,0,0,1,0,1,0
10,10.0,32300,2017,3,8,0,0,1,0,1,0
10,10.0,31300,2017,3,18,0,0,1,0,1,0
8,10.0,30000,2017,5,30,0,0,1,0,1,0
9,12.0,40000,2018,1,10,0,0,1,0,1,0
12,10.0,35800,2018,4,25,0,0,1,0,1,0
30,10.0,30000,2019,2,15,0,0,1,0,1,0
25,10.0,30000,2019,2,18,0,0,1,0,1,0
1,10.0,18000,2019,2,20,0,0,1,0,1,0
15,10.0,30000,2019,2,21,0,0,1,0,1,0
23,10.0,28700,2019,2,26,0,0,1,0,1,0
20,10.0,30000,2019,3,1,0,0,1,0,1,0
17,10.0,28600,2019,3,2,0,0,1,0,1,0
22,10.0,28900,2019,3,4,0,0,1,0,1,0
2,10.0,76000,2019,3,7,0,0,1,0,1,0
5,10.0,38600,2019,8,23,0,0,1,0,1,0
5,10.0,28000,2019,8,27,0,0,1,0,1,0
7,10.0,23600,2019,9,3,0,0,1,0,1,0
5,10.0,27500,2021,12,18,0,0,1,0,1,0
5,10.0,33600,2021,12,25,0,0,1,0,1,0
17,10.0,24400,2021,12,27,0,0,1,0,1,0
3,10.0,33500,2021,12,29,0,0,1,0,1,0
42,10.0,23900,2017,11,25,0,1,0,0,1,0
5,10.0,36800,2018,7,7,0,1,0,0,1,0
14,10.0,28300,2018,8,20,0,1,0,0,1,0
30,10.0,42000,2019,1,29,0,1,0,0,1,0
10,10.0,32000,2019,4,6,0,1,0,0,1,0
20,10.0,30700,2019,4,10,0,1,0,0,1,0
20,10.0,31000,2019,4,11,0,1,0,0,1,0
20,10.0,30600,2019,4,12,0,1,0,0,1,0
20,10.0,32200,2019,4,13,0,1,0,0,1,0
22,10.0,35000,2019,4,15,0,1,0,0,1,0
20,10.0,29200,2019,4,16,0,1,0,0,1,0
20,10.0,28300,2019,4,17,0,1,0,0,1,0
20,10.0,29200,2019,4,20,0,1,0,0,1,0
10,10.0,27900,2019,4,22,0,1,0,0,1,0
