수량,중량,평균가,yyyy,mm,dd,산지_노르웨이,산지_러시아
392,1.0,40500,2017,1,2,0,1
294,1.0,58900,2017,1,3,0,1
1242,1.0,54800,2017,1,4,0,1
756,1.0,53300,2017,1,5,0,1
2645,1.0,36500,2017,1,6,0,1
550,1.0,55200,2017,1,7,0,1
1308,1.0,40500,2017,1,9,0,1
1274,1.0,37800,2017,1,10,0,1
77,1.0,61200,2017,1,11,0,1
1261,1.0,55700,2017,1,12,0,1
376,1.0,56500,2017,1,13,0,1
574,1.0,61400,2017,1,14,0,1
55,1.0,61500,2017,1,16,0,1
78,1.0,55600,2017,1,18,0,1
306,1.0,60600,2017,1,20,0,1
1119,1.0,60000,2017,1,21,0,1
1811,1.0,54500,2017,1,23,0,1
583,1.0,57300,2017,1,24,0,1
1079,1.0,46700,2017,1,25,0,1
1095,1.0,53000,2017,1,26,0,1
1017,1.0,61000,2017,1,27,0,1
1182,1.0,50900,2017,2,1,0,1
1210,1.0,46800,2017,2,2,0,1
584,1.0,52300,2017,2,3,0,1
1591,1.0,45200,2017,2,4,0,1
752,1.0,47300,2017,2,6,0,1
1186,1.0,37500,2017,2,7,0,1
560,1.0,39300,2017,2,8,0,1
1461,1.0,35100,2017,2,9,0,1
409,1.0,37000,2017,2,10,0,1
868,1.0,42700,2017,2,11,0,1
2962,1.0,39000,2017,2,14,0,1
608,1.0,37600,2017,2,15,0,1
564,1.0,36600,2017,2,16,0,1
171,1.0,39600,2017,2,17,0,1
2138,1.0,36400,2017,2,18,0,1
904,1.0,36800,2017,2,20,0,1
251,1.0,33700,2017,2,21,0,1
1120,1.0,32900,2017,2,22,0,1
212,1.0,33000,2017,2,23,0,1
533,1.0,36700,2017,2,24,0,1
368,1.0,42100,2017,2,25,0,1
1221,1.0,37400,2017,2,27,0,1
387,1.0,42600,2017,2,28,0,1
967,1.0,42600,2017,3,1,0,1
2372,1.0,40100,2017,3,3,0,1
2276,1.0,32900,2017,3,4,0,1
394,1.0,40200,2017,3,6,0,1
758,1.0,36800,2017,3,7,0,1
1079,1.0,38500,2017,3,8,0,1
947,1.0,35300,2017,3,9,0,1
578,1.0,36400,2017,3,10,0,1
1388,1.0,36400,2017,3,11,0,1
593,1.0,42000,2017,3,13,0,1
732,1.0,41400,2017,3,14,0,1
1896,1.0,30600,2017,3,15,0,1
1010,1.0,32800,2017,3,16,0,1
1195,1.0,33500,2017,3,17,0,1
1155,1.0,37000,2017,3,18,0,1
265,1.0,41600,2017,3,20,0,1
1195,1.0,33000,2017,3,21,0,1
1497,1.0,23500,2017,3,22,0,1
67,1.0,33000,2017,3,23,0,1
827,1.0,35700,2017,3,24,0,1
1507,1.0,38700,2017,3,25,0,1
252,1.0,41300,2017,3,28,0,1
1314,1.0,40500,2017,3,29,0,1
732,1.0,42400,2017,3,30,0,1
614,1.0,38900,2017,3,31,0,1
1313,1.0,41000,2017,4,1,0,1
390,1.0,44800,2017,4,4,0,1
348,1.0,44600,2017,4,5,0,1
462,1.0,49900,2017,4,6,0,1
646,1.0,48600,2017,4,7,0,1
963,1.0,49600,2017,4,8,0,1
21,1.0,47300,2017,4,10,0,1
497,1.0,47600,2017,4,11,0,1
72,1.0,52500,2017,4,12,0,1
554,1.0,58400,2017,4,13,0,1
982,1.0,58900,2017,4,14,0,1
1236,1.0,57400,2017,4,15,0,1
583,1.0,31600,2017,4,17,0,1
651,1.0,55500,2017,4,19,0,1
749,1.0,58400,2017,4,21,0,1
95,1.0,65300,2017,4,22,0,1
64,1.0,65300,2017,4,25,0,1
117,1.0,69100,2017,4,26,0,1
1438,1.0,59500,2017,4,27,0,1
599,1.0,56700,2017,4,28,0,1
201,1.0,61900,2017,4,29,0,1
440,1.0,56800,2017,5,1,0,1
468,1.0,55000,2017,5,2,0,1
168,1.0,59600,2017,5,3,0,1
33,1.0,57200,2017,5,4,0,1
165,1.0,66900,2017,5,5,0,1
208,1.0,72800,2017,5,6,0,1
210,1.0,70500,2017,5,8,0,1
1064,1.0,61000,2017,5,9,0,1
756,1.0,47600,2017,5,10,0,1
81,1.0,41000,2017,5,11,0,1
203,1.0,52100,2017,5,12,0,1
1020,1.0,52900,2017,5,13,0,1
263,1.0,51200,2017,5,15,0,1
868,1.0,46000,2017,5,16,0,1
700,1.0,40900,2017,5,17,0,1
199,1.0,42600,2017,5,18,0,1
595,1.0,38900,2017,5,19,0,1
395,1.0,43500,2017,5,20,0,1
488,1.0,42300,2017,5,22,0,1
542,1.0,38300,2017,5,23,0,1
1232,1.0,31500,2017,5,24,0,1
244,1.0,31100,2017,5,25,0,1
1331,1.0,34800,2017,5,26,0,1
358,1.0,35800,2017,5,27,0,1
216,1.0,35700,2017,5,29,0,1
227,1.0,42100,2017,5,30,0,1
111,1.0,43400,2017,5,31,0,1
70,1.0,36300,2017,6,1,0,1
278,1.0,44200,2017,6,2,0,1
1061,1.0,47200,2017,6,3,0,1
612,1.0,47800,2017,6,5,0,1
1250,1.0,29300,2017,6,6,0,1
10,1.0,51000,2017,6,7,0,1
1265,1.0,36300,2017,6,9,0,1
674,1.0,35300,2017,6,10,0,1
675,1.0,33600,2017,6,12,0,1
206,1.0,29700,2017,6,13,0,1
397,1.0,41900,2017,6,14,0,1
302,1.0,42300,2017,6,15,0,1
1436,1.0,41400,2017,6,16,0,1
1186,1.0,37500,2017,6,17,0,1
615,1.0,18300,2017,6,19,0,1
972,1.0,34700,2017,6,20,0,1
359,1.0,28900,2017,6,21,0,1
149,1.0,35800,2017,6,22,0,1
170,1.0,25700,2017,6,23,0,1
988,1.0,40500,2017,6,24,0,1
723,1.0,29600,2017,6,26,0,1
297,1.0,34000,2017,6,27,0,1
235,1.0,30800,2017,6,28,0,1
35,1.0,34600,2017,6,29,0,1
31,1.0,52600,2017,6,30,0,1
609,1.0,57800,2017,7,1,0,1
121,1.0,56100,2017,7,3,0,1
113,1.0,55300,2017,7,5,0,1
562,1.0,35800,2017,7,6,0,1
228,1.0,45700,2017,7,7,0,1
638,1.0,57000,2017,7,8,0,1
363,1.0,39700,2017,7,10,0,1
230,1.0,44000,2017,7,11,0,1
222,1.0,46300,2017,7,14,0,1
810,1.0,42200,2017,7,15,0,1
375,1.0,29800,2017,7,17,0,1
18,1.0,57000,2017,7,18,0,1
494,1.0,34700,2017,7,19,0,1
125,1.0,41900,2017,7,20,0,1
264,1.0,40500,2017,7,21,0,1
421,1.0,27800,2017,7,22,0,1
146,1.0,48000,2017,7,24,0,1
190,1.0,56200,2017,7,25,0,1
40,1.0,64100,2017,7,26,0,1
205,1.0,54400,2017,7,27,0,1
844,1.0,44600,2017,7,28,0,1
624,1.0,43000,2017,7,31,0,1
680,1.0,35600,2017,8,1,0,1
143,1.0,23100,2017,8,2,0,1
490,1.0,22000,2017,8,3,0,1
200,1.0,22600,2017,8,4,0,1
248,1.0,35600,2017,8,5,0,1
182,1.0,54800,2017,8,7,0,1
668,1.0,33700,2017,8,8,0,1
225,1.0,24300,2017,8,9,0,1
200,1.0,32300,2017,8,10,0,1
678,1.0,38100,2017,8,11,0,1
1410,1.0,43900,2017,8,12,0,1
907,1.0,34800,2017,8,14,0,1
258,1.0,44000,2017,8,15,0,1
16,1.0,48000,2017,8,16,0,1
856,1.0,37500,2017,8,18,0,1
824,1.0,37900,2017,8,19,0,1
98,1.0,39100,2017,8,21,0,1
35,1.0,31100,2017,8,22,0,1
26,1.0,4900,2017,8,24,0,1
1027,1.0,29000,2017,8,25,0,1
148,1.0,24900,2017,8,29,0,1
259,1.0,32300,2017,8,30,0,1
865,1.0,28800,2017,9,1,0,1
1635,1.0,19100,2017,9,2,0,1
688,1.0,23800,2017,9,4,0,1
203,1.0,15100,2017,9,5,0,1
189,1.0,12200,2017,9,6,0,1
448,1.0,22000,2017,9,7,0,1
257,1.0,16500,2017,9,8,0,1
383,1.0,16400,2017,9,9,0,1
208,1.0,17800,2017,9,11,0,1
380,1.0,14000,2017,9,12,0,1
1099,1.0,33800,2017,9,13,0,1
859,1.0,30700,2017,9,14,0,1
1667,1.0,29300,2017,9,15,0,1
912,1.0,24400,2017,9,16,0,1
741,1.0,36800,2017,9,18,0,1
886,1.0,34500,2017,9,19,0,1
1290,1.0,32500,2017,9,20,0,1
1168,1.0,29200,2017,9,21,0,1
2118,1.0,29000,2017,9,22,0,1
1094,1.0,28400,2017,9,23,0,1
12,1.0,26600,2017,9,25,0,1
787,1.0,31400,2017,9,26,0,1
1406,1.0,27600,2017,9,27,0,1
221,1.0,32700,2017,9,28,0,1
1656,1.0,30200,2017,9,29,0,1
2288,1.0,32300,2017,9,30,0,1
1710,1.0,35300,2017,10,1,0,1
1976,1.0,36300,2017,10,2,0,1
2693,1.0,39100,2017,10,3,0,1
1429,1.0,31800,2017,10,9,0,1
176,1.0,40400,2017,10,10,0,1
656,1.0,37100,2017,10,11,0,1
2390,1.0,35000,2017,10,12,0,1
870,1.0,34200,2017,10,13,0,1
3046,1.0,27400,2017,10,14,0,1
123,1.0,27600,2017,10,16,0,1
954,1.0,31900,2017,10,17,0,1
1787,1.0,30200,2017,10,18,0,1
844,1.0,28800,2017,10,19,0,1
1191,1.0,29800,2017,10,20,0,1
2764,1.0,26100,2017,10,21,0,1
634,1.0,29400,2017,10,23,0,1
2560,1.0,23900,2017,10,24,0,1
1100,1.0,23100,2017,10,25,0,1
726,1.0,24000,2017,10,26,0,1
1381,1.0,25600,2017,10,27,0,1
2661,1.0,27700,2017,10,28,0,1
1141,1.0,26200,2017,10,30,0,1
1786,1.0,26600,2017,10,31,0,1
1025,1.0,27700,2017,11,1,0,1
1761,1.0,29400,2017,11,2,0,1
1341,1.0,29400,2017,11,3,0,1
3193,1.0,29200,2017,11,4,0,1
1790,1.0,29100,2017,11,6,0,1
2419,1.0,25800,2017,11,7,0,1
2145,1.0,24300,2017,11,8,0,1
1830,1.0,25300,2017,11,9,0,1
1146,1.0,27500,2017,11,10,0,1
2415,1.0,28200,2017,11,11,0,1
206,1.0,33800,2017,11,13,0,1
611,1.0,33300,2017,11,14,0,1
1238,1.0,36200,2017,11,15,0,1
1993,1.0,34300,2017,11,16,0,1
2304,1.0,36800,2017,11,17,0,1
1234,1.0,36300,2017,11,18,0,1
604,1.0,37200,2017,11,20,0,1
685,1.0,40900,2017,11,21,0,1
733,1.0,37500,2017,11,22,0,1
193,1.0,42600,2017,11,23,0,1
1155,1.0,45600,2017,11,24,0,1
1556,1.0,49100,2017,11,25,0,1
969,1.0,54100,2017,11,27,0,1
432,1.0,47300,2017,11,28,0,1
1639,1.0,50500,2017,11,29,0,1
915,1.0,46900,2017,11,30,0,1
1543,1.0,46900,2017,12,1,0,1
738,1.0,45200,2017,12,2,0,1
348,1.0,55300,2017,12,4,0,1
1210,1.0,53900,2017,12,5,0,1
1850,1.0,58400,2017,12,6,0,1
1687,1.0,57600,2017,12,7,0,1
1825,1.0,56100,2017,12,8,0,1
2460,1.0,48200,2017,12,9,0,1
580,1.0,51700,2017,12,11,0,1
489,1.0,54500,2017,12,12,0,1
1610,1.0,50200,2017,12,13,0,1
2237,1.0,49200,2017,12,14,0,1
2199,1.0,44900,2017,12,15,0,1
1669,1.0,46900,2017,12,16,0,1
1552,1.0,49300,2017,12,18,0,1
1048,1.0,50800,2017,12,19,0,1
505,1.0,55400,2017,12,20,0,1
1258,1.0,58000,2017,12,21,0,1
2490,1.0,58600,2017,12,22,0,1
3239,1.0,56300,2017,12,23,0,1
1009,1.0,66600,2017,12,25,0,1
2257,1.0,61300,2017,12,26,0,1
825,1.0,63700,2017,12,27,0,1
3293,1.0,60900,2017,12,28,0,1
3930,1.0,54000,2017,12,29,0,1
4336,1.0,51000,2017,12,30,0,1
1314,1.0,57000,2018,1,2,0,1
340,1.0,59300,2018,1,3,0,1
752,1.0,60200,2018,1,4,0,1
2138,1.0,58800,2018,1,5,0,1
3708,1.0,51400,2018,1,6,0,1
589,1.0,57700,2018,1,8,0,1
1154,1.0,54700,2018,1,9,0,1
1014,1.0,47800,2018,1,10,0,1
99,1.0,47600,2018,1,11,0,1
820,1.0,51400,2018,1,12,0,1
2524,1.0,40300,2018,1,13,0,1
1270,1.0,39800,2018,1,15,0,1
1149,1.0,36300,2018,1,16,0,1
1586,1.0,33600,2018,1,17,0,1
102,1.0,28100,2018,1,18,0,1
829,1.0,41900,2018,1,19,0,1
1841,1.0,45600,2018,1,20,0,1
845,1.0,48400,2018,1,22,0,1
1562,1.0,29600,2018,1,23,0,1
1270,1.0,35000,2018,1,24,0,1
991,1.0,29400,2018,1,25,0,1
205,1.0,31200,2018,1,26,0,1
1730,1.0,42700,2018,1,27,0,1
1487,1.0,40100,2018,1,29,0,1
193,1.0,37700,2018,1,30,0,1
414,1.0,40000,2018,1,31,0,1
592,1.0,40000,2018,2,1,0,1
965,1.0,42000,2018,2,2,0,1
1980,1.0,52100,2018,2,3,0,1
1310,1.0,48800,2018,2,5,0,1
1102,1.0,50900,2018,2,6,0,1
907,1.0,44500,2018,2,7,0,1
1051,1.0,47300,2018,2,8,0,1
1858,1.0,52200,2018,2,9,0,1
1630,1.0,52600,2018,2,10,0,1
23,1.0,47000,2018,2,12,0,1
579,1.0,62800,2018,2,13,0,1
3771,1.0,50100,2018,2,14,0,1
3721,1.0,50600,2018,2,15,0,1
291,1.0,49100,2018,2,19,0,1
183,1.0,41500,2018,2,20,0,1
383,1.0,39900,2018,2,21,0,1
754,1.0,63300,2018,2,23,0,1
563,1.0,63200,2018,2,24,0,1
4,1.0,65900,2018,2,26,0,1
80,1.0,71900,2018,2,28,0,1
399,1.0,53700,2018,3,1,0,1
99,1.0,59500,2018,3,2,0,1
334,1.0,74600,2018,3,3,0,1
303,1.0,66300,2018,3,7,0,1
794,1.0,64900,2018,3,8,0,1
370,1.0,58800,2018,3,9,0,1
1111,1.0,55800,2018,3,10,0,1
333,1.0,59900,2018,3,12,0,1
499,1.0,60800,2018,3,13,0,1
268,1.0,61000,2018,3,14,0,1
450,1.0,59200,2018,3,15,0,1
764,1.0,53600,2018,3,16,0,1
1356,1.0,48500,2018,3,17,0,1
217,1.0,36800,2018,3,19,0,1
143,1.0,40800,2018,3,20,0,1
307,1.0,43500,2018,3,21,0,1
182,1.0,49000,2018,3,22,0,1
309,1.0,42200,2018,3,23,0,1
661,1.0,49100,2018,3,24,0,1
958,1.0,41200,2018,3,26,0,1
580,1.0,37700,2018,3,27,0,1
226,1.0,31200,2018,3,28,0,1
159,1.0,33100,2018,3,29,0,1
212,1.0,42200,2018,3,30,0,1
170,1.0,65200,2018,3,31,0,1
505,1.0,68100,2018,4,4,0,1
213,1.0,77200,2018,4,5,0,1
1130,1.0,70200,2018,4,6,0,1
792,1.0,73100,2018,4,7,0,1
137,1.0,69200,2018,4,10,0,1
300,1.0,67800,2018,4,11,0,1
275,1.0,72800,2018,4,12,0,1
1112,1.0,68500,2018,4,13,0,1
486,1.0,70400,2018,4,14,0,1
262,1.0,43100,2018,4,16,0,1
152,1.0,47600,2018,4,17,0,1
44,1.0,54900,2018,4,18,0,1
208,1.0,65200,2018,4,19,0,1
177,1.0,72200,2018,4,20,0,1
291,1.0,62000,2018,4,21,0,1
50,1.0,64500,2018,4,23,0,1
12,1.0,61500,2018,4,25,0,1
36,1.0,72100,2018,4,26,0,1
1914,1.0,43100,2018,4,28,0,1
372,1.0,43800,2018,5,1,0,1
185,1.0,77000,2018,5,2,0,1
108,1.0,70400,2018,5,3,0,1
498,1.0,67800,2018,5,4,0,1
649,1.0,65600,2018,5,5,0,1
136,1.0,76000,2018,5,7,0,1
50,1.0,50400,2018,5,8,0,1
167,1.0,66900,2018,5,9,0,1
1353,1.0,50800,2018,5,10,0,1
821,1.0,52000,2018,5,11,0,1
454,1.0,60600,2018,5,12,0,1
87,1.0,64700,2018,5,14,0,1
181,1.0,57300,2018,5,15,0,1
682,1.0,55400,2018,5,16,0,1
322,1.0,43300,2018,5,17,0,1
265,1.0,41000,2018,5,18,0,1
1230,1.0,48300,2018,5,19,0,1
341,1.0,47600,2018,5,21,0,1
442,1.0,55000,2018,5,22,0,1
511,1.0,44900,2018,5,23,0,1
876,1.0,38000,2018,5,24,0,1
345,1.0,48900,2018,5,25,0,1
1982,1.0,45400,2018,5,26,0,1
369,1.0,26000,2018,5,28,0,1
388,1.0,39300,2018,5,29,0,1
191,1.0,45300,2018,5,30,0,1
211,1.0,35700,2018,5,31,0,1
526,1.0,57400,2018,6,1,0,1
299,1.0,60800,2018,6,2,0,1
160,1.0,61300,2018,6,4,0,1
371,1.0,59400,2018,6,5,0,1
542,1.0,52100,2018,6,6,0,1
286,1.0,47100,2018,6,7,0,1
323,1.0,44700,2018,6,8,0,1
1344,1.0,25700,2018,6,9,0,1
133,1.0,26200,2018,6,11,0,1
212,1.0,34400,2018,6,12,0,1
288,1.0,53500,2018,6,13,0,1
565,1.0,62200,2018,6,14,0,1
867,1.0,43300,2018,6,15,0,1
289,1.0,58600,2018,6,16,0,1
106,1.0,28300,2018,6,19,0,1
482,1.0,60900,2018,6,20,0,1
735,1.0,39500,2018,6,21,0,1
147,1.0,55000,2018,6,22,0,1
1172,1.0,50500,2018,6,23,0,1
86,1.0,49200,2018,6,25,0,1
788,1.0,49300,2018,6,26,0,1
654,1.0,33200,2018,6,27,0,1
799,1.0,25300,2018,6,28,0,1
356,1.0,39000,2018,6,29,0,1
970,1.0,47600,2018,6,30,0,1
727,1.0,26900,2018,7,2,0,1
182,1.0,32600,2018,7,3,0,1
421,1.0,21800,2018,7,4,0,1
231,1.0,35700,2018,7,5,0,1
402,1.0,30900,2018,7,6,0,1
663,1.0,44600,2018,7,7,0,1
203,1.0,27100,2018,7,10,0,1
77,1.0,21700,2018,7,11,0,1
217,1.0,29800,2018,7,14,0,1
11,1.0,27000,2018,7,16,0,1
301,1.0,18600,2018,7,20,0,1
9,1.0,35000,2018,7,21,0,1
111,1.0,46500,2018,7,25,0,1
106,1.0,20200,2018,7,26,0,1
511,1.0,46000,2018,7,27,0,1
516,1.0,38500,2018,7,30,0,1
859,1.0,42100,2018,7,31,0,1
102,1.0,56800,2018,8,4,0,1
98,1.0,60100,2018,8,6,0,1
283,1.0,49000,2018,8,7,0,1
588,1.0,30600,2018,8,8,0,1
223,1.0,41600,2018,8,9,0,1
205,1.0,38200,2018,8,10,0,1
148,1.0,45200,2018,8,11,0,1
146,1.0,41700,2018,8,13,0,1
53,1.0,28500,2018,8,14,0,1
2,1.0,38000,2018,8,15,0,1
128,1.0,28200,2018,8,16,0,1
110,1.0,40600,2018,8,17,0,1
494,1.0,33500,2018,8,18,0,1
198,1.0,40300,2018,8,20,0,1
69,1.0,28600,2018,8,21,0,1
134,1.0,36200,2018,8,22,0,1
2,1.0,60000,2018,8,24,0,1
277,1.0,52000,2018,8,25,0,1
88,1.0,31400,2018,8,29,0,1
459,1.0,30600,2018,8,30,0,1
505,1.0,23300,2018,8,31,0,1
297,1.0,26300,2018,9,3,0,1
131,1.0,24100,2018,9,4,0,1
365,1.0,20200,2018,9,6,0,1
402,1.0,23500,2018,9,7,0,1
969,1.0,15700,2018,9,8,0,1
486,1.0,12400,2018,9,10,0,1
651,1.0,12000,2018,9,11,0,1
3,1.0,5000,2018,9,13,0,1
1656,1.0,37400,2018,9,14,0,1
1787,1.0,32500,2018,9,15,0,1
1388,1.0,32900,2018,9,17,0,1
1031,1.0,31400,2018,9,18,0,1
1019,1.0,32100,2018,9,19,0,1
1387,1.0,33600,2018,9,20,0,1
1464,1.0,30500,2018,9,21,0,1
2810,1.0,31700,2018,9,22,0,1
3122,1.0,38600,2018,9,23,0,1
2120,1.0,27500,2018,9,27,0,1
786,1.0,30100,2018,9,28,0,1
1314,1.0,34200,2018,9,29,0,1
1612,1.0,31200,2018,10,1,0,1
1450,1.0,27900,2018,10,2,0,1
2157,1.0,25800,2018,10,3,0,1
228,1.0,30300,2018,10,4,0,1
1664,1.0,27900,2018,10,5,0,1
2378,1.0,25700,2018,10,6,0,1
515,1.0,33700,2018,10,8,0,1
2032,1.0,30300,2018,10,9,0,1
477,1.0,32800,2018,10,10,0,1
498,1.0,35500,2018,10,11,0,1
2233,1.0,34100,2018,10,12,0,1
1887,1.0,32100,2018,10,13,0,1
946,1.0,35700,2018,10,15,0,1
1038,1.0,36700,2018,10,16,0,1
2451,1.0,32000,2018,10,17,0,1
690,1.0,31500,2018,10,18,0,1
739,1.0,32100,2018,10,19,0,1
1867,1.0,33500,2018,10,20,0,1
247,1.0,37200,2018,10,22,0,1
225,1.0,40600,2018,10,23,0,1
1160,1.0,42800,2018,10,24,0,1
1729,1.0,45800,2018,10,25,0,1
1891,1.0,38500,2018,10,26,0,1
2149,1.0,38300,2018,10,27,0,1
1141,1.0,34700,2018,10,29,0,1
770,1.0,34300,2018,10,30,0,1
737,1.0,37800,2018,10,31,0,1
1643,1.0,38300,2018,11,1,0,1
1560,1.0,36700,2018,11,2,0,1
2232,1.0,30600,2018,11,3,0,1
992,1.0,40300,2018,11,5,0,1
903,1.0,30400,2018,11,6,0,1
1930,1.0,37000,2018,11,7,0,1
1251,1.0,37500,2018,11,8,0,1
465,1.0,35200,2018,11,9,0,1
1513,1.0,40600,2018,11,10,0,1
946,1.0,44700,2018,11,12,0,1
1095,1.0,43600,2018,11,13,0,1
691,1.0,42000,2018,11,14,0,1
809,1.0,41000,2018,11,15,0,1
1503,1.0,38900,2018,11,16,0,1
1376,1.0,49100,2018,11,17,0,1
325,1.0,53000,2018,11,19,0,1
317,1.0,57800,2018,11,20,0,1
1038,1.0,52300,2018,11,21,0,1
1331,1.0,52200,2018,11,22,0,1
1650,1.0,45500,2018,11,23,0,1
1296,1.0,47600,2018,11,24,0,1
598,1.0,50700,2018,11,26,0,1
689,1.0,45900,2018,11,27,0,1
710,1.0,38200,2018,11,28,0,1
996,1.0,52300,2018,11,29,0,1
2204,1.0,45200,2018,11,30,0,1
1743,1.0,41000,2018,12,1,0,1
1639,1.0,41500,2018,12,3,0,1
1419,1.0,42200,2018,12,4,0,1
943,1.0,37200,2018,12,5,0,1
2103,1.0,36000,2018,12,6,0,1
1467,1.0,30400,2018,12,7,0,1
3998,1.0,28700,2018,12,8,0,1
1051,1.0,34200,2018,12,10,0,1
946,1.0,36700,2018,12,11,0,1
1089,1.0,41400,2018,12,12,0,1
3075,1.0,40400,2018,12,13,0,1
1943,1.0,38000,2018,12,14,0,1
3572,1.0,39700,2018,12,15,0,1
2783,1.0,38400,2018,12,17,0,1
1490,1.0,35800,2018,12,18,0,1
1675,1.0,37500,2018,12,19,0,1
742,1.0,44300,2018,12,20,0,1
3819,1.0,42100,2018,12,21,0,1
5264,1.0,40100,2018,12,22,0,1
2412,1.0,48900,2018,12,24,0,1
4152,1.0,50500,2018,12,25,0,1
2388,1.0,44000,2018,12,26,0,1
2072,1.0,47600,2018,12,27,0,1
2529,1.0,48900,2018,12,28,0,1
2835,1.0,51100,2018,12,29,0,1
5645,1.0,56700,2018,12,31,0,1
1571,1.0,53900,2019,1,2,0,1
2449,1.0,46200,2019,1,3,0,1
1924,1.0,48200,2019,1,4,0,1
1470,1.0,52700,2019,1,5,0,1
815,1.0,59000,2019,1,7,0,1
1988,1.0,54200,2019,1,8,0,1
419,1.0,55500,2019,1,9,0,1
1358,1.0,54800,2019,1,10,0,1
878,1.0,52500,2019,1,11,0,1
4891,1.0,51500,2019,1,12,0,1
2810,1.0,45100,2019,1,14,0,1
1580,1.0,39300,2019,1,15,0,1
386,1.0,36000,2019,1,16,0,1
1461,1.0,41200,2019,1,17,0,1
1197,1.0,40600,2019,1,18,0,1
944,1.0,46400,2019,1,19,0,1
1188,1.0,41800,2019,1,21,0,1
497,1.0,39500,2019,1,22,0,1
174,1.0,48500,2019,1,23,0,1
117,1.0,44700,2019,1,24,0,1
830,1.0,45900,2019,1,25,0,1
1720,1.0,56100,2019,1,26,0,1
1097,1.0,59300,2019,1,28,0,1
371,1.0,59200,2019,1,29,0,1
2251,1.0,51600,2019,1,30,0,1
1713,1.0,52600,2019,1,31,0,1
1975,1.0,39000,2019,2,1,0,1
1794,1.0,49800,2019,2,2,0,1
2594,1.0,67900,2019,2,4,0,1
267,1.0,67000,2019,2,8,0,1
2263,1.0,76800,2019,2,9,0,1
1692,1.0,63600,2019,2,11,0,1
2334,1.0,49600,2019,2,12,0,1
329,1.0,42400,2019,2,13,0,1
296,1.0,53500,2019,2,14,0,1
823,1.0,50200,2019,2,15,0,1
475,1.0,58100,2019,2,16,0,1
1188,1.0,57800,2019,2,18,0,1
491,1.0,49800,2019,2,19,0,1
529,1.0,49900,2019,2,20,0,1
505,1.0,54500,2019,2,21,0,1
1648,1.0,54900,2019,2,22,0,1
1189,1.0,54600,2019,2,23,0,1
476,1.0,56100,2019,2,25,0,1
1167,1.0,56100,2019,2,26,0,1
972,1.0,48800,2019,2,27,0,1
619,1.0,50800,2019,2,28,0,1
1276,1.0,55900,2019,3,1,0,1
1152,1.0,61700,2019,3,2,0,1
233,1.0,20000,2019,3,4,0,1
293,1.0,54500,2019,3,5,0,1
101,1.0,72800,2019,3,6,0,1
166,1.0,67500,2019,3,7,0,1
437,1.0,66900,2019,3,8,0,1
865,1.0,76900,2019,3,9,0,1
317,1.0,73200,2019,3,11,0,1
272,1.0,68200,2019,3,12,0,1
172,1.0,83200,2019,3,13,0,1
269,1.0,83800,2019,3,14,0,1
395,1.0,84100,2019,3,15,0,1
357,1.0,87500,2019,3,16,0,1
87,1.0,72500,2019,3,18,0,1
39,1.0,42500,2019,3,19,0,1
3,1.0,45000,2019,3,20,0,1
2313,1.0,68500,2019,3,23,0,1
1143,1.0,54400,2019,3,25,0,1
647,1.0,50300,2019,3,26,0,1
343,1.0,35400,2019,3,27,0,1
247,1.0,49800,2019,3,28,0,1
163,1.0,48400,2019,3,29,0,1
773,1.0,69000,2019,3,30,0,1
186,1.0,76900,2019,4,1,0,1
779,1.0,68700,2019,4,2,0,1
378,1.0,72100,2019,4,3,0,1
616,1.0,64100,2019,4,4,0,1
642,1.0,71800,2019,4,5,0,1
691,1.0,54700,2019,4,6,0,1
54,1.0,71800,2019,4,8,0,1
119,1.0,76500,2019,4,9,0,1
243,1.0,75400,2019,4,11,0,1
182,1.0,76300,2019,4,12,0,1
1084,1.0,78100,2019,4,13,0,1
460,1.0,73700,2019,4,15,0,1
249,1.0,73100,2019,4,16,0,1
760,1.0,67900,2019,4,17,0,1
178,1.0,64200,2019,4,18,0,1
2164,1.0,50100,2019,4,19,0,1
776,1.0,43700,2019,4,20,0,1
98,1.0,21700,2019,4,22,0,1
1636,1.0,33800,2019,4,23,0,1
240,1.0,54400,2019,4,24,0,1
324,1.0,47800,2019,4,25,0,1
927,1.0,46300,2019,4,26,0,1
1707,1.0,51300,2019,4,27,0,1
578,1.0,37000,2019,4,29,0,1
600,1.0,58400,2019,4,30,0,1
281,1.0,55200,2019,5,1,0,1
359,1.0,54200,2019,5,2,0,1
1125,1.0,58600,2019,5,3,0,1
1404,1.0,57200,2019,5,4,0,1
535,1.0,66800,2019,5,6,0,1
1333,1.0,58800,2019,5,7,0,1
3598,1.0,25200,2019,5,8,0,1
629,1.0,23100,2019,5,9,0,1
1507,1.0,20200,2019,5,10,0,1
890,1.0,45100,2019,5,11,0,1
658,1.0,26000,2019,5,13,0,1
340,1.0,54600,2019,5,14,0,1
559,1.0,30100,2019,5,15,0,1
1152,1.0,30600,2019,5,16,0,1
427,1.0,45300,2019,5,17,0,1
1330,1.0,37600,2019,5,18,0,1
997,1.0,43800,2019,5,20,0,1
1036,1.0,27500,2019,5,21,0,1
1250,1.0,32800,2019,5,22,0,1
470,1.0,36300,2019,5,23,0,1
1548,1.0,36300,2019,5,24,0,1
1494,1.0,35800,2019,5,25,0,1
566,1.0,25500,2019,5,27,0,1
898,1.0,36300,2019,5,28,0,1
1107,1.0,33800,2019,5,29,0,1
1101,1.0,30600,2019,5,30,0,1
490,1.0,36200,2019,5,31,0,1
2239,1.0,36200,2019,6,1,0,1
247,1.0,44800,2019,6,3,0,1
860,1.0,40900,2019,6,4,0,1
1202,1.0,36600,2019,6,5,0,1
2369,1.0,36900,2019,6,6,0,1
2203,1.0,34500,2019,6,7,0,1
1988,1.0,32200,2019,6,8,0,1
1445,1.0,30300,2019,6,10,0,1
1161,1.0,30100,2019,6,11,0,1
960,1.0,26500,2019,6,12,0,1
366,1.0,38400,2019,6,13,0,1
1096,1.0,34200,2019,6,14,0,1
811,1.0,50900,2019,6,15,0,1
733,1.0,47800,2019,6,17,0,1
1415,1.0,48100,2019,6,18,0,1
735,1.0,47900,2019,6,19,0,1
682,1.0,44100,2019,6,20,0,1
498,1.0,52900,2019,6,21,0,1
623,1.0,60100,2019,6,22,0,1
9,1.0,35200,2019,6,24,0,1
21,1.0,63500,2019,6,25,0,1
834,1.0,62700,2019,6,27,0,1
3972,1.0,46300,2019,6,28,0,1
1545,1.0,43200,2019,6,29,0,1
218,1.0,46900,2019,7,1,0,1
725,1.0,38600,2019,7,2,0,1
572,1.0,44400,2019,7,3,0,1
682,1.0,42600,2019,7,4,0,1
1372,1.0,36500,2019,7,5,0,1
1611,1.0,37200,2019,7,6,0,1
717,1.0,42200,2019,7,8,0,1
801,1.0,25800,2019,7,9,0,1
414,1.0,40400,2019,7,10,0,1
298,1.0,54400,2019,7,11,0,1
1608,1.0,53100,2019,7,12,0,1
1281,1.0,41000,2019,7,13,0,1
866,1.0,36300,2019,7,15,0,1
268,1.0,26800,2019,7,16,0,1
1646,1.0,38600,2019,7,17,0,1
482,1.0,29300,2019,7,18,0,1
709,1.0,37500,2019,7,19,0,1
1539,1.0,45600,2019,7,20,0,1
361,1.0,26000,2019,7,22,0,1
336,1.0,26800,2019,7,23,0,1
394,1.0,67900,2019,7,24,0,1
887,1.0,53300,2019,7,25,0,1
1285,1.0,48200,2019,7,26,0,1
1578,1.0,45200,2019,7,30,0,1
778,1.0,41800,2019,7,31,0,1
381,1.0,38600,2019,8,1,0,1
1162,1.0,46200,2019,8,2,0,1
1610,1.0,41400,2019,8,3,0,1
958,1.0,45200,2019,8,5,0,1
1057,1.0,42700,2019,8,6,0,1
1449,1.0,35600,2019,8,7,0,1
460,1.0,50600,2019,8,8,0,1
892,1.0,42400,2019,8,9,0,1
1736,1.0,45600,2019,8,10,0,1
819,1.0,31200,2019,8,12,0,1
1059,1.0,44900,2019,8,13,0,1
808,1.0,51600,2019,8,14,0,1
878,1.0,45800,2019,8,15,0,1
65,1.0,32800,2019,8,16,0,1
1336,1.0,43000,2019,8,17,0,1
708,1.0,36300,2019,8,19,0,1
184,1.0,59300,2019,8,20,0,1
1233,1.0,39200,2019,8,21,0,1
418,1.0,17700,2019,8,22,0,1
639,1.0,41100,2019,8,23,0,1
1504,1.0,31700,2019,8,24,0,1
371,1.0,23000,2019,8,26,0,1
203,1.0,14800,2019,8,27,0,1
494,1.0,33600,2019,8,28,0,1
350,1.0,29700,2019,8,29,0,1
424,1.0,11200,2019,8,30,0,1
1218,1.0,11900,2019,8,31,0,1
1146,1.0,18000,2019,9,2,0,1
864,1.0,14000,2019,9,3,0,1
1351,1.0,18000,2019,9,4,0,1
1114,1.0,20600,2019,9,5,0,1
1169,1.0,21500,2019,9,6,0,1
921,1.0,23500,2019,9,7,0,1
580,1.0,16400,2019,9,9,0,1
791,1.0,12800,2019,9,10,0,1
4958,1.0,37300,2019,9,11,0,1
4674,1.0,36900,2019,9,12,0,1
1494,1.0,28300,2019,9,16,0,1
580,1.0,37100,2019,9,17,0,1
2398,1.0,29500,2019,9,18,0,1
1216,1.0,23700,2019,9,19,0,1
1634,1.0,22500,2019,9,20,0,1
2058,1.0,27700,2019,9,21,0,1
1243,1.0,32700,2019,9,23,0,1
2244,1.0,30700,2019,9,24,0,1
2516,1.0,31200,2019,9,25,0,1
3009,1.0,29300,2019,9,26,0,1
2837,1.0,26400,2019,9,27,0,1
1797,1.0,30500,2019,9,28,0,1
2135,1.0,34200,2019,9,30,0,1
3538,1.0,28800,2019,10,1,0,1
2349,1.0,27000,2019,10,2,0,1
2937,1.0,29000,2019,10,3,0,1
1404,1.0,40600,2019,10,4,0,1
3862,1.0,35200,2019,10,5,0,1
1437,1.0,38000,2019,10,7,0,1
1954,1.0,37500,2019,10,8,0,1
2099,1.0,41400,2019,10,9,0,1
3086,1.0,38000,2019,10,10,0,1
1182,1.0,33800,2019,10,11,0,1
1870,1.0,39800,2019,10,12,0,1
1230,1.0,38200,2019,10,14,0,1
1090,1.0,42400,2019,10,15,0,1
2617,1.0,38500,2019,10,16,0,1
791,1.0,34900,2019,10,17,0,1
1487,1.0,45800,2019,10,18,0,1
4244,1.0,43800,2019,10,19,0,1
2480,1.0,40300,2019,10,21,0,1
824,1.0,40300,2019,10,22,0,1
1338,1.0,48200,2019,10,23,0,1
1130,1.0,47200,2019,10,24,0,1
755,1.0,45900,2019,10,25,0,1
2156,1.0,51300,2019,10,26,0,1
2041,1.0,51000,2019,10,28,0,1
1783,1.0,47700,2019,10,29,0,1
1325,1.0,50000,2019,10,30,0,1
1591,1.0,41200,2019,10,31,0,1
1190,1.0,49700,2019,11,1,0,1
2771,1.0,47700,2019,11,2,0,1
1173,1.0,51500,2019,11,4,0,1
2092,1.0,51300,2019,11,5,0,1
3202,1.0,47600,2019,11,6,0,1
3143,1.0,34800,2019,11,7,0,1
1657,1.0,42000,2019,11,8,0,1
2770,1.0,36600,2019,11,9,0,1
2538,1.0,41200,2019,11,11,0,1
546,1.0,20800,2019,11,12,0,1
757,1.0,42100,2019,11,13,0,1
1506,1.0,44800,2019,11,14,0,1
3262,1.0,44500,2019,11,15,0,1
3831,1.0,43300,2019,11,16,0,1
1685,1.0,41800,2019,11,18,0,1
1208,1.0,41300,2019,11,19,0,1
2681,1.0,40500,2019,11,20,0,1
3094,1.0,36600,2019,11,21,0,1
2046,1.0,34000,2019,11,22,0,1
2737,1.0,38200,2019,11,23,0,1
1332,1.0,42100,2019,11,25,0,1
1189,1.0,39600,2019,11,26,0,1
2496,1.0,42000,2019,11,27,0,1
2282,1.0,42200,2019,11,28,0,1
2757,1.0,37800,2019,11,29,0,1
2158,1.0,44100,2019,11,30,0,1
1335,1.0,39200,2019,12,2,0,1
2000,1.0,43900,2019,12,3,0,1
1232,1.0,43100,2019,12,4,0,1
3284,1.0,40000,2019,12,5,0,1
2366,1.0,45300,2019,12,6,0,1
4062,1.0,54200,2019,12,7,0,1
1817,1.0,55600,2019,12,9,0,1
628,1.0,56700,2019,12,10,0,1
2465,1.0,58500,2019,12,11,0,1
1277,1.0,57200,2019,12,12,0,1
2315,1.0,59900,2019,12,13,0,1
5248,1.0,55500,2019,12,14,0,1
1308,1.0,59900,2019,12,16,0,1
1051,1.0,56200,2019,12,17,0,1
810,1.0,58900,2019,12,18,0,1
1612,1.0,63500,2019,12,19,0,1
2221,1.0,62900,2019,12,20,0,1
3142,1.0,65300,2019,12,21,0,1
2714,1.0,71200,2019,12,23,0,1
2726,1.0,68200,2019,12,24,0,1
5309,1.0,55500,2019,12,25,0,1
632,1.0,52700,2019,12,26,0,1
1484,1.0,63100,2019,12,27,0,1
2525,1.0,66600,2019,12,28,0,1
1691,1.0,68800,2019,12,30,0,1
4188,1.0,68400,2019,12,31,0,1
2492,1.0,55400,2020,1,2,0,1
1313,1.0,57600,2020,1,3,0,1
851,1.0,63800,2020,1,4,0,1
1190,1.0,65100,2020,1,6,0,1
1374,1.0,61000,2020,1,7,0,1
702,1.0,58200,2020,1,8,0,1
1619,1.0,57100,2020,1,9,0,1
1023,1.0,55400,2020,1,10,0,1
1626,1.0,52100,2020,1,11,0,1
707,1.0,57000,2020,1,13,0,1
1302,1.0,57300,2020,1,14,0,1
2326,1.0,48600,2020,1,15,0,1
807,1.0,50300,2020,1,16,0,1
960,1.0,60200,2020,1,17,0,1
2115,1.0,57200,2020,1,18,0,1
1008,1.0,64400,2020,1,20,0,1
1459,1.0,58100,2020,1,21,0,1
1735,1.0,62700,2020,1,22,0,1
1221,1.0,66200,2020,1,23,0,1
2854,1.0,69900,2020,1,24,0,1
1421,1.0,68600,2020,1,28,0,1
1610,1.0,53100,2020,1,29,0,1
2052,1.0,50300,2020,1,30,0,1
2194,1.0,43500,2020,1,31,0,1
2886,1.0,38400,2020,2,1,0,1
84,1.0,45500,2020,2,3,0,1
1112,1.0,37800,2020,2,4,0,1
168,1.0,33100,2020,2,5,0,1
1952,1.0,40800,2020,2,6,0,1
1294,1.0,50100,2020,2,7,0,1
4089,1.0,60400,2020,2,8,0,1
4770,1.0,50600,2020,2,10,0,1
1655,1.0,48400,2020,2,11,0,1
930,1.0,50000,2020,2,12,0,1
1209,1.0,57900,2020,2,13,0,1
3886,1.0,62200,2020,2,14,0,1
2671,1.0,83200,2020,2,15,0,1
836,1.0,83100,2020,2,17,0,1
1741,1.0,80500,2020,2,18,0,1
686,1.0,84100,2020,2,19,0,1
215,1.0,88900,2020,2,20,0,1
1014,1.0,83200,2020,2,21,0,1
1350,1.0,83200,2020,2,22,0,1
211,1.0,73700,2020,2,24,0,1
14,1.0,57500,2020,2,25,0,1
203,1.0,70300,2020,2,26,0,1
490,1.0,65700,2020,2,27,0,1
673,1.0,57000,2020,2,28,0,1
756,1.0,57800,2020,2,29,0,1
6,1.0,61700,2020,3,2,0,1
94,1.0,68500,2020,3,3,0,1
321,1.0,68700,2020,3,4,0,1
2903,1.0,44200,2020,3,5,0,1
436,1.0,53100,2020,3,6,0,1
1119,1.0,56700,2020,3,7,0,1
196,1.0,70300,2020,3,9,0,1
1484,1.0,60600,2020,3,10,0,1
1924,1.0,43900,2020,3,11,0,1
606,1.0,41200,2020,3,12,0,1
492,1.0,58600,2020,3,13,0,1
138,1.0,68100,2020,3,14,0,1
601,1.0,65500,2020,3,16,0,1
330,1.0,67400,2020,3,17,0,1
559,1.0,63700,2020,3,18,0,1
241,1.0,52600,2020,3,19,0,1
1024,1.0,63700,2020,3,20,0,1
2426,1.0,59200,2020,3,21,0,1
705,1.0,39900,2020,3,23,0,1
828,1.0,36100,2020,3,24,0,1
159,1.0,50300,2020,3,25,0,1
9,1.0,48500,2020,3,26,0,1
688,1.0,62000,2020,3,27,0,1
1156,1.0,64800,2020,3,28,0,1
1076,1.0,57800,2020,3,30,0,1
511,1.0,58200,2020,3,31,0,1
10,1.0,25800,2020,4,1,0,1
166,1.0,62700,2020,4,2,0,1
1325,1.0,66100,2020,4,3,0,1
3519,1.0,57200,2020,4,4,0,1
363,1.0,50900,2020,4,6,0,1
168,1.0,55400,2020,4,7,0,1
665,1.0,53000,2020,4,8,0,1
164,1.0,53400,2020,4,9,0,1
94,1.0,55300,2020,4,10,0,1
1842,1.0,57400,2020,4,11,0,1
1910,1.0,52400,2020,4,13,0,1
1049,1.0,50700,2020,4,14,0,1
1202,1.0,50900,2020,4,15,0,1
196,1.0,43600,2020,4,16,0,1
1949,1.0,49200,2020,4,17,0,1
355,1.0,52500,2020,4,18,0,1
1624,1.0,53000,2020,4,20,0,1
163,1.0,45800,2020,4,21,0,1
1772,1.0,47100,2020,4,22,0,1
1136,1.0,47000,2020,4,23,0,1
1344,1.0,45300,2020,4,24,0,1
2630,1.0,46900,2020,4,25,0,1
1225,1.0,46700,2020,4,27,0,1
838,1.0,47800,2020,4,28,0,1
246,1.0,57600,2020,4,29,0,1
852,1.0,66100,2020,4,30,0,1
3696,1.0,56600,2020,5,1,0,1
1815,1.0,59700,2020,5,2,0,1
1138,1.0,55300,2020,5,4,0,1
2045,1.0,53600,2020,5,5,0,1
1057,1.0,37900,2020,5,6,0,1
927,1.0,38300,2020,5,7,0,1
1303,1.0,41600,2020,5,8,0,1
1731,1.0,33800,2020,5,9,0,1
489,1.0,51400,2020,5,11,0,1
1688,1.0,47000,2020,5,12,0,1
1286,1.0,34300,2020,5,13,0,1
388,1.0,28600,2020,5,14,0,1
419,1.0,37000,2020,5,15,0,1
989,1.0,58000,2020,5,16,0,1
1596,1.0,46300,2020,5,18,0,1
342,1.0,44000,2020,5,19,0,1
575,1.0,25700,2020,5,20,0,1
589,1.0,52000,2020,5,21,0,1
709,1.0,57400,2020,5,22,0,1
1365,1.0,57900,2020,5,23,0,1
613,1.0,45000,2020,5,25,0,1
223,1.0,29100,2020,5,26,0,1
501,1.0,40300,2020,5,27,0,1
292,1.0,38900,2020,5,28,0,1
996,1.0,50800,2020,5,29,0,1
1592,1.0,63200,2020,5,30,0,1
368,1.0,57200,2020,6,1,0,1
127,1.0,46800,2020,6,2,0,1
533,1.0,45100,2020,6,3,0,1
1162,1.0,30400,2020,6,4,0,1
330,1.0,47100,2020,6,5,0,1
356,1.0,48000,2020,6,6,0,1
313,1.0,53200,2020,6,8,0,1
562,1.0,40400,2020,6,9,0,1
732,1.0,47300,2020,6,10,0,1
568,1.0,39700,2020,6,11,0,1
544,1.0,47600,2020,6,12,0,1
2254,1.0,43500,2020,6,13,0,1
173,1.0,14800,2020,6,15,0,1
1013,1.0,31500,2020,6,16,0,1
402,1.0,35500,2020,6,17,0,1
520,1.0,19300,2020,6,18,0,1
572,1.0,33000,2020,6,19,0,1
587,1.0,21000,2020,6,20,0,1
4650,1.0,33200,2020,6,22,0,1
1642,1.0,27700,2020,6,23,0,1
2783,1.0,25100,2020,6,24,0,1
585,1.0,22200,2020,6,25,0,1
394,1.0,27500,2020,6,26,0,1
1404,1.0,47000,2020,6,27,0,1
328,1.0,15800,2020,6,29,0,1
356,1.0,11200,2020,6,30,0,1
599,1.0,45400,2020,7,1,0,1
1324,1.0,18100,2020,7,2,0,1
728,1.0,26500,2020,7,3,0,1
1715,1.0,58400,2020,7,4,0,1
3333,1.0,35400,2020,7,6,0,1
1252,1.0,19300,2020,7,7,0,1
150,1.0,36300,2020,7,8,0,1
688,1.0,28100,2020,7,9,0,1
1068,1.0,30800,2020,7,10,0,1
2053,1.0,25600,2020,7,11,0,1
74,1.0,36400,2020,7,13,0,1
2292,1.0,31300,2020,7,14,0,1
680,1.0,20900,2020,7,15,0,1
848,1.0,44700,2020,7,16,0,1
730,1.0,38700,2020,7,17,0,1
708,1.0,46400,2020,7,18,0,1
484,1.0,41000,2020,7,20,0,1
1106,1.0,40900,2020,7,21,0,1
635,1.0,54600,2020,7,22,0,1
1130,1.0,54600,2020,7,23,0,1
1318,1.0,49000,2020,7,24,0,1
18,1.0,35300,2020,7,27,0,1
256,1.0,38600,2020,7,28,0,1
113,1.0,38800,2020,7,29,0,1
57,1.0,42400,2020,7,30,0,1
626,1.0,39700,2020,7,31,0,1
2055,1.0,43500,2020,8,1,0,1
483,1.0,34600,2020,8,4,0,1
593,1.0,45300,2020,8,5,0,1
63,1.0,52800,2020,8,6,0,1
1104,1.0,45600,2020,8,7,0,1
182,1.0,43700,2020,8,8,0,1
71,1.0,60900,2020,8,10,0,1
218,1.0,30900,2020,8,11,0,1
286,1.0,66200,2020,8,12,0,1
192,1.0,62500,2020,8,13,0,1
480,1.0,53200,2020,8,14,0,1
453,1.0,57300,2020,8,15,0,1
137,1.0,43300,2020,8,17,0,1
41,1.0,52600,2020,8,19,0,1
224,1.0,60800,2020,8,20,0,1
561,1.0,54100,2020,8,21,0,1
1460,1.0,39800,2020,8,22,0,1
158,1.0,45100,2020,8,24,0,1
432,1.0,31200,2020,8,25,0,1
464,1.0,25100,2020,8,26,0,1
57,1.0,32700,2020,8,27,0,1
1164,1.0,41600,2020,8,28,0,1
541,1.0,39500,2020,8,29,0,1
150,1.0,57600,2020,8,31,0,1
1027,1.0,40400,2020,9,1,0,1
444,1.0,31000,2020,9,2,0,1
385,1.0,23600,2020,9,3,0,1
370,1.0,27000,2020,9,4,0,1
256,1.0,64100,2020,9,5,0,1
87,1.0,28400,2020,9,8,0,1
114,1.0,41700,2020,9,9,0,1
167,1.0,28700,2020,9,11,0,1
492,1.0,54700,2020,9,15,0,1
469,1.0,54000,2020,9,16,0,1
770,1.0,65900,2020,9,17,0,1
3004,1.0,54200,2020,9,18,0,1
1834,1.0,53700,2020,9,19,0,1
327,1.0,46200,2020,9,21,0,1
461,1.0,38100,2020,9,22,0,1
993,1.0,43000,2020,9,23,0,1
921,1.0,46000,2020,9,24,0,1
2863,1.0,37500,2020,9,25,0,1
1469,1.0,45600,2020,9,26,0,1
979,1.0,52400,2020,9,28,0,1
2575,1.0,55300,2020,9,29,0,1
4888,1.0,49600,2020,9,30,0,1
755,1.0,39400,2020,10,5,0,1
487,1.0,47800,2020,10,7,0,1
311,1.0,51400,2020,10,8,0,1
1149,1.0,39300,2020,10,9,0,1
348,1.0,61800,2020,10,10,0,1
297,1.0,57300,2020,10,12,0,1
306,1.0,45900,2020,10,13,0,1
1052,1.0,58200,2020,10,14,0,1
1380,1.0,53900,2020,10,15,0,1
1298,1.0,48000,2020,10,16,0,1
1460,1.0,46700,2020,10,17,0,1
146,1.0,35300,2020,10,19,0,1
104,1.0,41100,2020,10,20,0,1
802,1.0,52000,2020,10,21,0,1
1048,1.0,46700,2020,10,22,0,1
1213,1.0,35100,2020,10,23,0,1
2136,1.0,36900,2020,10,24,0,1
414,1.0,33800,2020,10,26,0,1
732,1.0,39500,2020,10,27,0,1
829,1.0,49100,2020,10,28,0,1
500,1.0,39900,2020,10,29,0,1
907,1.0,48200,2020,10,30,0,1
2820,1.0,50300,2020,10,31,0,1
2005,1.0,45300,2020,11,2,0,1
1605,1.0,37600,2020,11,3,0,1
187,1.0,39900,2020,11,4,0,1
1085,1.0,44500,2020,11,5,0,1
2708,1.0,44300,2020,11,6,0,1
2599,1.0,46400,2020,11,7,0,1
747,1.0,35900,2020,11,9,0,1
1719,1.0,37800,2020,11,10,0,1
959,1.0,46300,2020,11,11,0,1
1178,1.0,42200,2020,11,12,0,1
1131,1.0,47900,2020,11,13,0,1
1398,1.0,51900,2020,11,14,0,1
89,1.0,49400,2020,11,16,0,1
916,1.0,47400,2020,11,17,0,1
2418,1.0,45500,2020,11,18,0,1
1157,1.0,46600,2020,11,19,0,1
804,1.0,51600,2020,11,20,0,1
3869,1.0,45200,2020,11,21,0,1
389,1.0,36200,2020,11,23,0,1
698,1.0,46200,2020,11,24,0,1
893,1.0,42900,2020,11,25,0,1
358,1.0,38700,2020,11,26,0,1
2138,1.0,46900,2020,11,27,0,1
2388,1.0,44200,2020,11,28,0,1
880,1.0,50000,2020,11,30,0,1
564,1.0,46900,2020,12,1,0,1
1056,1.0,46000,2020,12,2,0,1
1017,1.0,43100,2020,12,3,0,1
2329,1.0,42800,2020,12,4,0,1
3037,1.0,43900,2020,12,5,0,1
892,1.0,46700,2020,12,7,0,1
2062,1.0,38700,2020,12,8,0,1
1718,1.0,36800,2020,12,9,0,1
350,1.0,47500,2020,12,10,0,1
875,1.0,45500,2020,12,11,0,1
2349,1.0,53000,2020,12,12,0,1
1915,1.0,51100,2020,12,14,0,1
2240,1.0,46500,2020,12,15,0,1
1627,1.0,50300,2020,12,16,0,1
1317,1.0,51000,2020,12,17,0,1
2086,1.0,47400,2020,12,18,0,1
2151,1.0,54000,2020,12,19,0,1
1223,1.0,55400,2020,12,21,0,1
1475,1.0,50200,2020,12,22,0,1
665,1.0,62500,2020,12,23,0,1
3545,1.0,60300,2020,12,24,0,1
6054,1.0,65900,2020,12,25,0,1
4836,1.0,69400,2020,12,26,0,1
3377,1.0,58200,2020,12,28,0,1
338,1.0,63700,2020,12,29,0,1
386,1.0,66600,2020,12,30,0,1
6059,1.0,60300,2020,12,31,0,1
5467,1.0,63800,2021,1,2,0,1
226,1.0,72000,2021,1,4,0,1
1436,1.0,57500,2021,1,5,0,1
630,1.0,55300,2021,1,6,0,1
288,1.0,54900,2021,1,7,0,1
940,1.0,59500,2021,1,8,0,1
1192,1.0,64000,2021,1,9,0,1
1708,1.0,68800,2021,1,12,0,1
2121,1.0,67700,2021,1,13,0,1
2195,1.0,61700,2021,1,14,0,1
2643,1.0,58700,2021,1,15,0,1
1287,1.0,57300,2021,1,16,0,1
1859,1.0,40000,2021,1,18,0,1
1205,1.0,57000,2021,1,19,0,1
1063,1.0,53100,2021,1,20,0,1
523,1.0,46100,2021,1,21,0,1
485,1.0,65900,2021,1,22,0,1
1406,1.0,65600,2021,1,23,0,1
871,1.0,64600,2021,1,26,0,1
1571,1.0,55700,2021,1,27,0,1
1046,1.0,30200,2021,1,28,0,1
589,1.0,63400,2021,1,29,0,1
2123,1.0,67200,2021,1,30,0,1
361,1.0,52600,2021,2,2,0,1
640,1.0,63100,2021,2,3,0,1
606,1.0,64000,2021,2,4,0,1
1181,1.0,67600,2021,2,5,0,1
2582,1.0,66300,2021,2,6,0,1
668,1.0,60600,2021,2,8,0,1
898,1.0,64900,2021,2,9,0,1
1961,1.0,68400,2021,2,10,0,1
3892,1.0,63500,2021,2,11,0,1
541,1.0,50500,2021,2,15,0,1
2,1.0,60000,2021,2,16,0,1
33,1.0,44500,2021,2,17,0,1
42,1.0,55300,2021,2,18,0,1
632,1.0,71900,2021,2,19,0,1
769,1.0,78100,2021,2,20,0,1
276,1.0,38300,2021,2,23,0,1
356,1.0,66300,2021,2,24,0,1
484,1.0,86400,2021,2,25,0,1
536,1.0,88100,2021,2,26,0,1
884,1.0,85700,2021,2,27,0,1
518,1.0,88400,2021,3,1,0,1
582,1.0,79800,2021,3,2,0,1
397,1.0,71700,2021,3,3,0,1
378,1.0,50200,2021,3,4,0,1
595,1.0,80800,2021,3,5,0,1
2000,1.0,70100,2021,3,6,0,1
204,1.0,89600,2021,3,8,0,1
921,1.0,68000,2021,3,9,0,1
321,1.0,68000,2021,3,10,0,1
205,1.0,62100,2021,3,11,0,1
178,1.0,64300,2021,3,12,0,1
680,1.0,73600,2021,3,13,0,1
390,1.0,85400,2021,3,15,0,1
174,1.0,73700,2021,3,16,0,1
170,1.0,80800,2021,3,17,0,1
322,1.0,81300,2021,3,18,0,1
227,1.0,95100,2021,3,19,0,1
524,1.0,100100,2021,3,20,0,1
851,1.0,81000,2021,3,22,0,1
93,1.0,71400,2021,3,23,0,1
482,1.0,72300,2021,3,24,0,1
217,1.0,76400,2021,3,25,0,1
128,1.0,67200,2021,3,26,0,1
531,1.0,91500,2021,3,27,0,1
116,1.0,78000,2021,3,29,0,1
14,1.0,70000,2021,3,30,0,1
101,1.0,101500,2021,3,31,0,1
131,1.0,13400,2021,4,1,0,1
107,1.0,103400,2021,4,2,0,1
25,1.0,80500,2021,4,3,0,1
87,1.0,62200,2021,4,8,0,1
439,1.0,75000,2021,4,9,0,1
762,1.0,73400,2021,4,10,0,1
430,1.0,78900,2021,4,13,0,1
57,1.0,72500,2021,4,14,0,1
1178,1.0,72500,2021,4,15,0,1
1360,1.0,71000,2021,4,16,0,1
1381,1.0,73800,2021,4,17,0,1
91,1.0,64000,2021,4,19,0,1
1423,1.0,58000,2021,4,20,0,1
1055,1.0,62200,2021,4,21,0,1
788,1.0,63000,2021,4,22,0,1
1350,1.0,63200,2021,4,23,0,1
1093,1.0,61900,2021,4,24,0,1
220,1.0,67300,2021,4,26,0,1
167,1.0,65400,2021,4,27,0,1
102,1.0,61200,2021,4,28,0,1
18,1.0,61800,2021,4,29,0,1
902,1.0,83600,2021,4,30,0,1
1238,1.0,75500,2021,5,1,0,1
17,1.0,59100,2021,5,3,0,1
199,1.0,67700,2021,5,4,0,1
1774,1.0,91300,2021,5,5,0,1
1273,1.0,60400,2021,5,6,0,1
1298,1.0,50600,2021,5,7,0,1
1901,1.0,75100,2021,5,8,0,1
540,1.0,67300,2021,5,10,0,1
1165,1.0,53000,2021,5,11,0,1
555,1.0,46500,2021,5,12,0,1
128,1.0,25100,2021,5,13,0,1
1765,1.0,35600,2021,5,14,0,1
3224,1.0,43500,2021,5,15,0,1
674,1.0,44500,2021,5,17,0,1
833,1.0,41000,2021,5,18,0,1
1038,1.0,43300,2021,5,19,0,1
566,1.0,50700,2021,5,20,0,1
1628,1.0,42800,2021,5,21,0,1
1992,1.0,39300,2021,5,22,0,1
1222,1.0,31900,2021,5,24,0,1
1380,1.0,37100,2021,5,25,0,1
1163,1.0,44700,2021,5,26,0,1
1378,1.0,40200,2021,5,27,0,1
1867,1.0,44000,2021,5,28,0,1
1819,1.0,46400,2021,5,29,0,1
349,1.0,50400,2021,5,31,0,1
575,1.0,48400,2021,6,1,0,1
140,1.0,56000,2021,6,2,0,1
193,1.0,66500,2021,6,3,0,1
1709,1.0,55200,2021,6,4,0,1
2298,1.0,53500,2021,6,5,0,1
476,1.0,60300,2021,6,8,0,1
635,1.0,57700,2021,6,10,0,1
168,1.0,54500,2021,6,11,0,1
724,1.0,68300,2021,6,12,0,1
166,1.0,73800,2021,6,14,0,1
504,1.0,76400,2021,6,15,0,1
234,1.0,76900,2021,6,16,0,1
497,1.0,76400,2021,6,17,0,1
250,1.0,60400,2021,6,18,0,1
440,1.0,81300,2021,6,19,0,1
516,1.0,74700,2021,6,21,0,1
483,1.0,81500,2021,6,24,0,1
1216,1.0,81200,2021,6,26,0,1
277,1.0,76100,2021,6,29,0,1
2,1.0,38000,2021,6,30,0,1
156,1.0,87200,2021,7,1,0,1
820,1.0,72800,2021,7,2,0,1
658,1.0,75600,2021,7,3,0,1
328,1.0,73600,2021,7,6,0,1
31,1.0,75700,2021,7,7,0,1
66,1.0,47500,2021,7,8,0,1
307,1.0,83000,2021,7,10,0,1
84,1.0,57100,2021,7,13,0,1
132,1.0,66000,2021,7,14,0,1
94,1.0,60200,2021,7,15,0,1
196,1.0,82300,2021,7,16,0,1
53,1.0,35900,2021,7,17,0,1
113,1.0,89600,2021,7,19,0,1
368,1.0,63300,2021,7,20,0,1
280,1.0,45500,2021,7,21,0,1
557,1.0,56700,2021,7,22,0,1
634,1.0,69600,2021,7,23,0,1
1087,1.0,49900,2021,7,24,0,1
91,1.0,57700,2021,7,27,0,1
511,1.0,67800,2021,7,28,0,1
250,1.0,74000,2021,7,29,0,1
2646,1.0,58100,2021,7,30,0,1
22,1.0,57600,2021,8,2,0,1
692,1.0,42600,2021,8,3,0,1
246,1.0,60600,2021,8,4,0,1
495,1.0,51300,2021,8,6,0,1
243,1.0,56500,2021,8,7,0,1
242,1.0,67200,2021,8,9,0,1
2,1.0,48000,2021,8,10,0,1
328,1.0,26800,2021,8,11,0,1
288,1.0,83100,2021,8,12,0,1
301,1.0,69000,2021,8,13,0,1
515,1.0,46000,2021,8,14,0,1
1040,1.0,34800,2021,8,16,0,1
414,1.0,30700,2021,8,20,0,1
222,1.0,30700,2021,8,21,0,1
2,1.0,1000,2021,8,24,0,1
93,1.0,30400,2021,8,25,0,1
144,1.0,35000,2021,8,28,0,1
338,1.0,27200,2021,9,3,0,1
173,1.0,35600,2021,9,4,0,1
26,1.0,14800,2021,9,6,0,1
272,1.0,42900,2021,9,10,0,1
4,1.0,18000,2021,9,11,0,1
22,1.0,21800,2021,9,13,0,1
2956,1.0,47600,2021,9,14,0,1
1187,1.0,47000,2021,9,15,0,1
1569,1.0,40200,2021,9,16,0,1
1928,1.0,51400,2021,9,17,0,1
1108,1.0,48500,2021,9,18,0,1
5374,1.0,57400,2021,9,20,0,1
1980,1.0,46700,2021,9,24,0,1
2527,1.0,46100,2021,9,25,0,1
938,1.0,38500,2021,9,27,0,1
567,1.0,47700,2021,9,28,0,1
344,1.0,34800,2021,9,29,0,1
1107,1.0,34100,2021,9,30,0,1
2073,1.0,39300,2021,10,1,0,1
3864,1.0,38500,2021,10,2,0,1
516,1.0,37500,2021,10,4,0,1
246,1.0,46400,2021,10,5,0,1
553,1.0,36600,2021,10,6,0,1
1253,1.0,42300,2021,10,7,0,1
999,1.0,36000,2021,10,8,0,1
1879,1.0,47800,2021,10,9,0,1
1004,1.0,45900,2021,10,11,0,1
491,1.0,45800,2021,10,12,0,1
1257,1.0,38500,2021,10,13,0,1
1017,1.0,42500,2021,10,14,0,1
660,1.0,45900,2021,10,15,0,1
1497,1.0,44300,2021,10,16,0,1
273,1.0,43900,2021,10,18,0,1
365,1.0,44600,2021,10,19,0,1
233,1.0,45300,2021,10,20,0,1
1016,1.0,60800,2021,10,21,0,1
1633,1.0,44700,2021,10,22,0,1
3610,1.0,39200,2021,10,23,0,1
57,1.0,28900,2021,10,25,0,1
803,1.0,44400,2021,10,26,0,1
125,1.0,27400,2021,10,27,0,1
969,1.0,50300,2021,10,28,0,1
1587,1.0,54700,2021,10,29,0,1
2795,1.0,43400,2021,10,30,0,1
89,1.0,42400,2021,11,1,0,1
587,1.0,40700,2021,11,2,0,1
800,1.0,42200,2021,11,3,0,1
88,1.0,54100,2021,11,4,0,1
870,1.0,66900,2021,11,5,0,1
2115,1.0,65100,2021,11,6,0,1
457,1.0,62200,2021,11,8,0,1
368,1.0,58500,2021,11,9,0,1
482,1.0,46600,2021,11,10,0,1
318,1.0,47100,2021,11,11,0,1
625,1.0,58600,2021,11,12,0,1
2511,1.0,55300,2021,11,13,0,1
104,1.0,63400,2021,11,15,0,1
659,1.0,61800,2021,11,16,0,1
321,1.0,60200,2021,11,17,0,1
943,1.0,70300,2021,11,18,0,1
3321,1.0,62100,2021,11,19,0,1
2993,1.0,51400,2021,11,20,0,1
109,1.0,49100,2021,11,22,0,1
504,1.0,37700,2021,11,23,0,1
484,1.0,61200,2021,11,24,0,1
846,1.0,51600,2021,11,25,0,1
488,1.0,42500,2021,11,26,0,1
1377,1.0,44800,2021,11,27,0,1
363,1.0,55400,2021,11,29,0,1
165,1.0,55000,2021,11,30,0,1
399,1.0,50500,2021,12,2,0,1
529,1.0,52200,2021,12,3,0,1
707,1.0,67300,2021,12,4,0,1
60,1.0,79200,2021,12,6,0,1
1368,1.0,74500,2021,12,7,0,1
1197,1.0,72300,2021,12,8,0,1
1715,1.0,72700,2021,12,9,0,1
2532,1.0,58600,2021,12,10,0,1
1713,1.0,67600,2021,12,11,0,1
394,1.0,76100,2021,12,13,0,1
622,1.0,50200,2021,12,14,0,1
537,1.0,69100,2021,12,15,0,1
507,1.0,77200,2021,12,16,0,1
990,1.0,66900,2021,12,17,0,1
2006,1.0,74300,2021,12,18,0,1
24,1.0,74600,2021,12,21,0,1
1198,1.0,69700,2021,12,22,0,1
1912,1.0,79700,2021,12,23,0,1
4781,1.0,67400,2021,12,24,0,1
6456,1.0,66400,2021,12,25,0,1
350,1.0,59300,2021,12,27,0,1
135,1.0,75400,2021,12,28,0,1
1712,1.0,74600,2021,12,29,0,1
1527,1.0,88900,2021,12,30,0,1
5023,1.0,86200,2021,12,31,0,1
108,1.0,50600,2017,1,3,1,0
199,1.0,56600,2017,1,10,1,0
438,1.0,57500,2017,1,11,1,0
1072,1.0,45900,2017,1,12,1,0
273,1.0,48800,2017,1,13,1,0
771,1.0,54000,2017,1,14,1,0
375,1.0,51200,2017,1,16,1,0
311,1.0,47000,2017,1,17,1,0
440,1.0,55100,2017,1,18,1,0
652,1.0,57800,2017,1,19,1,0
1018,1.0,56600,2017,1,20,1,0
215,1.0,60500,2017,1,21,1,0
174,1.0,53600,2017,1,23,1,0
523,1.0,58400,2017,1,24,1,0
1044,1.0,39000,2017,1,25,1,0
692,1.0,40800,2017,1,26,1,0
689,1.0,51200,2017,1,27,1,0
822,1.0,42600,2017,2,1,1,0
319,1.0,42300,2017,2,2,1,0
1018,1.0,45200,2017,2,3,1,0
536,1.0,44600,2017,2,4,1,0
119,1.0,42400,2017,2,7,1,0
834,1.0,35400,2017,2,8,1,0
565,1.0,26800,2017,2,9,1,0
233,1.0,25500,2017,2,10,1,0
474,1.0,38400,2017,2,11,1,0
444,1.0,46900,2017,2,13,1,0
607,1.0,29600,2017,2,14,1,0
296,1.0,35400,2017,2,15,1,0
167,1.0,42400,2017,2,17,1,0
824,1.0,26900,2017,2,18,1,0
83,1.0,32200,2017,2,20,1,0
436,1.0,23100,2017,2,21,1,0
266,1.0,37900,2017,2,22,1,0
147,1.0,30300,2017,2,23,1,0
707,1.0,32300,2017,2,24,1,0
589,1.0,29500,2017,2,25,1,0
88,1.0,29800,2017,2,27,1,0
248,1.0,34300,2017,2,28,1,0
281,1.0,34300,2017,3,1,1,0
152,1.0,29800,2017,3,2,1,0
211,1.0,36700,2017,3,3,1,0
524,1.0,33800,2017,3,4,1,0
434,1.0,34500,2017,3,7,1,0
26,1.0,25200,2017,3,9,1,0
172,1.0,34800,2017,3,10,1,0
279,1.0,33000,2017,3,11,1,0
28,1.0,35800,2017,3,15,1,0
113,1.0,27500,2017,3,17,1,0
141,1.0,20200,2017,3,18,1,0
620,1.0,22100,2017,3,21,1,0
124,1.0,29700,2017,3,25,1,0
77,1.0,33400,2017,3,29,1,0
141,1.0,35300,2017,3,31,1,0
168,1.0,53300,2017,4,14,1,0
260,1.0,62500,2017,4,25,1,0
185,1.0,40600,2017,4,27,1,0
14,1.0,27100,2017,4,29,1,0
300,1.0,37800,2017,5,2,1,0
209,1.0,40900,2017,5,3,1,0
300,1.0,44300,2017,5,9,1,0
201,1.0,41800,2017,5,11,1,0
198,1.0,24200,2017,5,18,1,0
227,1.0,30600,2017,5,19,1,0
848,1.0,29700,2017,5,20,1,0
246,1.0,22600,2017,5,22,1,0
256,1.0,20800,2017,5,24,1,0
103,1.0,20900,2017,5,25,1,0
118,1.0,21000,2017,5,26,1,0
146,1.0,26800,2017,5,27,1,0
277,1.0,37600,2017,6,1,1,0
263,1.0,41700,2017,6,2,1,0
626,1.0,42800,2017,6,3,1,0
467,1.0,28900,2017,6,5,1,0
206,1.0,23900,2017,6,6,1,0
12,1.0,43100,2017,6,7,1,0
322,1.0,24400,2017,6,8,1,0
106,1.0,37600,2017,6,10,1,0
70,1.0,30700,2017,6,13,1,0
100,1.0,28900,2017,6,15,1,0
138,1.0,30400,2017,6,16,1,0
486,1.0,30000,2017,6,17,1,0
433,1.0,18900,2017,6,19,1,0
66,1.0,18900,2017,6,20,1,0
559,1.0,19600,2017,6,22,1,0
327,1.0,18500,2017,6,23,1,0
203,1.0,25600,2017,6,24,1,0
73,1.0,22900,2017,6,28,1,0
43,1.0,20100,2017,6,30,1,0
142,1.0,37100,2017,7,1,1,0
36,1.0,39400,2017,7,4,1,0
76,1.0,36100,2017,7,6,1,0
269,1.0,44200,2017,7,7,1,0
190,1.0,32800,2017,7,8,1,0
280,1.0,43000,2017,7,10,1,0
192,1.0,32300,2017,7,11,1,0
14,1.0,54800,2017,7,12,1,0
195,1.0,28800,2017,7,13,1,0
35,1.0,39300,2017,7,14,1,0
506,1.0,21500,2017,7,15,1,0
27,1.0,38000,2017,7,17,1,0
158,1.0,30900,2017,7,18,1,0
235,1.0,27100,2017,7,19,1,0
122,1.0,34300,2017,7,20,1,0
198,1.0,48600,2017,7,21,1,0
372,1.0,22400,2017,7,22,1,0
115,1.0,27900,2017,7,25,1,0
130,1.0,34600,2017,7,26,1,0
299,1.0,26000,2017,7,27,1,0
398,1.0,25100,2017,7,28,1,0
50,1.0,16200,2017,7,31,1,0
158,1.0,29000,2017,8,1,1,0
253,1.0,22400,2017,8,2,1,0
77,1.0,22300,2017,8,3,1,0
257,1.0,20100,2017,8,4,1,0
656,1.0,36000,2017,8,5,1,0
327,1.0,27700,2017,8,7,1,0
399,1.0,23400,2017,8,8,1,0
211,1.0,18100,2017,8,9,1,0
220,1.0,48400,2017,8,10,1,0
490,1.0,34900,2017,8,11,1,0
374,1.0,40600,2017,8,12,1,0
135,1.0,34400,2017,8,14,1,0
506,1.0,30700,2017,8,15,1,0
245,1.0,14000,2017,8,16,1,0
210,1.0,28800,2017,8,17,1,0
388,1.0,42000,2017,8,18,1,0
1109,1.0,33700,2017,8,19,1,0
188,1.0,29200,2017,8,21,1,0
479,1.0,21400,2017,8,22,1,0
557,1.0,28300,2017,8,23,1,0
433,1.0,31600,2017,8,24,1,0
436,1.0,31200,2017,8,25,1,0
954,1.0,32500,2017,8,26,1,0
244,1.0,15400,2017,8,28,1,0
302,1.0,28400,2017,8,29,1,0
484,1.0,24200,2017,8,30,1,0
604,1.0,29000,2017,8,31,1,0
417,1.0,23400,2017,9,1,1,0
646,1.0,27500,2017,9,2,1,0
231,1.0,31600,2017,9,4,1,0
728,1.0,27400,2017,9,5,1,0
954,1.0,25200,2017,9,6,1,0
598,1.0,26300,2017,9,7,1,0
895,1.0,31300,2017,9,8,1,0
1750,1.0,26000,2017,9,9,1,0
457,1.0,22400,2017,9,11,1,0
620,1.0,32500,2017,9,12,1,0
723,1.0,33900,2017,9,13,1,0
92,1.0,35700,2017,9,15,1,0
380,1.0,25800,2017,9,16,1,0
260,1.0,27200,2017,9,18,1,0
200,1.0,24000,2017,9,20,1,0
172,1.0,24600,2017,9,21,1,0
230,1.0,24000,2017,9,22,1,0
66,1.0,30700,2017,9,23,1,0
86,1.0,31200,2017,9,27,1,0
24,1.0,33500,2017,9,28,1,0
84,1.0,21800,2017,9,29,1,0
49,1.0,26800,2017,9,30,1,0
450,1.0,33100,2017,10,1,1,0
264,1.0,37400,2017,10,2,1,0
906,1.0,36100,2017,10,3,1,0
270,1.0,33500,2017,10,9,1,0
146,1.0,24300,2017,10,14,1,0
61,1.0,26500,2017,10,18,1,0
347,1.0,38100,2017,11,17,1,0
120,1.0,43700,2017,11,28,1,0
425,1.0,44600,2017,11,29,1,0
314,1.0,32100,2017,12,2,1,0
308,1.0,44100,2017,12,6,1,0
129,1.0,33000,2017,12,9,1,0
100,1.0,29000,2017,12,15,1,0
32,1.0,41200,2017,12,16,1,0
74,1.0,39900,2017,12,18,1,0
167,1.0,37800,2017,12,19,1,0
69,1.0,49100,2017,12,21,1,0
354,1.0,51700,2017,12,22,1,0
339,1.0,44300,2017,12,23,1,0
162,1.0,56600,2017,12,26,1,0
167,1.0,59200,2017,12,27,1,0
528,1.0,40400,2018,1,9,1,0
442,1.0,43000,2018,1,10,1,0
20,1.0,50000,2018,1,11,1,0
184,1.0,43300,2018,1,12,1,0
404,1.0,40200,2018,1,13,1,0
53,1.0,35400,2018,1,15,1,0
734,1.0,28500,2018,1,16,1,0
236,1.0,28800,2018,1,17,1,0
35,1.0,15400,2018,1,18,1,0
551,1.0,40200,2018,1,20,1,0
505,1.0,40700,2018,1,22,1,0
141,1.0,38900,2018,1,23,1,0
288,1.0,23900,2018,1,24,1,0
61,1.0,38000,2018,1,25,1,0
109,1.0,41000,2018,1,26,1,0
317,1.0,37500,2018,1,27,1,0
267,1.0,27500,2018,1,29,1,0
113,1.0,42000,2018,1,30,1,0
203,1.0,41100,2018,1,31,1,0
311,1.0,49500,2018,2,1,1,0
488,1.0,50200,2018,2,3,1,0
417,1.0,35400,2018,2,6,1,0
140,1.0,40000,2018,2,8,1,0
423,1.0,37300,2018,2,9,1,0
567,1.0,37500,2018,2,10,1,0
370,1.0,44500,2018,2,12,1,0
738,1.0,38900,2018,2,13,1,0
729,1.0,34900,2018,2,14,1,0
881,1.0,34500,2018,2,15,1,0
533,1.0,27200,2018,2,19,1,0
14,1.0,7900,2018,2,20,1,0
190,1.0,44600,2018,2,23,1,0
283,1.0,45700,2018,2,24,1,0
20,1.0,27600,2018,2,26,1,0
22,1.0,49900,2018,2,27,1,0
33,1.0,60000,2018,2,28,1,0
100,1.0,47800,2018,3,1,1,0
131,1.0,44000,2018,3,2,1,0
516,1.0,54400,2018,3,3,1,0
19,1.0,70000,2018,3,5,1,0
332,1.0,45600,2018,3,6,1,0
131,1.0,55600,2018,3,8,1,0
237,1.0,24200,2018,3,9,1,0
2,1.0,13000,2018,3,10,1,0
98,1.0,35300,2018,3,13,1,0
10,1.0,55000,2018,3,14,1,0
259,1.0,41500,2018,3,15,1,0
411,1.0,30500,2018,3,16,1,0
494,1.0,36500,2018,3,17,1,0
190,1.0,24800,2018,3,23,1,0
52,1.0,39000,2018,3,26,1,0
76,1.0,40700,2018,3,29,1,0
43,1.0,50900,2018,3,30,1,0
73,1.0,62800,2018,3,31,1,0
51,1.0,50700,2018,4,2,1,0
8,1.0,78000,2018,4,7,1,0
36,1.0,59300,2018,4,13,1,0
148,1.0,31700,2018,4,19,1,0
61,1.0,37400,2018,4,20,1,0
158,1.0,43000,2018,4,21,1,0
10,1.0,60000,2018,4,27,1,0
104,1.0,37000,2018,5,11,1,0
201,1.0,29500,2018,5,12,1,0
2,1.0,29000,2018,5,15,1,0
194,1.0,25600,2018,5,16,1,0
156,1.0,23600,2018,5,17,1,0
41,1.0,28900,2018,5,18,1,0
540,1.0,26500,2018,5,19,1,0
274,1.0,36400,2018,5,21,1,0
602,1.0,26200,2018,5,22,1,0
348,1.0,25000,2018,5,23,1,0
11,1.0,21300,2018,5,24,1,0
15,1.0,23600,2018,5,25,1,0
197,1.0,29500,2018,5,26,1,0
74,1.0,19200,2018,5,28,1,0
17,1.0,33500,2018,5,29,1,0
52,1.0,16200,2018,5,31,1,0
898,1.0,29100,2018,6,2,1,0
1079,1.0,21800,2018,6,4,1,0
122,1.0,23800,2018,6,5,1,0
459,1.0,28500,2018,6,6,1,0
177,1.0,31600,2018,6,8,1,0
534,1.0,20400,2018,6,9,1,0
49,1.0,20100,2018,6,12,1,0
158,1.0,27700,2018,6,13,1,0
155,1.0,31300,2018,6,14,1,0
99,1.0,27200,2018,6,15,1,0
551,1.0,25200,2018,6,16,1,0
194,1.0,19800,2018,6,18,1,0
224,1.0,26300,2018,6,19,1,0
97,1.0,17000,2018,6,20,1,0
217,1.0,24400,2018,6,21,1,0
64,1.0,13800,2018,6,22,1,0
127,1.0,34100,2018,6,23,1,0
43,1.0,42200,2018,6,25,1,0
60,1.0,21300,2018,6,26,1,0
29,1.0,23000,2018,6,27,1,0
81,1.0,26000,2018,6,28,1,0
309,1.0,30200,2018,6,29,1,0
215,1.0,30300,2018,6,30,1,0
111,1.0,23900,2018,7,2,1,0
46,1.0,29100,2018,7,3,1,0
276,1.0,24400,2018,7,4,1,0
285,1.0,29400,2018,7,5,1,0
206,1.0,25400,2018,7,6,1,0
222,1.0,30200,2018,7,7,1,0
238,1.0,32700,2018,7,9,1,0
206,1.0,24300,2018,7,10,1,0
158,1.0,24700,2018,7,11,1,0
9,1.0,17800,2018,7,12,1,0
458,1.0,35100,2018,7,13,1,0
915,1.0,28400,2018,7,14,1,0
206,1.0,31800,2018,7,16,1,0
335,1.0,28800,2018,7,17,1,0
336,1.0,34700,2018,7,18,1,0
87,1.0,21400,2018,7,19,1,0
596,1.0,35500,2018,7,20,1,0
619,1.0,42400,2018,7,21,1,0
411,1.0,28300,2018,7,23,1,0
587,1.0,23800,2018,7,24,1,0
335,1.0,35300,2018,7,25,1,0
618,1.0,29200,2018,7,26,1,0
998,1.0,29600,2018,7,27,1,0
448,1.0,23900,2018,7,30,1,0
362,1.0,24900,2018,7,31,1,0
623,1.0,22600,2018,8,1,1,0
434,1.0,26700,2018,8,2,1,0
912,1.0,26200,2018,8,3,1,0
795,1.0,30600,2018,8,4,1,0
681,1.0,30400,2018,8,6,1,0
455,1.0,25000,2018,8,7,1,0
400,1.0,26700,2018,8,8,1,0
312,1.0,27000,2018,8,9,1,0
967,1.0,25800,2018,8,10,1,0
701,1.0,32200,2018,8,11,1,0
240,1.0,32200,2018,8,13,1,0
567,1.0,40700,2018,8,14,1,0
610,1.0,42800,2018,8,15,1,0
411,1.0,41600,2018,8,16,1,0
978,1.0,36400,2018,8,17,1,0
1076,1.0,31700,2018,8,18,1,0
205,1.0,36700,2018,8,20,1,0
455,1.0,37000,2018,8,21,1,0
556,1.0,28300,2018,8,22,1,0
374,1.0,36000,2018,8,23,1,0
314,1.0,41000,2018,8,24,1,0
981,1.0,41800,2018,8,25,1,0
590,1.0,40200,2018,8,27,1,0
773,1.0,41600,2018,8,28,1,0
1242,1.0,37600,2018,8,29,1,0
79,1.0,24700,2018,8,30,1,0
375,1.0,37400,2018,8,31,1,0
1012,1.0,37200,2018,9,1,1,0
562,1.0,43300,2018,9,3,1,0
453,1.0,44300,2018,9,4,1,0
305,1.0,47500,2018,9,5,1,0
268,1.0,38700,2018,9,6,1,0
828,1.0,45800,2018,9,7,1,0
1813,1.0,36300,2018,9,8,1,0
1946,1.0,27500,2018,9,10,1,0
102,1.0,33300,2018,9,11,1,0
330,1.0,29300,2018,9,12,1,0
598,1.0,33400,2018,9,13,1,0
252,1.0,25300,2018,9,14,1,0
279,1.0,24400,2018,9,15,1,0
42,1.0,17800,2018,9,18,1,0
77,1.0,23700,2018,9,21,1,0
53,1.0,29100,2018,9,22,1,0
128,1.0,28600,2018,9,28,1,0
89,1.0,33900,2018,10,15,1,0
46,1.0,35700,2018,10,17,1,0
171,1.0,25300,2018,10,18,1,0
55,1.0,23700,2018,10,20,1,0
72,1.0,29000,2018,10,22,1,0
87,1.0,36700,2018,10,24,1,0
212,1.0,35200,2018,10,27,1,0
333,1.0,38100,2018,10,29,1,0
81,1.0,33700,2018,10,30,1,0
135,1.0,26300,2018,11,1,1,0
90,1.0,25200,2018,11,3,1,0
114,1.0,34900,2018,11,5,1,0
35,1.0,29800,2018,11,7,1,0
104,1.0,29700,2018,11,9,1,0
70,1.0,33400,2018,11,13,1,0
284,1.0,27800,2018,11,14,1,0
274,1.0,26900,2018,11,15,1,0
236,1.0,23000,2018,11,16,1,0
164,1.0,36500,2018,11,17,1,0
849,1.0,42300,2018,11,21,1,0
436,1.0,33900,2018,11,22,1,0
294,1.0,41700,2018,11,23,1,0
386,1.0,43900,2018,11,24,1,0
64,1.0,34800,2018,11,26,1,0
365,1.0,30900,2018,11,27,1,0
120,1.0,22100,2018,11,28,1,0
169,1.0,40900,2018,11,29,1,0
299,1.0,37500,2018,11,30,1,0
102,1.0,39700,2018,12,1,1,0
286,1.0,35500,2018,12,3,1,0
470,1.0,32800,2018,12,4,1,0
38,1.0,21600,2018,12,8,1,0
108,1.0,22400,2018,12,11,1,0
218,1.0,26000,2018,12,12,1,0
81,1.0,31900,2018,12,13,1,0
101,1.0,35700,2018,12,14,1,0
139,1.0,32800,2018,12,15,1,0
195,1.0,25100,2018,12,19,1,0
143,1.0,51700,2018,12,24,1,0
196,1.0,42200,2018,12,28,1,0
450,1.0,55500,2018,12,31,1,0
608,1.0,49700,2019,1,11,1,0
390,1.0,50200,2019,1,12,1,0
49,1.0,36200,2019,1,15,1,0
136,1.0,31200,2019,1,16,1,0
1292,1.0,39900,2019,1,19,1,0
313,1.0,41300,2019,1,21,1,0
63,1.0,36700,2019,1,22,1,0
385,1.0,37900,2019,1,24,1,0
205,1.0,45000,2019,1,25,1,0
738,1.0,42200,2019,1,26,1,0
560,1.0,49400,2019,1,28,1,0
470,1.0,40100,2019,1,29,1,0
842,1.0,38600,2019,1,30,1,0
540,1.0,40400,2019,1,31,1,0
336,1.0,40600,2019,2,1,1,0
792,1.0,35000,2019,2,2,1,0
252,1.0,60700,2019,2,4,1,0
285,1.0,63000,2019,2,8,1,0
224,1.0,63600,2019,2,9,1,0
273,1.0,25100,2019,2,12,1,0
206,1.0,38600,2019,2,15,1,0
60,1.0,40600,2019,2,18,1,0
41,1.0,41500,2019,2,19,1,0
55,1.0,32700,2019,2,20,1,0
4,1.0,42000,2019,2,21,1,0
66,1.0,43900,2019,2,22,1,0
946,1.0,52900,2019,2,23,1,0
92,1.0,52200,2019,2,26,1,0
130,1.0,46500,2019,2,27,1,0
140,1.0,40800,2019,2,28,1,0
38,1.0,41500,2019,3,1,1,0
28,1.0,40400,2019,3,2,1,0
80,1.0,33700,2019,3,4,1,0
244,1.0,39300,2019,3,5,1,0
130,1.0,41900,2019,3,6,1,0
377,1.0,61000,2019,3,8,1,0
271,1.0,52900,2019,3,9,1,0
9,1.0,72000,2019,3,11,1,0
94,1.0,44600,2019,3,12,1,0
142,1.0,61100,2019,3,13,1,0
102,1.0,73400,2019,3,14,1,0
296,1.0,59300,2019,3,15,1,0
403,1.0,64600,2019,3,16,1,0
198,1.0,64500,2019,3,18,1,0
81,1.0,43700,2019,3,19,1,0
94,1.0,59100,2019,3,20,1,0
116,1.0,53100,2019,3,21,1,0
364,1.0,62300,2019,3,22,1,0
35,1.0,59500,2019,3,23,1,0
192,1.0,13700,2019,3,26,1,0
29,1.0,30600,2019,3,27,1,0
168,1.0,41600,2019,3,29,1,0
97,1.0,29400,2019,4,2,1,0
15,1.0,35600,2019,4,3,1,0
132,1.0,58400,2019,4,5,1,0
113,1.0,53800,2019,4,6,1,0
172,1.0,43100,2019,4,9,1,0
318,1.0,67800,2019,4,12,1,0
4,1.0,65000,2019,4,16,1,0
74,1.0,43200,2019,4,18,1,0
191,1.0,40400,2019,4,19,1,0
316,1.0,15600,2019,4,20,1,0
12,1.0,39700,2019,4,22,1,0
58,1.0,36800,2019,4,24,1,0
42,1.0,48700,2019,4,25,1,0
121,1.0,19700,2019,4,26,1,0
201,1.0,24500,2019,4,27,1,0
67,1.0,21600,2019,4,30,1,0
90,1.0,33400,2019,5,1,1,0
201,1.0,23600,2019,5,3,1,0
142,1.0,29000,2019,5,4,1,0
228,1.0,43500,2019,5,6,1,0
67,1.0,18400,2019,5,11,1,0
61,1.0,7700,2019,5,14,1,0
502,1.0,9800,2019,5,17,1,0
78,1.0,12700,2019,5,20,1,0
277,1.0,11900,2019,5,27,1,0
101,1.0,21700,2019,5,31,1,0
439,1.0,17400,2019,6,6,1,0
302,1.0,18500,2019,6,8,1,0
238,1.0,25900,2019,6,14,1,0
393,1.0,25600,2019,6,15,1,0
418,1.0,24400,2019,6,17,1,0
245,1.0,25100,2019,6,19,1,0
57,1.0,33400,2019,6,20,1,0
625,1.0,29900,2019,6,21,1,0
647,1.0,29800,2019,6,22,1,0
250,1.0,25700,2019,6,24,1,0
95,1.0,38500,2019,6,25,1,0
397,1.0,38300,2019,6,26,1,0
142,1.0,30100,2019,6,27,1,0
18,1.0,45000,2019,6,28,1,0
18,1.0,37400,2019,6,29,1,0
16,1.0,27100,2019,7,1,1,0
112,1.0,30700,2019,7,2,1,0
2,1.0,38500,2019,7,3,1,0
11,1.0,26500,2019,7,4,1,0
408,1.0,25600,2019,7,5,1,0
174,1.0,29800,2019,7,6,1,0
52,1.0,35700,2019,7,8,1,0
44,1.0,37800,2019,7,9,1,0
54,1.0,49800,2019,7,10,1,0
35,1.0,45100,2019,7,11,1,0
5,1.0,40000,2019,7,12,1,0
248,1.0,35700,2019,7,13,1,0
36,1.0,35400,2019,7,15,1,0
110,1.0,36000,2019,7,18,1,0
332,1.0,40900,2019,7,20,1,0
82,1.0,47700,2019,7,23,1,0
375,1.0,48000,2019,7,24,1,0
142,1.0,55000,2019,7,25,1,0
549,1.0,39500,2019,7,26,1,0
87,1.0,39700,2019,7,29,1,0
124,1.0,29500,2019,7,30,1,0
138,1.0,27800,2019,7,31,1,0
77,1.0,35300,2019,8,1,1,0
166,1.0,40100,2019,8,2,1,0
933,1.0,32900,2019,8,3,1,0
93,1.0,48400,2019,8,5,1,0
62,1.0,34600,2019,8,6,1,0
65,1.0,24600,2019,8,7,1,0
141,1.0,44500,2019,8,8,1,0
459,1.0,47900,2019,8,9,1,0
503,1.0,41500,2019,8,10,1,0
48,1.0,55500,2019,8,12,1,0
373,1.0,26500,2019,8,13,1,0
179,1.0,24200,2019,8,14,1,0
175,1.0,47400,2019,8,15,1,0
52,1.0,36600,2019,8,16,1,0
512,1.0,32100,2019,8,17,1,0
86,1.0,30000,2019,8,19,1,0
207,1.0,41300,2019,8,20,1,0
320,1.0,47700,2019,8,21,1,0
193,1.0,36900,2019,8,22,1,0
105,1.0,40700,2019,8,23,1,0
516,1.0,43800,2019,8,24,1,0
117,1.0,53100,2019,8,26,1,0
475,1.0,41000,2019,8,27,1,0
875,1.0,46600,2019,8,28,1,0
965,1.0,38300,2019,8,29,1,0
305,1.0,41500,2019,8,30,1,0
555,1.0,55800,2019,8,31,1,0
239,1.0,51200,2019,9,2,1,0
549,1.0,52400,2019,9,3,1,0
625,1.0,42400,2019,9,4,1,0
580,1.0,44700,2019,9,5,1,0
372,1.0,57300,2019,9,6,1,0
1181,1.0,49800,2019,9,7,1,0
862,1.0,55100,2019,9,9,1,0
902,1.0,50200,2019,9,10,1,0
68,1.0,27100,2019,9,11,1,0
99,1.0,46100,2019,9,12,1,0
238,1.0,24900,2019,9,20,1,0
157,1.0,23400,2019,10,1,1,0
44,1.0,27300,2019,10,3,1,0
41,1.0,30100,2019,10,5,1,0
348,1.0,39600,2019,10,9,1,0
91,1.0,45200,2019,10,19,1,0
147,1.0,32400,2019,10,21,1,0
105,1.0,40900,2019,10,26,1,0
66,1.0,31500,2019,10,29,1,0
221,1.0,38600,2019,10,31,1,0
239,1.0,46300,2019,11,1,1,0
156,1.0,32700,2019,11,5,1,0
105,1.0,39500,2019,11,6,1,0
223,1.0,43300,2019,11,13,1,0
66,1.0,30500,2019,11,19,1,0
130,1.0,39400,2019,11,20,1,0
154,1.0,45200,2019,11,22,1,0
286,1.0,32300,2019,11,23,1,0
214,1.0,33600,2019,11,25,1,0
171,1.0,35200,2019,11,27,1,0
223,1.0,33900,2019,11,28,1,0
226,1.0,35800,2019,11,29,1,0
263,1.0,49000,2019,12,7,1,0
294,1.0,42500,2019,12,10,1,0
348,1.0,43400,2019,12,14,1,0
122,1.0,40000,2019,12,16,1,0
603,1.0,51200,2019,12,17,1,0
90,1.0,55200,2019,12,18,1,0
94,1.0,56700,2019,12,19,1,0
445,1.0,54000,2019,12,20,1,0
1094,1.0,66000,2019,12,24,1,0
114,1.0,58900,2019,12,25,1,0
42,1.0,36600,2019,12,27,1,0
625,1.0,66400,2019,12,31,1,0
151,1.0,30100,2020,1,3,1,0
41,1.0,36200,2020,1,7,1,0
20,1.0,48200,2020,1,8,1,0
451,1.0,35800,2020,1,9,1,0
232,1.0,25800,2020,1,10,1,0
601,1.0,41800,2020,1,11,1,0
67,1.0,39000,2020,1,14,1,0
374,1.0,34600,2020,1,15,1,0
458,1.0,50600,2020,1,16,1,0
15,1.0,40300,2020,1,17,1,0
182,1.0,39200,2020,1,18,1,0
258,1.0,49000,2020,1,20,1,0
358,1.0,44700,2020,1,21,1,0
498,1.0,49000,2020,1,22,1,0
361,1.0,49200,2020,1,23,1,0
585,1.0,53800,2020,1,24,1,0
130,1.0,45700,2020,1,28,1,0
215,1.0,56000,2020,1,29,1,0
176,1.0,54400,2020,1,30,1,0
1057,1.0,46300,2020,1,31,1,0
865,1.0,31600,2020,2,1,1,0
182,1.0,33200,2020,2,3,1,0
298,1.0,27100,2020,2,4,1,0
210,1.0,26400,2020,2,5,1,0
262,1.0,34400,2020,2,6,1,0
33,1.0,37400,2020,2,7,1,0
260,1.0,54100,2020,2,8,1,0
1276,1.0,47200,2020,2,10,1,0
112,1.0,46100,2020,2,11,1,0
22,1.0,54200,2020,2,13,1,0
78,1.0,54600,2020,2,14,1,0
277,1.0,78300,2020,2,15,1,0
417,1.0,80800,2020,2,17,1,0
658,1.0,76000,2020,2,18,1,0
163,1.0,78700,2020,2,19,1,0
212,1.0,76300,2020,2,20,1,0
473,1.0,84600,2020,2,21,1,0
1186,1.0,65900,2020,2,22,1,0
354,1.0,71400,2020,2,24,1,0
346,1.0,61500,2020,2,25,1,0
639,1.0,33900,2020,2,27,1,0
529,1.0,32500,2020,2,28,1,0
618,1.0,35600,2020,2,29,1,0
200,1.0,40000,2020,3,3,1,0
28,1.0,43600,2020,3,4,1,0
79,1.0,41600,2020,3,5,1,0
139,1.0,54500,2020,3,7,1,0
341,1.0,43900,2020,3,11,1,0
15,1.0,58800,2020,3,17,1,0
65,1.0,48500,2020,3,18,1,0
24,1.0,57700,2020,3,19,1,0
348,1.0,56200,2020,3,20,1,0
222,1.0,32000,2020,3,21,1,0
161,1.0,37000,2020,3,25,1,0
8,1.0,37900,2020,3,26,1,0
60,1.0,43500,2020,3,27,1,0
8,1.0,56500,2020,3,28,1,0
3,1.0,58500,2020,3,31,1,0
217,1.0,11900,2020,4,1,1,0
34,1.0,24200,2020,4,2,1,0
146,1.0,35600,2020,4,3,1,0
160,1.0,11000,2020,4,4,1,0
7,1.0,42600,2020,4,6,1,0
106,1.0,19000,2020,4,7,1,0
258,1.0,28700,2020,4,8,1,0
18,1.0,26300,2020,4,9,1,0
29,1.0,48600,2020,4,10,1,0
437,1.0,42000,2020,4,11,1,0
126,1.0,45100,2020,4,15,1,0
25,1.0,36400,2020,4,16,1,0
90,1.0,26400,2020,4,17,1,0
5,1.0,42000,2020,4,29,1,0
282,1.0,27400,2020,5,2,1,0
190,1.0,36200,2020,5,9,1,0
376,1.0,37200,2020,5,12,1,0
215,1.0,29600,2020,5,13,1,0
12,1.0,35300,2020,5,14,1,0
5,1.0,35500,2020,5,18,1,0
175,1.0,27400,2020,5,19,1,0
79,1.0,35000,2020,5,20,1,0
189,1.0,34400,2020,5,21,1,0
67,1.0,30800,2020,5,22,1,0
74,1.0,33500,2020,5,26,1,0
18,1.0,39100,2020,5,28,1,0
170,1.0,50100,2020,5,30,1,0
63,1.0,34600,2020,6,2,1,0
259,1.0,30400,2020,6,3,1,0
81,1.0,19200,2020,6,4,1,0
407,1.0,23400,2020,6,5,1,0
217,1.0,18000,2020,6,6,1,0
434,1.0,25500,2020,6,8,1,0
150,1.0,32700,2020,6,9,1,0
94,1.0,39000,2020,6,10,1,0
229,1.0,29800,2020,6,12,1,0
116,1.0,27600,2020,6,13,1,0
15,1.0,39600,2020,6,15,1,0
197,1.0,17000,2020,6,16,1,0
98,1.0,18700,2020,6,17,1,0
359,1.0,19300,2020,6,18,1,0
154,1.0,23100,2020,6,19,1,0
122,1.0,24500,2020,6,20,1,0
259,1.0,18400,2020,6,22,1,0
249,1.0,18400,2020,6,23,1,0
41,1.0,12700,2020,6,24,1,0
426,1.0,12300,2020,6,25,1,0
338,1.0,21300,2020,6,26,1,0
238,1.0,41500,2020,6,27,1,0
454,1.0,32400,2020,6,29,1,0
135,1.0,41500,2020,6,30,1,0
32,1.0,52000,2020,7,1,1,0
445,1.0,37000,2020,7,2,1,0
22,1.0,50200,2020,7,3,1,0
104,1.0,55700,2020,7,4,1,0
3,1.0,45000,2020,7,6,1,0
507,1.0,21200,2020,7,7,1,0
474,1.0,22800,2020,7,8,1,0
152,1.0,33000,2020,7,9,1,0
449,1.0,19900,2020,7,10,1,0
166,1.0,28300,2020,7,11,1,0
47,1.0,25400,2020,7,13,1,0
614,1.0,25800,2020,7,14,1,0
587,1.0,16200,2020,7,15,1,0
237,1.0,25000,2020,7,16,1,0
178,1.0,33900,2020,7,17,1,0
210,1.0,38400,2020,7,18,1,0
212,1.0,46600,2020,7,20,1,0
390,1.0,44600,2020,7,21,1,0
306,1.0,42400,2020,7,22,1,0
301,1.0,43200,2020,7,23,1,0
494,1.0,44100,2020,7,24,1,0
424,1.0,35200,2020,7,27,1,0
462,1.0,32200,2020,7,28,1,0
117,1.0,47900,2020,7,29,1,0
280,1.0,36100,2020,7,30,1,0
427,1.0,37800,2020,7,31,1,0
411,1.0,39900,2020,8,1,1,0
197,1.0,39700,2020,8,3,1,0
490,1.0,34000,2020,8,4,1,0
150,1.0,41300,2020,8,5,1,0
322,1.0,55400,2020,8,6,1,0
948,1.0,48500,2020,8,7,1,0
639,1.0,55000,2020,8,8,1,0
150,1.0,58700,2020,8,10,1,0
490,1.0,51400,2020,8,11,1,0
538,1.0,52900,2020,8,12,1,0
717,1.0,46700,2020,8,13,1,0
1922,1.0,43400,2020,8,14,1,0
1059,1.0,37500,2020,8,15,1,0
513,1.0,43200,2020,8,17,1,0
42,1.0,38600,2020,8,18,1,0
692,1.0,48900,2020,8,19,1,0
904,1.0,45600,2020,8,20,1,0
898,1.0,30100,2020,8,21,1,0
1586,1.0,27300,2020,8,22,1,0
677,1.0,24800,2020,8,24,1,0
490,1.0,27500,2020,8,25,1,0
370,1.0,29700,2020,8,26,1,0
504,1.0,24600,2020,8,27,1,0
522,1.0,27500,2020,8,28,1,0
536,1.0,39800,2020,8,29,1,0
189,1.0,45900,2020,8,31,1,0
492,1.0,33800,2020,9,1,1,0
699,1.0,29900,2020,9,2,1,0
194,1.0,44400,2020,9,3,1,0
382,1.0,37600,2020,9,4,1,0
354,1.0,36800,2020,9,5,1,0
142,1.0,41700,2020,9,7,1,0
454,1.0,59500,2020,9,8,1,0
483,1.0,53400,2020,9,9,1,0
167,1.0,41900,2020,9,10,1,0
278,1.0,68200,2020,9,11,1,0
418,1.0,39500,2020,9,12,1,0
13,1.0,68000,2020,9,14,1,0
34,1.0,38700,2020,9,17,1,0
258,1.0,54000,2020,9,26,1,0
324,1.0,64700,2020,9,29,1,0
746,1.0,53200,2020,9,30,1,0
168,1.0,48200,2020,10,9,1,0
58,1.0,33700,2020,10,15,1,0
20,1.0,25400,2020,10,16,1,0
101,1.0,37900,2020,10,17,1,0
85,1.0,41500,2020,10,20,1,0
54,1.0,27800,2020,10,21,1,0
406,1.0,37700,2020,10,23,1,0
345,1.0,36400,2020,10,24,1,0
112,1.0,33400,2020,10,27,1,0
284,1.0,40500,2020,10,30,1,0
207,1.0,6700,2020,11,3,1,0
185,1.0,28600,2020,11,10,1,0
217,1.0,40900,2020,11,13,1,0
148,1.0,43700,2020,11,14,1,0
81,1.0,44700,2020,11,18,1,0
124,1.0,48400,2020,11,20,1,0
313,1.0,34900,2020,11,21,1,0
139,1.0,33700,2020,11,26,1,0
103,1.0,31500,2020,11,28,1,0
210,1.0,44300,2020,12,1,1,0
75,1.0,38600,2020,12,2,1,0
423,1.0,34900,2020,12,3,1,0
162,1.0,47200,2020,12,4,1,0
263,1.0,45500,2020,12,5,1,0
31,1.0,41600,2020,12,7,1,0
327,1.0,36600,2020,12,8,1,0
309,1.0,39000,2020,12,9,1,0
767,1.0,35900,2020,12,10,1,0
37,1.0,49500,2020,12,11,1,0
313,1.0,47500,2020,12,12,1,0
98,1.0,49000,2020,12,14,1,0
333,1.0,44600,2020,12,15,1,0
27,1.0,49700,2020,12,16,1,0
208,1.0,39700,2020,12,17,1,0
340,1.0,43400,2020,12,18,1,0
407,1.0,42100,2020,12,19,1,0
37,1.0,40200,2020,12,21,1,0
42,1.0,59700,2020,12,23,1,0
77,1.0,45000,2020,12,24,1,0
14,1.0,52000,2020,12,26,1,0
278,1.0,62900,2020,12,31,1,0
296,1.0,55100,2021,1,5,1,0
29,1.0,45800,2021,1,6,1,0
208,1.0,53700,2021,1,7,1,0
24,1.0,50600,2021,1,8,1,0
90,1.0,61200,2021,1,9,1,0
88,1.0,67100,2021,1,11,1,0
254,1.0,65100,2021,1,12,1,0
153,1.0,49800,2021,1,13,1,0
80,1.0,55500,2021,1,14,1,0
514,1.0,54400,2021,1,15,1,0
676,1.0,57100,2021,1,16,1,0
249,1.0,46300,2021,1,19,1,0
464,1.0,34600,2021,1,20,1,0
24,1.0,49400,2021,1,21,1,0
399,1.0,48900,2021,1,22,1,0
308,1.0,52900,2021,1,23,1,0
318,1.0,54500,2021,1,26,1,0
307,1.0,56200,2021,1,27,1,0
200,1.0,46400,2021,1,28,1,0
312,1.0,65100,2021,1,29,1,0
860,1.0,61800,2021,1,30,1,0
1045,1.0,54500,2021,2,1,1,0
509,1.0,50500,2021,2,2,1,0
208,1.0,45600,2021,2,3,1,0
392,1.0,44300,2021,2,4,1,0
329,1.0,48000,2021,2,5,1,0
1313,1.0,57900,2021,2,6,1,0
348,1.0,53100,2021,2,8,1,0
447,1.0,40900,2021,2,9,1,0
740,1.0,56300,2021,2,10,1,0
1138,1.0,51000,2021,2,11,1,0
192,1.0,27700,2021,2,15,1,0
37,1.0,45000,2021,2,17,1,0
216,1.0,73300,2021,2,18,1,0
397,1.0,72800,2021,2,19,1,0
646,1.0,70900,2021,2,20,1,0
95,1.0,55600,2021,2,22,1,0
3,1.0,80000,2021,2,23,1,0
87,1.0,64900,2021,2,24,1,0
9,1.0,49400,2021,2,26,1,0
736,1.0,88800,2021,2,27,1,0
179,1.0,59100,2021,3,3,1,0
127,1.0,86900,2021,3,6,1,0
510,1.0,75900,2021,3,9,1,0
142,1.0,75500,2021,3,10,1,0
259,1.0,45300,2021,3,11,1,0
358,1.0,73500,2021,3,12,1,0
807,1.0,71800,2021,3,13,1,0
41,1.0,91000,2021,3,15,1,0
139,1.0,77200,2021,3,16,1,0
24,1.0,85400,2021,3,18,1,0
402,1.0,87100,2021,3,19,1,0
552,1.0,90700,2021,3,20,1,0
157,1.0,36700,2021,3,23,1,0
190,1.0,59500,2021,3,24,1,0
166,1.0,41200,2021,3,25,1,0
215,1.0,44400,2021,3,26,1,0
1052,1.0,64400,2021,3,27,1,0
374,1.0,38600,2021,4,2,1,0
1426,1.0,49200,2021,4,3,1,0
378,1.0,34800,2021,4,5,1,0
278,1.0,37900,2021,4,6,1,0
311,1.0,42700,2021,4,7,1,0
356,1.0,46100,2021,4,8,1,0
77,1.0,63600,2021,4,13,1,0
16,1.0,19000,2021,4,14,1,0
147,1.0,79800,2021,4,16,1,0
183,1.0,56200,2021,4,17,1,0
160,1.0,28300,2021,4,20,1,0
309,1.0,21600,2021,4,21,1,0
76,1.0,22900,2021,4,27,1,0
349,1.0,44500,2021,4,29,1,0
560,1.0,42400,2021,4,30,1,0
988,1.0,30000,2021,5,1,1,0
105,1.0,36500,2021,5,4,1,0
304,1.0,39500,2021,5,5,1,0
421,1.0,33100,2021,5,7,1,0
64,1.0,34200,2021,5,8,1,0
329,1.0,31900,2021,5,11,1,0
249,1.0,26500,2021,5,12,1,0
32,1.0,40400,2021,5,13,1,0
35,1.0,19200,2021,5,15,1,0
75,1.0,25300,2021,5,18,1,0
403,1.0,18200,2021,5,19,1,0
147,1.0,27900,2021,5,21,1,0
465,1.0,12000,2021,5,22,1,0
20,1.0,18500,2021,5,24,1,0
14,1.0,19000,2021,5,25,1,0
9,1.0,15000,2021,5,26,1,0
124,1.0,29400,2021,5,28,1,0
331,1.0,31800,2021,5,29,1,0
25,1.0,35000,2021,5,31,1,0
196,1.0,30600,2021,6,1,1,0
216,1.0,26900,2021,6,2,1,0
197,1.0,23900,2021,6,3,1,0
446,1.0,29600,2021,6,4,1,0
213,1.0,22600,2021,6,5,1,0
248,1.0,18000,2021,6,7,1,0
134,1.0,29300,2021,6,8,1,0
367,1.0,38100,2021,6,9,1,0
131,1.0,42100,2021,6,10,1,0
143,1.0,28900,2021,6,11,1,0
472,1.0,44900,2021,6,12,1,0
200,1.0,33900,2021,6,14,1,0
358,1.0,28800,2021,6,15,1,0
317,1.0,30600,2021,6,16,1,0
175,1.0,30400,2021,6,17,1,0
352,1.0,31400,2021,6,18,1,0
804,1.0,37300,2021,6,19,1,0
216,1.0,31600,2021,6,21,1,0
418,1.0,28500,2021,6,22,1,0
217,1.0,28100,2021,6,23,1,0
279,1.0,38500,2021,6,24,1,0
500,1.0,42100,2021,6,25,1,0
636,1.0,32000,2021,6,26,1,0
50,1.0,37100,2021,6,29,1,0
305,1.0,30000,2021,6,30,1,0
85,1.0,40200,2021,7,1,1,0
425,1.0,50100,2021,7,2,1,0
677,1.0,38300,2021,7,3,1,0
181,1.0,39000,2021,7,6,1,0
30,1.0,52100,2021,7,8,1,0
47,1.0,43900,2021,7,9,1,0
763,1.0,60600,2021,7,10,1,0
185,1.0,43600,2021,7,13,1,0
359,1.0,40600,2021,7,14,1,0
215,1.0,36500,2021,7,15,1,0
414,1.0,63600,2021,7,16,1,0
402,1.0,66600,2021,7,17,1,0
214,1.0,43700,2021,7,19,1,0
529,1.0,47400,2021,7,20,1,0
57,1.0,39500,2021,7,21,1,0
287,1.0,50500,2021,7,22,1,0
11,1.0,48600,2021,7,23,1,0
421,1.0,52400,2021,7,24,1,0
385,1.0,62700,2021,7,27,1,0
332,1.0,67400,2021,7,28,1,0
230,1.0,67400,2021,7,29,1,0
662,1.0,76200,2021,7,30,1,0
143,1.0,46500,2021,8,2,1,0
76,1.0,49400,2021,8,3,1,0
1022,1.0,56000,2021,8,4,1,0
156,1.0,40100,2021,8,5,1,0
894,1.0,54600,2021,8,6,1,0
629,1.0,63300,2021,8,7,1,0
178,1.0,34800,2021,8,9,1,0
107,1.0,40800,2021,8,10,1,0
284,1.0,43400,2021,8,11,1,0
300,1.0,67500,2021,8,12,1,0
551,1.0,55200,2021,8,13,1,0
887,1.0,38100,2021,8,14,1,0
86,1.0,54100,2021,8,16,1,0
42,1.0,33700,2021,8,17,1,0
395,1.0,37800,2021,8,18,1,0
420,1.0,41500,2021,8,19,1,0
196,1.0,58700,2021,8,20,1,0
502,1.0,54600,2021,8,21,1,0
151,1.0,51500,2021,8,24,1,0
1012,1.0,58000,2021,8,25,1,0
642,1.0,45400,2021,8,26,1,0
735,1.0,58700,2021,8,27,1,0
568,1.0,40900,2021,8,28,1,0
369,1.0,46800,2021,8,31,1,0
123,1.0,43800,2021,9,1,1,0
272,1.0,58100,2021,9,2,1,0
371,1.0,58500,2021,9,3,1,0
1029,1.0,61600,2021,9,4,1,0
36,1.0,60600,2021,9,6,1,0
304,1.0,63700,2021,9,7,1,0
838,1.0,69300,2021,9,8,1,0
554,1.0,73100,2021,9,9,1,0
524,1.0,73000,2021,9,10,1,0
688,1.0,70400,2021,9,11,1,0
28,1.0,35200,2021,9,14,1,0
115,1.0,48700,2021,9,16,1,0
299,1.0,60500,2021,9,24,1,0
158,1.0,75600,2021,9,25,1,0
288,1.0,74100,2021,10,9,1,0
133,1.0,73300,2021,10,11,1,0
333,1.0,71900,2021,10,16,1,0
14,1.0,34000,2021,10,26,1,0
288,1.0,75800,2021,10,29,1,0
125,1.0,82300,2021,10,30,1,0
240,1.0,44100,2021,11,2,1,0
104,1.0,4000,2021,11,3,1,0
38,1.0,58000,2021,11,4,1,0
158,1.0,85700,2021,11,5,1,0
282,1.0,76300,2021,11,6,1,0
99,1.0,85000,2021,11,12,1,0
213,1.0,72100,2021,11,13,1,0
333,1.0,31300,2021,11,15,1,0
111,1.0,89000,2021,11,16,1,0
161,1.0,87100,2021,11,17,1,0
182,1.0,68700,2021,11,19,1,0
157,1.0,57200,2021,11,20,1,0
164,1.0,48300,2021,11,23,1,0
72,1.0,1500,2021,11,24,1,0
157,1.0,44100,2021,11,26,1,0
374,1.0,42500,2021,11,27,1,0
162,1.0,82300,2021,12,8,1,0
151,1.0,77400,2021,12,9,1,0
122,1.0,75700,2021,12,11,1,0
149,1.0,74200,2021,12,18,1,0
130,1.0,83400,2021,12,21,1,0
296,1.0,86500,2021,12,23,1,0
83,1.0,69100,2021,12,25,1,0
76,1.0,71500,2021,12,31,1,0
